cell,leg,rep,nul,pos,con,read,inp,spell,outcome,msg,expected
c00000,A,i32,0,const_local,direct,print,0,inline,correct,,7|1
c00001,A,i32,0,const_local,direct,print,1,inline,correct,,8|1
c00002,A,i32,0,const_local,is_t,print,0,inline,correct,,7|1
c00003,A,i32,0,const_local,is_t,print,1,inline,correct,,8|1
c00004,A,i32,0,const_local,eqcmp,print,0,inline,correct,,true|1
c00005,A,i32,0,const_local,eqcmp,print,1,inline,correct,,false|1
c00006,A,i32,0,const_local,coalesce,print,0,inline,loud_emit_reject,emitProgram: `??` is only supported on a map index get,7|1
c00007,A,i32,0,const_local,coalesce,print,1,inline,loud_emit_reject,emitProgram: `??` is only supported on a map index get,8|1
c00008,A,i32,0,const_local,printdirect,print,0,inline,correct,,7|1
c00009,A,i32,0,const_local,printdirect,print,1,inline,correct,,8|1
c00010,A,i32,0,let_local,direct,print,0,inline,correct,,7|1
c00011,A,i32,0,let_local,direct,print,1,inline,correct,,8|1
c00012,A,i32,0,let_local,is_t,print,0,inline,correct,,7|1
c00013,A,i32,0,let_local,is_t,print,1,inline,correct,,8|1
c00014,A,i32,0,let_local,eqcmp,print,0,inline,correct,,true|1
c00015,A,i32,0,let_local,eqcmp,print,1,inline,correct,,false|1
c00016,A,i32,0,let_local,coalesce,print,0,inline,loud_emit_reject,emitProgram: `??` is only supported on a map index get,7|1
c00017,A,i32,0,let_local,coalesce,print,1,inline,loud_emit_reject,emitProgram: `??` is only supported on a map index get,8|1
c00018,A,i32,0,let_local,printdirect,print,0,inline,correct,,7|1
c00019,A,i32,0,let_local,printdirect,print,1,inline,correct,,8|1
c00020,A,i32,0,param,direct,print,0,inline,correct,,7|1
c00021,A,i32,0,param,direct,print,1,inline,correct,,8|1
c00022,A,i32,0,param,is_t,print,0,inline,correct,,7|1
c00023,A,i32,0,param,is_t,print,1,inline,correct,,8|1
c00024,A,i32,0,param,eqcmp,print,0,inline,correct,,true|1
c00025,A,i32,0,param,eqcmp,print,1,inline,correct,,false|1
c00026,A,i32,0,param,coalesce,print,0,inline,loud_emit_reject,emitProgram: `??` is only supported on a map index get,7|1
c00027,A,i32,0,param,coalesce,print,1,inline,loud_emit_reject,emitProgram: `??` is only supported on a map index get,8|1
c00028,A,i32,0,param,printdirect,print,0,inline,correct,,7|1
c00029,A,i32,0,param,printdirect,print,1,inline,correct,,8|1
c00030,A,i32,0,ret_unann,direct,print,0,inline,correct,,7|1
c00031,A,i32,0,ret_unann,direct,print,1,inline,correct,,8|1
c00032,A,i32,0,ret_unann,is_t,print,0,inline,correct,,7|1
c00033,A,i32,0,ret_unann,is_t,print,1,inline,correct,,8|1
c00034,A,i32,0,ret_unann,eqcmp,print,0,inline,correct,,true|1
c00035,A,i32,0,ret_unann,eqcmp,print,1,inline,correct,,false|1
c00036,A,i32,0,ret_unann,coalesce,print,0,inline,loud_emit_reject,emitProgram: `??` is only supported on a map index get,7|1
c00037,A,i32,0,ret_unann,coalesce,print,1,inline,loud_emit_reject,emitProgram: `??` is only supported on a map index get,8|1
c00038,A,i32,0,ret_unann,printdirect,print,0,inline,correct,,7|1
c00039,A,i32,0,ret_unann,printdirect,print,1,inline,correct,,8|1
c00040,A,i32,0,ret_ann,direct,print,0,inline,correct,,7|1
c00041,A,i32,0,ret_ann,direct,print,1,inline,correct,,8|1
c00042,A,i32,0,ret_ann,is_t,print,0,inline,correct,,7|1
c00043,A,i32,0,ret_ann,is_t,print,1,inline,correct,,8|1
c00044,A,i32,0,ret_ann,eqcmp,print,0,inline,correct,,true|1
c00045,A,i32,0,ret_ann,eqcmp,print,1,inline,correct,,false|1
c00046,A,i32,0,ret_ann,coalesce,print,0,inline,loud_emit_reject,emitProgram: `??` is only supported on a map index get,7|1
c00047,A,i32,0,ret_ann,coalesce,print,1,inline,loud_emit_reject,emitProgram: `??` is only supported on a map index get,8|1
c00048,A,i32,0,ret_ann,printdirect,print,0,inline,correct,,7|1
c00049,A,i32,0,ret_ann,printdirect,print,1,inline,correct,,8|1
c00050,A,i32,0,global,direct,print,0,inline,correct,,7|1
c00051,A,i32,0,global,direct,print,1,inline,correct,,8|1
c00052,A,i32,0,global,is_t,print,0,inline,correct,,7|1
c00053,A,i32,0,global,is_t,print,1,inline,correct,,8|1
c00054,A,i32,0,global,eqcmp,print,0,inline,correct,,true|1
c00055,A,i32,0,global,eqcmp,print,1,inline,correct,,false|1
c00056,A,i32,0,global,coalesce,print,0,inline,loud_emit_reject,emitProgram: `??` is only supported on a map index get,7|1
c00057,A,i32,0,global,coalesce,print,1,inline,loud_emit_reject,emitProgram: `??` is only supported on a map index get,8|1
c00058,A,i32,0,global,printdirect,print,0,inline,correct,,7|1
c00059,A,i32,0,global,printdirect,print,1,inline,correct,,8|1
c00060,A,i32,0,field,direct,print,0,inline,correct,,7|1
c00061,A,i32,0,field,direct,print,1,inline,correct,,8|1
c00062,A,i32,0,field,is_t,print,0,inline,correct,,7|1
c00063,A,i32,0,field,is_t,print,1,inline,correct,,8|1
c00064,A,i32,0,field,eqcmp,print,0,inline,correct,,true|1
c00065,A,i32,0,field,eqcmp,print,1,inline,correct,,false|1
c00066,A,i32,0,field,coalesce,print,0,inline,loud_emit_reject,emitProgram: `??` is only supported on a map index get,7|1
c00067,A,i32,0,field,coalesce,print,1,inline,loud_emit_reject,emitProgram: `??` is only supported on a map index get,8|1
c00068,A,i32,0,field,printdirect,print,0,inline,correct,,7|1
c00069,A,i32,0,field,printdirect,print,1,inline,correct,,8|1
c00070,A,i32,0,elem,direct,print,0,inline,correct,,7|1
c00071,A,i32,0,elem,direct,print,1,inline,correct,,8|1
c00072,A,i32,0,elem,is_t,print,0,inline,correct,,7|1
c00073,A,i32,0,elem,is_t,print,1,inline,correct,,8|1
c00074,A,i32,0,elem,eqcmp,print,0,inline,correct,,true|1
c00075,A,i32,0,elem,eqcmp,print,1,inline,correct,,false|1
c00076,A,i32,0,elem,coalesce,print,0,inline,loud_emit_reject,emitProgram: `??` is only supported on a map index get,7|1
c00077,A,i32,0,elem,coalesce,print,1,inline,loud_emit_reject,emitProgram: `??` is only supported on a map index get,8|1
c00078,A,i32,0,elem,printdirect,print,0,inline,correct,,7|1
c00079,A,i32,0,elem,printdirect,print,1,inline,correct,,8|1
c00080,A,i32,0,mapval,direct,print,0,inline,loud_check_reject,"[ERROR]: print of a union value (i32?) is type-valid but not yet supported by codegen — narrow it first, e.g. `if v is i32 { print(v) }`",7|1
c00081,A,i32,0,mapval,direct,print,1,inline,loud_check_reject,"[ERROR]: print of a union value (i32?) is type-valid but not yet supported by codegen — narrow it first, e.g. `if v is i32 { print(v) }`",8|1
c00082,A,i32,0,mapval,is_t,print,0,inline,loud_emit_reject,emitProgram: `is` test but no union type declared,7|1
c00083,A,i32,0,mapval,is_t,print,1,inline,loud_emit_reject,emitProgram: `is` test but no union type declared,8|1
c00084,A,i32,0,mapval,eqcmp,print,0,inline,correct,,true|1
c00085,A,i32,0,mapval,eqcmp,print,1,inline,correct,,false|1
c00086,A,i32,0,mapval,coalesce,print,0,inline,loud_emit_reject,emitProgram: `??` is only supported on a map index get,7|1
c00087,A,i32,0,mapval,coalesce,print,1,inline,loud_emit_reject,emitProgram: `??` is only supported on a map index get,8|1
c00088,A,i32,0,mapval,printdirect,print,0,inline,loud_check_reject,"[ERROR]: print of a union value (i32?) is type-valid but not yet supported by codegen — narrow it first, e.g. `if v is i32 { print(v) }`",7|1
c00089,A,i32,0,mapval,printdirect,print,1,inline,loud_check_reject,"[ERROR]: print of a union value (i32?) is type-valid but not yet supported by codegen — narrow it first, e.g. `if v is i32 { print(v) }`",8|1
c00090,A,i32,0,capture,direct,print,0,inline,correct,,7|1
c00091,A,i32,0,capture,direct,print,1,inline,correct,,8|1
c00092,A,i32,0,capture,is_t,print,0,inline,correct,,7|1
c00093,A,i32,0,capture,is_t,print,1,inline,correct,,8|1
c00094,A,i32,0,capture,eqcmp,print,0,inline,correct,,true|1
c00095,A,i32,0,capture,eqcmp,print,1,inline,correct,,false|1
c00096,A,i32,0,capture,coalesce,print,0,inline,loud_emit_reject,emitProgram: `??` is only supported on a map index get,7|1
c00097,A,i32,0,capture,coalesce,print,1,inline,loud_emit_reject,emitProgram: `??` is only supported on a map index get,8|1
c00098,A,i32,0,capture,printdirect,print,0,inline,correct,,7|1
c00099,A,i32,0,capture,printdirect,print,1,inline,correct,,8|1
c00100,A,i32,0,loopvar,direct,print,0,inline,correct,,7|1
c00101,A,i32,0,loopvar,direct,print,1,inline,correct,,8|1
c00102,A,i32,0,loopvar,is_t,print,0,inline,correct,,7|1
c00103,A,i32,0,loopvar,is_t,print,1,inline,correct,,8|1
c00104,A,i32,0,loopvar,eqcmp,print,0,inline,correct,,true|1
c00105,A,i32,0,loopvar,eqcmp,print,1,inline,correct,,false|1
c00106,A,i32,0,loopvar,coalesce,print,0,inline,loud_emit_reject,emitProgram: `??` is only supported on a map index get,7|1
c00107,A,i32,0,loopvar,coalesce,print,1,inline,loud_emit_reject,emitProgram: `??` is only supported on a map index get,8|1
c00108,A,i32,0,loopvar,printdirect,print,0,inline,correct,,7|1
c00109,A,i32,0,loopvar,printdirect,print,1,inline,correct,,8|1
c00110,A,i32,1,const_local,nenull,print,0,inline,correct,,7|1
c00111,A,i32,1,const_local,nenull,print,1,inline,correct,,NUL|1
c00112,A,i32,1,const_local,eqnull_else,print,0,inline,correct,,7|1
c00113,A,i32,1,const_local,eqnull_else,print,1,inline,correct,,NUL|1
c00114,A,i32,1,const_local,is_t,print,0,inline,correct,,7|1
c00115,A,i32,1,const_local,is_t,print,1,inline,correct,,NUL|1
c00116,A,i32,1,const_local,match_null,print,0,inline,correct,,7|1
c00117,A,i32,1,const_local,match_null,print,1,inline,correct,,NUL|1
c00118,A,i32,1,const_local,andguard,print,0,inline,correct,,true|1
c00119,A,i32,1,const_local,andguard,print,1,inline,correct,,false|1
c00120,A,i32,1,const_local,coalesce,print,0,inline,correct,,7|1
c00121,A,i32,1,const_local,coalesce,print,1,inline,correct,,0|1
c00122,A,i32,1,const_local,printdirect,print,0,inline,loud_check_reject,"[ERROR]: print of a union value (i32?) is type-valid but not yet supported by codegen — narrow it first, e.g. `if v is i32 { print(v) }`",7|1
c00123,A,i32,1,const_local,printdirect,print,1,inline,loud_check_reject,"[ERROR]: print of a union value (i32?) is type-valid but not yet supported by codegen — narrow it first, e.g. `if v is i32 { print(v) }`",null|1
c00124,A,i32,1,const_local,eqnullcmp,print,0,inline,correct,,false|1
c00125,A,i32,1,const_local,eqnullcmp,print,1,inline,correct,,true|1
c00126,A,i32,1,const_local,while_g,print,0,inline,correct,,7|1
c00127,A,i32,1,const_local,while_g,print,1,inline,correct,,NUL|1
c00128,A,i32,1,let_local,nenull,print,0,inline,correct,,7|1
c00129,A,i32,1,let_local,nenull,print,1,inline,correct,,NUL|1
c00130,A,i32,1,let_local,eqnull_else,print,0,inline,correct,,7|1
c00131,A,i32,1,let_local,eqnull_else,print,1,inline,correct,,NUL|1
c00132,A,i32,1,let_local,is_t,print,0,inline,correct,,7|1
c00133,A,i32,1,let_local,is_t,print,1,inline,correct,,NUL|1
c00134,A,i32,1,let_local,match_null,print,0,inline,correct,,7|1
c00135,A,i32,1,let_local,match_null,print,1,inline,correct,,NUL|1
c00136,A,i32,1,let_local,andguard,print,0,inline,correct,,true|1
c00137,A,i32,1,let_local,andguard,print,1,inline,correct,,false|1
c00138,A,i32,1,let_local,coalesce,print,0,inline,correct,,7|1
c00139,A,i32,1,let_local,coalesce,print,1,inline,correct,,0|1
c00140,A,i32,1,let_local,printdirect,print,0,inline,loud_check_reject,"[ERROR]: print of a union value (i32?) is type-valid but not yet supported by codegen — narrow it first, e.g. `if v is i32 { print(v) }`",7|1
c00141,A,i32,1,let_local,printdirect,print,1,inline,loud_check_reject,"[ERROR]: print of a union value (i32?) is type-valid but not yet supported by codegen — narrow it first, e.g. `if v is i32 { print(v) }`",null|1
c00142,A,i32,1,let_local,eqnullcmp,print,0,inline,correct,,false|1
c00143,A,i32,1,let_local,eqnullcmp,print,1,inline,correct,,true|1
c00144,A,i32,1,let_local,while_g,print,0,inline,correct,,7|1
c00145,A,i32,1,let_local,while_g,print,1,inline,correct,,NUL|1
c00146,A,i32,1,param,nenull,print,0,inline,correct,,7|1
c00147,A,i32,1,param,nenull,print,1,inline,correct,,NUL|1
c00148,A,i32,1,param,eqnull_else,print,0,inline,correct,,7|1
c00149,A,i32,1,param,eqnull_else,print,1,inline,correct,,NUL|1
c00150,A,i32,1,param,is_t,print,0,inline,correct,,7|1
c00151,A,i32,1,param,is_t,print,1,inline,correct,,NUL|1
c00152,A,i32,1,param,match_null,print,0,inline,correct,,7|1
c00153,A,i32,1,param,match_null,print,1,inline,correct,,NUL|1
c00154,A,i32,1,param,andguard,print,0,inline,correct,,true|1
c00155,A,i32,1,param,andguard,print,1,inline,correct,,false|1
c00156,A,i32,1,param,coalesce,print,0,inline,correct,,7|1
c00157,A,i32,1,param,coalesce,print,1,inline,correct,,0|1
c00158,A,i32,1,param,printdirect,print,0,inline,loud_check_reject,"[ERROR]: print of a union value (i32?) is type-valid but not yet supported by codegen — narrow it first, e.g. `if v is i32 { print(v) }`",7|1
c00159,A,i32,1,param,printdirect,print,1,inline,loud_check_reject,"[ERROR]: print of a union value (i32?) is type-valid but not yet supported by codegen — narrow it first, e.g. `if v is i32 { print(v) }`",null|1
c00160,A,i32,1,param,eqnullcmp,print,0,inline,correct,,false|1
c00161,A,i32,1,param,eqnullcmp,print,1,inline,correct,,true|1
c00162,A,i32,1,param,while_g,print,0,inline,correct,,7|1
c00163,A,i32,1,param,while_g,print,1,inline,correct,,NUL|1
c00164,A,i32,1,ret_unann,nenull,print,0,inline,correct,,7|1
c00165,A,i32,1,ret_unann,nenull,print,1,inline,correct,,NUL|1
c00166,A,i32,1,ret_unann,eqnull_else,print,0,inline,correct,,7|1
c00167,A,i32,1,ret_unann,eqnull_else,print,1,inline,correct,,NUL|1
c00168,A,i32,1,ret_unann,is_t,print,0,inline,correct,,7|1
c00169,A,i32,1,ret_unann,is_t,print,1,inline,correct,,NUL|1
c00170,A,i32,1,ret_unann,match_null,print,0,inline,correct,,7|1
c00171,A,i32,1,ret_unann,match_null,print,1,inline,correct,,NUL|1
c00172,A,i32,1,ret_unann,andguard,print,0,inline,correct,,true|1
c00173,A,i32,1,ret_unann,andguard,print,1,inline,correct,,false|1
c00174,A,i32,1,ret_unann,coalesce,print,0,inline,correct,,7|1
c00175,A,i32,1,ret_unann,coalesce,print,1,inline,correct,,0|1
c00176,A,i32,1,ret_unann,printdirect,print,0,inline,loud_check_reject,"[ERROR]: print of a union value (i32?) is type-valid but not yet supported by codegen — narrow it first, e.g. `if v is i32 { print(v) }`",7|1
c00177,A,i32,1,ret_unann,printdirect,print,1,inline,loud_check_reject,"[ERROR]: print of a union value (i32?) is type-valid but not yet supported by codegen — narrow it first, e.g. `if v is i32 { print(v) }`",null|1
c00178,A,i32,1,ret_unann,eqnullcmp,print,0,inline,correct,,false|1
c00179,A,i32,1,ret_unann,eqnullcmp,print,1,inline,correct,,true|1
c00180,A,i32,1,ret_unann,while_g,print,0,inline,correct,,7|1
c00181,A,i32,1,ret_unann,while_g,print,1,inline,correct,,NUL|1
c00182,A,i32,1,ret_ann,nenull,print,0,inline,correct,,7|1
c00183,A,i32,1,ret_ann,nenull,print,1,inline,correct,,NUL|1
c00184,A,i32,1,ret_ann,eqnull_else,print,0,inline,correct,,7|1
c00185,A,i32,1,ret_ann,eqnull_else,print,1,inline,correct,,NUL|1
c00186,A,i32,1,ret_ann,is_t,print,0,inline,correct,,7|1
c00187,A,i32,1,ret_ann,is_t,print,1,inline,correct,,NUL|1
c00188,A,i32,1,ret_ann,match_null,print,0,inline,correct,,7|1
c00189,A,i32,1,ret_ann,match_null,print,1,inline,correct,,NUL|1
c00190,A,i32,1,ret_ann,andguard,print,0,inline,correct,,true|1
c00191,A,i32,1,ret_ann,andguard,print,1,inline,correct,,false|1
c00192,A,i32,1,ret_ann,coalesce,print,0,inline,correct,,7|1
c00193,A,i32,1,ret_ann,coalesce,print,1,inline,correct,,0|1
c00194,A,i32,1,ret_ann,printdirect,print,0,inline,loud_check_reject,"[ERROR]: print of a union value (i32?) is type-valid but not yet supported by codegen — narrow it first, e.g. `if v is i32 { print(v) }`",7|1
c00195,A,i32,1,ret_ann,printdirect,print,1,inline,loud_check_reject,"[ERROR]: print of a union value (i32?) is type-valid but not yet supported by codegen — narrow it first, e.g. `if v is i32 { print(v) }`",null|1
c00196,A,i32,1,ret_ann,eqnullcmp,print,0,inline,correct,,false|1
c00197,A,i32,1,ret_ann,eqnullcmp,print,1,inline,correct,,true|1
c00198,A,i32,1,ret_ann,while_g,print,0,inline,correct,,7|1
c00199,A,i32,1,ret_ann,while_g,print,1,inline,correct,,NUL|1
c00200,A,i32,1,global,nenull,print,0,inline,correct,,7|1
c00201,A,i32,1,global,nenull,print,1,inline,correct,,NUL|1
c00202,A,i32,1,global,eqnull_else,print,0,inline,correct,,7|1
c00203,A,i32,1,global,eqnull_else,print,1,inline,correct,,NUL|1
c00204,A,i32,1,global,is_t,print,0,inline,correct,,7|1
c00205,A,i32,1,global,is_t,print,1,inline,correct,,NUL|1
c00206,A,i32,1,global,match_null,print,0,inline,correct,,7|1
c00207,A,i32,1,global,match_null,print,1,inline,correct,,NUL|1
c00208,A,i32,1,global,andguard,print,0,inline,correct,,true|1
c00209,A,i32,1,global,andguard,print,1,inline,correct,,false|1
c00210,A,i32,1,global,coalesce,print,0,inline,correct,,7|1
c00211,A,i32,1,global,coalesce,print,1,inline,correct,,0|1
c00212,A,i32,1,global,printdirect,print,0,inline,loud_check_reject,"[ERROR]: print of a union value (i32?) is type-valid but not yet supported by codegen — narrow it first, e.g. `if v is i32 { print(v) }`",7|1
c00213,A,i32,1,global,printdirect,print,1,inline,loud_check_reject,"[ERROR]: print of a union value (i32?) is type-valid but not yet supported by codegen — narrow it first, e.g. `if v is i32 { print(v) }`",null|1
c00214,A,i32,1,global,eqnullcmp,print,0,inline,correct,,false|1
c00215,A,i32,1,global,eqnullcmp,print,1,inline,correct,,true|1
c00216,A,i32,1,global,while_g,print,0,inline,correct,,7|1
c00217,A,i32,1,global,while_g,print,1,inline,correct,,NUL|1
c00218,A,i32,1,field,nenull,print,0,inline,correct,,7|1
c00219,A,i32,1,field,nenull,print,1,inline,correct,,NUL|1
c00220,A,i32,1,field,eqnull_else,print,0,inline,correct,,7|1
c00221,A,i32,1,field,eqnull_else,print,1,inline,correct,,NUL|1
c00222,A,i32,1,field,is_t,print,0,inline,correct,,7|1
c00223,A,i32,1,field,is_t,print,1,inline,correct,,NUL|1
c00224,A,i32,1,field,match_null,print,0,inline,correct,,7|1
c00225,A,i32,1,field,match_null,print,1,inline,correct,,NUL|1
c00226,A,i32,1,field,andguard,print,0,inline,correct,,true|1
c00227,A,i32,1,field,andguard,print,1,inline,correct,,false|1
c00228,A,i32,1,field,coalesce,print,0,inline,correct,,7|1
c00229,A,i32,1,field,coalesce,print,1,inline,correct,,0|1
c00230,A,i32,1,field,printdirect,print,0,inline,loud_check_reject,"[ERROR]: print of a union value (i32?) is type-valid but not yet supported by codegen — narrow it first, e.g. `if v is i32 { print(v) }`",7|1
c00231,A,i32,1,field,printdirect,print,1,inline,loud_check_reject,"[ERROR]: print of a union value (i32?) is type-valid but not yet supported by codegen — narrow it first, e.g. `if v is i32 { print(v) }`",null|1
c00232,A,i32,1,field,eqnullcmp,print,0,inline,correct,,false|1
c00233,A,i32,1,field,eqnullcmp,print,1,inline,correct,,true|1
c00234,A,i32,1,field,while_g,print,0,inline,correct,,7|1
c00235,A,i32,1,field,while_g,print,1,inline,correct,,NUL|1
c00236,A,i32,1,elem,nenull,print,0,inline,correct,,7|1
c00237,A,i32,1,elem,nenull,print,1,inline,correct,,NUL|1
c00238,A,i32,1,elem,eqnull_else,print,0,inline,correct,,7|1
c00239,A,i32,1,elem,eqnull_else,print,1,inline,correct,,NUL|1
c00240,A,i32,1,elem,is_t,print,0,inline,correct,,7|1
c00241,A,i32,1,elem,is_t,print,1,inline,correct,,NUL|1
c00242,A,i32,1,elem,match_null,print,0,inline,correct,,7|1
c00243,A,i32,1,elem,match_null,print,1,inline,correct,,NUL|1
c00244,A,i32,1,elem,andguard,print,0,inline,correct,,true|1
c00245,A,i32,1,elem,andguard,print,1,inline,correct,,false|1
c00246,A,i32,1,elem,coalesce,print,0,inline,correct,,7|1
c00247,A,i32,1,elem,coalesce,print,1,inline,correct,,0|1
c00248,A,i32,1,elem,printdirect,print,0,inline,loud_check_reject,"[ERROR]: print of a union value (i32?) is type-valid but not yet supported by codegen — narrow it first, e.g. `if v is i32 { print(v) }`",7|1
c00249,A,i32,1,elem,printdirect,print,1,inline,loud_check_reject,"[ERROR]: print of a union value (i32?) is type-valid but not yet supported by codegen — narrow it first, e.g. `if v is i32 { print(v) }`",null|1
c00250,A,i32,1,elem,eqnullcmp,print,0,inline,correct,,false|1
c00251,A,i32,1,elem,eqnullcmp,print,1,inline,correct,,true|1
c00252,A,i32,1,elem,while_g,print,0,inline,correct,,7|1
c00253,A,i32,1,elem,while_g,print,1,inline,correct,,NUL|1
c00254,A,i32,1,mapval,nenull,print,0,inline,correct,,7|1
c00255,A,i32,1,mapval,nenull,print,1,inline,correct,,NUL|1
c00256,A,i32,1,mapval,eqnull_else,print,0,inline,correct,,7|1
c00257,A,i32,1,mapval,eqnull_else,print,1,inline,correct,,NUL|1
c00258,A,i32,1,mapval,is_t,print,0,inline,correct,,7|1
c00259,A,i32,1,mapval,is_t,print,1,inline,correct,,NUL|1
c00260,A,i32,1,mapval,match_null,print,0,inline,correct,,7|1
c00261,A,i32,1,mapval,match_null,print,1,inline,correct,,NUL|1
c00262,A,i32,1,mapval,andguard,print,0,inline,correct,,true|1
c00263,A,i32,1,mapval,andguard,print,1,inline,correct,,false|1
c00264,A,i32,1,mapval,coalesce,print,0,inline,correct,,7|1
c00265,A,i32,1,mapval,coalesce,print,1,inline,correct,,0|1
c00266,A,i32,1,mapval,printdirect,print,0,inline,loud_check_reject,"[ERROR]: print of a union value (i32??) is type-valid but not yet supported by codegen — narrow it first, e.g. `if v is i32 { print(v) }`",7|1
c00267,A,i32,1,mapval,printdirect,print,1,inline,loud_check_reject,"[ERROR]: print of a union value (i32??) is type-valid but not yet supported by codegen — narrow it first, e.g. `if v is i32 { print(v) }`",null|1
c00268,A,i32,1,mapval,eqnullcmp,print,0,inline,correct,,false|1
c00269,A,i32,1,mapval,eqnullcmp,print,1,inline,correct,,true|1
c00270,A,i32,1,mapval,while_g,print,0,inline,correct,,7|1
c00271,A,i32,1,mapval,while_g,print,1,inline,correct,,NUL|1
c00272,A,i32,1,capture,nenull,print,0,inline,invalid_wasm,"1: Invalid input WebAssembly code at offset 370: type mismatch: expected i32, found (ref $type)",7|1
c00273,A,i32,1,capture,nenull,print,1,inline,invalid_wasm,"1: Invalid input WebAssembly code at offset 367: type mismatch: expected i32, found (ref $type)",NUL|1
c00274,A,i32,1,capture,eqnull_else,print,0,inline,invalid_wasm,"1: Invalid input WebAssembly code at offset 418: type mismatch: expected i32, found (ref $type)",7|1
c00275,A,i32,1,capture,eqnull_else,print,1,inline,invalid_wasm,"1: Invalid input WebAssembly code at offset 415: type mismatch: expected i32, found (ref $type)",NUL|1
c00276,A,i32,1,capture,is_t,print,0,inline,loud_emit_reject,emitProgram: narrowed union binding is not a local or global,7|1
c00277,A,i32,1,capture,is_t,print,1,inline,loud_emit_reject,emitProgram: narrowed union binding is not a local or global,NUL|1
c00278,A,i32,1,capture,match_null,print,0,inline,loud_emit_reject,emitProgram: narrowed union binding is not a local or global,7|1
c00279,A,i32,1,capture,match_null,print,1,inline,loud_emit_reject,emitProgram: narrowed union binding is not a local or global,NUL|1
c00280,A,i32,1,capture,andguard,print,0,inline,invalid_wasm,"1: Invalid input WebAssembly code at offset 308: type mismatch: expected i32, found (ref $type)",true|1
c00281,A,i32,1,capture,andguard,print,1,inline,invalid_wasm,"1: Invalid input WebAssembly code at offset 305: type mismatch: expected i32, found (ref $type)",false|1
c00282,A,i32,1,capture,coalesce,print,0,inline,loud_emit_reject,emitProgram: narrowed union binding is not a local or global,7|1
c00283,A,i32,1,capture,coalesce,print,1,inline,loud_emit_reject,emitProgram: narrowed union binding is not a local or global,0|1
c00284,A,i32,1,capture,printdirect,print,0,inline,loud_check_reject,"[ERROR]: print of a union value (i32?) is type-valid but not yet supported by codegen — narrow it first, e.g. `if v is i32 { print(v) }`",7|1
c00285,A,i32,1,capture,printdirect,print,1,inline,loud_check_reject,"[ERROR]: print of a union value (i32?) is type-valid but not yet supported by codegen — narrow it first, e.g. `if v is i32 { print(v) }`",null|1
c00286,A,i32,1,capture,eqnullcmp,print,0,inline,correct,,false|1
c00287,A,i32,1,capture,eqnullcmp,print,1,inline,correct,,true|1
c00288,A,i32,1,capture,while_g,print,0,inline,invalid_wasm,"1: Invalid input WebAssembly code at offset 393: type mismatch: expected i32, found (ref $type)",7|1
c00289,A,i32,1,capture,while_g,print,1,inline,invalid_wasm,"1: Invalid input WebAssembly code at offset 390: type mismatch: expected i32, found (ref $type)",NUL|1
c00290,A,i32,1,loopvar,nenull,print,0,inline,correct,,7|1
c00291,A,i32,1,loopvar,nenull,print,1,inline,correct,,NUL|1
c00292,A,i32,1,loopvar,eqnull_else,print,0,inline,correct,,7|1
c00293,A,i32,1,loopvar,eqnull_else,print,1,inline,correct,,NUL|1
c00294,A,i32,1,loopvar,is_t,print,0,inline,correct,,7|1
c00295,A,i32,1,loopvar,is_t,print,1,inline,correct,,NUL|1
c00296,A,i32,1,loopvar,match_null,print,0,inline,correct,,7|1
c00297,A,i32,1,loopvar,match_null,print,1,inline,correct,,NUL|1
c00298,A,i32,1,loopvar,andguard,print,0,inline,correct,,true|1
c00299,A,i32,1,loopvar,andguard,print,1,inline,correct,,false|1
c00300,A,i32,1,loopvar,coalesce,print,0,inline,correct,,7|1
c00301,A,i32,1,loopvar,coalesce,print,1,inline,correct,,0|1
c00302,A,i32,1,loopvar,printdirect,print,0,inline,loud_check_reject,"[ERROR]: print of a union value (i32?) is type-valid but not yet supported by codegen — narrow it first, e.g. `if v is i32 { print(v) }`",7|1
c00303,A,i32,1,loopvar,printdirect,print,1,inline,loud_check_reject,"[ERROR]: print of a union value (i32?) is type-valid but not yet supported by codegen — narrow it first, e.g. `if v is i32 { print(v) }`",null|1
c00304,A,i32,1,loopvar,eqnullcmp,print,0,inline,correct,,false|1
c00305,A,i32,1,loopvar,eqnullcmp,print,1,inline,correct,,true|1
c00306,A,i32,1,loopvar,while_g,print,0,inline,correct,,7|1
c00307,A,i32,1,loopvar,while_g,print,1,inline,correct,,NUL|1
c00308,A,i64,0,const_local,direct,print,0,inline,correct,,70|1
c00309,A,i64,0,const_local,direct,print,1,inline,correct,,80|1
c00310,A,i64,0,const_local,is_t,print,0,inline,correct,,70|1
c00311,A,i64,0,const_local,is_t,print,1,inline,correct,,80|1
c00312,A,i64,0,const_local,eqcmp,print,0,inline,correct,,true|1
c00313,A,i64,0,const_local,eqcmp,print,1,inline,correct,,false|1
c00314,A,i64,0,const_local,coalesce,print,0,inline,loud_emit_reject,emitProgram: `??` is only supported on a map index get,70|1
c00315,A,i64,0,const_local,coalesce,print,1,inline,loud_emit_reject,emitProgram: `??` is only supported on a map index get,80|1
c00316,A,i64,0,const_local,printdirect,print,0,inline,correct,,70|1
c00317,A,i64,0,const_local,printdirect,print,1,inline,correct,,80|1
c00318,A,i64,0,let_local,direct,print,0,inline,correct,,70|1
c00319,A,i64,0,let_local,direct,print,1,inline,correct,,80|1
c00320,A,i64,0,let_local,is_t,print,0,inline,correct,,70|1
c00321,A,i64,0,let_local,is_t,print,1,inline,correct,,80|1
c00322,A,i64,0,let_local,eqcmp,print,0,inline,correct,,true|1
c00323,A,i64,0,let_local,eqcmp,print,1,inline,correct,,false|1
c00324,A,i64,0,let_local,coalesce,print,0,inline,loud_emit_reject,emitProgram: `??` is only supported on a map index get,70|1
c00325,A,i64,0,let_local,coalesce,print,1,inline,loud_emit_reject,emitProgram: `??` is only supported on a map index get,80|1
c00326,A,i64,0,let_local,printdirect,print,0,inline,correct,,70|1
c00327,A,i64,0,let_local,printdirect,print,1,inline,correct,,80|1
c00328,A,i64,0,param,direct,print,0,inline,correct,,70|1
c00329,A,i64,0,param,direct,print,1,inline,correct,,80|1
c00330,A,i64,0,param,is_t,print,0,inline,correct,,70|1
c00331,A,i64,0,param,is_t,print,1,inline,correct,,80|1
c00332,A,i64,0,param,eqcmp,print,0,inline,correct,,true|1
c00333,A,i64,0,param,eqcmp,print,1,inline,correct,,false|1
c00334,A,i64,0,param,coalesce,print,0,inline,loud_emit_reject,emitProgram: `??` is only supported on a map index get,70|1
c00335,A,i64,0,param,coalesce,print,1,inline,loud_emit_reject,emitProgram: `??` is only supported on a map index get,80|1
c00336,A,i64,0,param,printdirect,print,0,inline,correct,,70|1
c00337,A,i64,0,param,printdirect,print,1,inline,correct,,80|1
c00338,A,i64,0,ret_unann,direct,print,0,inline,correct,,70|1
c00339,A,i64,0,ret_unann,direct,print,1,inline,correct,,80|1
c00340,A,i64,0,ret_unann,is_t,print,0,inline,correct,,70|1
c00341,A,i64,0,ret_unann,is_t,print,1,inline,correct,,80|1
c00342,A,i64,0,ret_unann,eqcmp,print,0,inline,correct,,true|1
c00343,A,i64,0,ret_unann,eqcmp,print,1,inline,correct,,false|1
c00344,A,i64,0,ret_unann,coalesce,print,0,inline,loud_emit_reject,emitProgram: `??` is only supported on a map index get,70|1
c00345,A,i64,0,ret_unann,coalesce,print,1,inline,loud_emit_reject,emitProgram: `??` is only supported on a map index get,80|1
c00346,A,i64,0,ret_unann,printdirect,print,0,inline,correct,,70|1
c00347,A,i64,0,ret_unann,printdirect,print,1,inline,correct,,80|1
c00348,A,i64,0,ret_ann,direct,print,0,inline,correct,,70|1
c00349,A,i64,0,ret_ann,direct,print,1,inline,correct,,80|1
c00350,A,i64,0,ret_ann,is_t,print,0,inline,correct,,70|1
c00351,A,i64,0,ret_ann,is_t,print,1,inline,correct,,80|1
c00352,A,i64,0,ret_ann,eqcmp,print,0,inline,correct,,true|1
c00353,A,i64,0,ret_ann,eqcmp,print,1,inline,correct,,false|1
c00354,A,i64,0,ret_ann,coalesce,print,0,inline,loud_emit_reject,emitProgram: `??` is only supported on a map index get,70|1
c00355,A,i64,0,ret_ann,coalesce,print,1,inline,loud_emit_reject,emitProgram: `??` is only supported on a map index get,80|1
c00356,A,i64,0,ret_ann,printdirect,print,0,inline,correct,,70|1
c00357,A,i64,0,ret_ann,printdirect,print,1,inline,correct,,80|1
c00358,A,i64,0,global,direct,print,0,inline,correct,,70|1
c00359,A,i64,0,global,direct,print,1,inline,correct,,80|1
c00360,A,i64,0,global,is_t,print,0,inline,correct,,70|1
c00361,A,i64,0,global,is_t,print,1,inline,correct,,80|1
c00362,A,i64,0,global,eqcmp,print,0,inline,correct,,true|1
c00363,A,i64,0,global,eqcmp,print,1,inline,correct,,false|1
c00364,A,i64,0,global,coalesce,print,0,inline,loud_emit_reject,emitProgram: `??` is only supported on a map index get,70|1
c00365,A,i64,0,global,coalesce,print,1,inline,loud_emit_reject,emitProgram: `??` is only supported on a map index get,80|1
c00366,A,i64,0,global,printdirect,print,0,inline,correct,,70|1
c00367,A,i64,0,global,printdirect,print,1,inline,correct,,80|1
c00368,A,i64,0,field,direct,print,0,inline,correct,,70|1
c00369,A,i64,0,field,direct,print,1,inline,correct,,80|1
c00370,A,i64,0,field,is_t,print,0,inline,correct,,70|1
c00371,A,i64,0,field,is_t,print,1,inline,correct,,80|1
c00372,A,i64,0,field,eqcmp,print,0,inline,correct,,true|1
c00373,A,i64,0,field,eqcmp,print,1,inline,correct,,false|1
c00374,A,i64,0,field,coalesce,print,0,inline,loud_emit_reject,emitProgram: `??` is only supported on a map index get,70|1
c00375,A,i64,0,field,coalesce,print,1,inline,loud_emit_reject,emitProgram: `??` is only supported on a map index get,80|1
c00376,A,i64,0,field,printdirect,print,0,inline,correct,,70|1
c00377,A,i64,0,field,printdirect,print,1,inline,correct,,80|1
c00378,A,i64,0,elem,direct,print,0,inline,correct,,70|1
c00379,A,i64,0,elem,direct,print,1,inline,correct,,80|1
c00380,A,i64,0,elem,is_t,print,0,inline,correct,,70|1
c00381,A,i64,0,elem,is_t,print,1,inline,correct,,80|1
c00382,A,i64,0,elem,eqcmp,print,0,inline,correct,,true|1
c00383,A,i64,0,elem,eqcmp,print,1,inline,correct,,false|1
c00384,A,i64,0,elem,coalesce,print,0,inline,loud_emit_reject,emitProgram: `??` is only supported on a map index get,70|1
c00385,A,i64,0,elem,coalesce,print,1,inline,loud_emit_reject,emitProgram: `??` is only supported on a map index get,80|1
c00386,A,i64,0,elem,printdirect,print,0,inline,correct,,70|1
c00387,A,i64,0,elem,printdirect,print,1,inline,correct,,80|1
c00388,A,i64,0,mapval,direct,print,0,inline,loud_check_reject,"[ERROR]: print of a union value (i64?) is type-valid but not yet supported by codegen — narrow it first, e.g. `if v is i32 { print(v) }`",70|1
c00389,A,i64,0,mapval,direct,print,1,inline,loud_check_reject,"[ERROR]: print of a union value (i64?) is type-valid but not yet supported by codegen — narrow it first, e.g. `if v is i32 { print(v) }`",80|1
c00390,A,i64,0,mapval,is_t,print,0,inline,loud_emit_reject,emitProgram: `is` test but no union type declared,70|1
c00391,A,i64,0,mapval,is_t,print,1,inline,loud_emit_reject,emitProgram: `is` test but no union type declared,80|1
c00392,A,i64,0,mapval,eqcmp,print,0,inline,correct,,true|1
c00393,A,i64,0,mapval,eqcmp,print,1,inline,correct,,false|1
c00394,A,i64,0,mapval,coalesce,print,0,inline,loud_emit_reject,emitProgram: `??` is only supported on a map index get,70|1
c00395,A,i64,0,mapval,coalesce,print,1,inline,loud_emit_reject,emitProgram: `??` is only supported on a map index get,80|1
c00396,A,i64,0,mapval,printdirect,print,0,inline,loud_check_reject,"[ERROR]: print of a union value (i64?) is type-valid but not yet supported by codegen — narrow it first, e.g. `if v is i32 { print(v) }`",70|1
c00397,A,i64,0,mapval,printdirect,print,1,inline,loud_check_reject,"[ERROR]: print of a union value (i64?) is type-valid but not yet supported by codegen — narrow it first, e.g. `if v is i32 { print(v) }`",80|1
c00398,A,i64,0,capture,direct,print,0,inline,correct,,70|1
c00399,A,i64,0,capture,direct,print,1,inline,correct,,80|1
c00400,A,i64,0,capture,is_t,print,0,inline,correct,,70|1
c00401,A,i64,0,capture,is_t,print,1,inline,correct,,80|1
c00402,A,i64,0,capture,eqcmp,print,0,inline,correct,,true|1
c00403,A,i64,0,capture,eqcmp,print,1,inline,correct,,false|1
c00404,A,i64,0,capture,coalesce,print,0,inline,loud_emit_reject,emitProgram: `??` is only supported on a map index get,70|1
c00405,A,i64,0,capture,coalesce,print,1,inline,loud_emit_reject,emitProgram: `??` is only supported on a map index get,80|1
c00406,A,i64,0,capture,printdirect,print,0,inline,correct,,70|1
c00407,A,i64,0,capture,printdirect,print,1,inline,correct,,80|1
c00408,A,i64,0,loopvar,direct,print,0,inline,correct,,70|1
c00409,A,i64,0,loopvar,direct,print,1,inline,correct,,80|1
c00410,A,i64,0,loopvar,is_t,print,0,inline,correct,,70|1
c00411,A,i64,0,loopvar,is_t,print,1,inline,correct,,80|1
c00412,A,i64,0,loopvar,eqcmp,print,0,inline,correct,,true|1
c00413,A,i64,0,loopvar,eqcmp,print,1,inline,correct,,false|1
c00414,A,i64,0,loopvar,coalesce,print,0,inline,loud_emit_reject,emitProgram: `??` is only supported on a map index get,70|1
c00415,A,i64,0,loopvar,coalesce,print,1,inline,loud_emit_reject,emitProgram: `??` is only supported on a map index get,80|1
c00416,A,i64,0,loopvar,printdirect,print,0,inline,correct,,70|1
c00417,A,i64,0,loopvar,printdirect,print,1,inline,correct,,80|1
c00418,A,i64,1,const_local,nenull,print,0,inline,correct,,70|1
c00419,A,i64,1,const_local,nenull,print,1,inline,correct,,NUL|1
c00420,A,i64,1,const_local,eqnull_else,print,0,inline,correct,,70|1
c00421,A,i64,1,const_local,eqnull_else,print,1,inline,correct,,NUL|1
c00422,A,i64,1,const_local,is_t,print,0,inline,correct,,70|1
c00423,A,i64,1,const_local,is_t,print,1,inline,correct,,NUL|1
c00424,A,i64,1,const_local,match_null,print,0,inline,correct,,70|1
c00425,A,i64,1,const_local,match_null,print,1,inline,correct,,NUL|1
c00426,A,i64,1,const_local,andguard,print,0,inline,correct,,true|1
c00427,A,i64,1,const_local,andguard,print,1,inline,correct,,false|1
c00428,A,i64,1,const_local,coalesce,print,0,inline,correct,,70|1
c00429,A,i64,1,const_local,coalesce,print,1,inline,correct,,0|1
c00430,A,i64,1,const_local,printdirect,print,0,inline,loud_check_reject,"[ERROR]: print of a union value (i64?) is type-valid but not yet supported by codegen — narrow it first, e.g. `if v is i32 { print(v) }`",70|1
c00431,A,i64,1,const_local,printdirect,print,1,inline,loud_check_reject,"[ERROR]: print of a union value (i64?) is type-valid but not yet supported by codegen — narrow it first, e.g. `if v is i32 { print(v) }`",null|1
c00432,A,i64,1,const_local,eqnullcmp,print,0,inline,correct,,false|1
c00433,A,i64,1,const_local,eqnullcmp,print,1,inline,correct,,true|1
c00434,A,i64,1,const_local,while_g,print,0,inline,correct,,70|1
c00435,A,i64,1,const_local,while_g,print,1,inline,correct,,NUL|1
c00436,A,i64,1,let_local,nenull,print,0,inline,correct,,70|1
c00437,A,i64,1,let_local,nenull,print,1,inline,correct,,NUL|1
c00438,A,i64,1,let_local,eqnull_else,print,0,inline,correct,,70|1
c00439,A,i64,1,let_local,eqnull_else,print,1,inline,correct,,NUL|1
c00440,A,i64,1,let_local,is_t,print,0,inline,correct,,70|1
c00441,A,i64,1,let_local,is_t,print,1,inline,correct,,NUL|1
c00442,A,i64,1,let_local,match_null,print,0,inline,correct,,70|1
c00443,A,i64,1,let_local,match_null,print,1,inline,correct,,NUL|1
c00444,A,i64,1,let_local,andguard,print,0,inline,correct,,true|1
c00445,A,i64,1,let_local,andguard,print,1,inline,correct,,false|1
c00446,A,i64,1,let_local,coalesce,print,0,inline,correct,,70|1
c00447,A,i64,1,let_local,coalesce,print,1,inline,correct,,0|1
c00448,A,i64,1,let_local,printdirect,print,0,inline,loud_check_reject,"[ERROR]: print of a union value (i64?) is type-valid but not yet supported by codegen — narrow it first, e.g. `if v is i32 { print(v) }`",70|1
c00449,A,i64,1,let_local,printdirect,print,1,inline,loud_check_reject,"[ERROR]: print of a union value (i64?) is type-valid but not yet supported by codegen — narrow it first, e.g. `if v is i32 { print(v) }`",null|1
c00450,A,i64,1,let_local,eqnullcmp,print,0,inline,correct,,false|1
c00451,A,i64,1,let_local,eqnullcmp,print,1,inline,correct,,true|1
c00452,A,i64,1,let_local,while_g,print,0,inline,correct,,70|1
c00453,A,i64,1,let_local,while_g,print,1,inline,correct,,NUL|1
c00454,A,i64,1,param,nenull,print,0,inline,correct,,70|1
c00455,A,i64,1,param,nenull,print,1,inline,correct,,NUL|1
c00456,A,i64,1,param,eqnull_else,print,0,inline,correct,,70|1
c00457,A,i64,1,param,eqnull_else,print,1,inline,correct,,NUL|1
c00458,A,i64,1,param,is_t,print,0,inline,correct,,70|1
c00459,A,i64,1,param,is_t,print,1,inline,correct,,NUL|1
c00460,A,i64,1,param,match_null,print,0,inline,correct,,70|1
c00461,A,i64,1,param,match_null,print,1,inline,correct,,NUL|1
c00462,A,i64,1,param,andguard,print,0,inline,correct,,true|1
c00463,A,i64,1,param,andguard,print,1,inline,correct,,false|1
c00464,A,i64,1,param,coalesce,print,0,inline,correct,,70|1
c00465,A,i64,1,param,coalesce,print,1,inline,correct,,0|1
c00466,A,i64,1,param,printdirect,print,0,inline,loud_check_reject,"[ERROR]: print of a union value (i64?) is type-valid but not yet supported by codegen — narrow it first, e.g. `if v is i32 { print(v) }`",70|1
c00467,A,i64,1,param,printdirect,print,1,inline,loud_check_reject,"[ERROR]: print of a union value (i64?) is type-valid but not yet supported by codegen — narrow it first, e.g. `if v is i32 { print(v) }`",null|1
c00468,A,i64,1,param,eqnullcmp,print,0,inline,correct,,false|1
c00469,A,i64,1,param,eqnullcmp,print,1,inline,correct,,true|1
c00470,A,i64,1,param,while_g,print,0,inline,correct,,70|1
c00471,A,i64,1,param,while_g,print,1,inline,correct,,NUL|1
c00472,A,i64,1,ret_unann,nenull,print,0,inline,correct,,70|1
c00473,A,i64,1,ret_unann,nenull,print,1,inline,correct,,NUL|1
c00474,A,i64,1,ret_unann,eqnull_else,print,0,inline,correct,,70|1
c00475,A,i64,1,ret_unann,eqnull_else,print,1,inline,correct,,NUL|1
c00476,A,i64,1,ret_unann,is_t,print,0,inline,correct,,70|1
c00477,A,i64,1,ret_unann,is_t,print,1,inline,correct,,NUL|1
c00478,A,i64,1,ret_unann,match_null,print,0,inline,correct,,70|1
c00479,A,i64,1,ret_unann,match_null,print,1,inline,correct,,NUL|1
c00480,A,i64,1,ret_unann,andguard,print,0,inline,correct,,true|1
c00481,A,i64,1,ret_unann,andguard,print,1,inline,correct,,false|1
c00482,A,i64,1,ret_unann,coalesce,print,0,inline,correct,,70|1
c00483,A,i64,1,ret_unann,coalesce,print,1,inline,correct,,0|1
c00484,A,i64,1,ret_unann,printdirect,print,0,inline,loud_check_reject,"[ERROR]: print of a union value (i64?) is type-valid but not yet supported by codegen — narrow it first, e.g. `if v is i32 { print(v) }`",70|1
c00485,A,i64,1,ret_unann,printdirect,print,1,inline,loud_check_reject,"[ERROR]: print of a union value (i64?) is type-valid but not yet supported by codegen — narrow it first, e.g. `if v is i32 { print(v) }`",null|1
c00486,A,i64,1,ret_unann,eqnullcmp,print,0,inline,correct,,false|1
c00487,A,i64,1,ret_unann,eqnullcmp,print,1,inline,correct,,true|1
c00488,A,i64,1,ret_unann,while_g,print,0,inline,correct,,70|1
c00489,A,i64,1,ret_unann,while_g,print,1,inline,correct,,NUL|1
c00490,A,i64,1,ret_ann,nenull,print,0,inline,correct,,70|1
c00491,A,i64,1,ret_ann,nenull,print,1,inline,correct,,NUL|1
c00492,A,i64,1,ret_ann,eqnull_else,print,0,inline,correct,,70|1
c00493,A,i64,1,ret_ann,eqnull_else,print,1,inline,correct,,NUL|1
c00494,A,i64,1,ret_ann,is_t,print,0,inline,correct,,70|1
c00495,A,i64,1,ret_ann,is_t,print,1,inline,correct,,NUL|1
c00496,A,i64,1,ret_ann,match_null,print,0,inline,correct,,70|1
c00497,A,i64,1,ret_ann,match_null,print,1,inline,correct,,NUL|1
c00498,A,i64,1,ret_ann,andguard,print,0,inline,correct,,true|1
c00499,A,i64,1,ret_ann,andguard,print,1,inline,correct,,false|1
c00500,A,i64,1,ret_ann,coalesce,print,0,inline,correct,,70|1
c00501,A,i64,1,ret_ann,coalesce,print,1,inline,correct,,0|1
c00502,A,i64,1,ret_ann,printdirect,print,0,inline,loud_check_reject,"[ERROR]: print of a union value (i64?) is type-valid but not yet supported by codegen — narrow it first, e.g. `if v is i32 { print(v) }`",70|1
c00503,A,i64,1,ret_ann,printdirect,print,1,inline,loud_check_reject,"[ERROR]: print of a union value (i64?) is type-valid but not yet supported by codegen — narrow it first, e.g. `if v is i32 { print(v) }`",null|1
c00504,A,i64,1,ret_ann,eqnullcmp,print,0,inline,correct,,false|1
c00505,A,i64,1,ret_ann,eqnullcmp,print,1,inline,correct,,true|1
c00506,A,i64,1,ret_ann,while_g,print,0,inline,correct,,70|1
c00507,A,i64,1,ret_ann,while_g,print,1,inline,correct,,NUL|1
c00508,A,i64,1,global,nenull,print,0,inline,correct,,70|1
c00509,A,i64,1,global,nenull,print,1,inline,correct,,NUL|1
c00510,A,i64,1,global,eqnull_else,print,0,inline,correct,,70|1
c00511,A,i64,1,global,eqnull_else,print,1,inline,correct,,NUL|1
c00512,A,i64,1,global,is_t,print,0,inline,correct,,70|1
c00513,A,i64,1,global,is_t,print,1,inline,correct,,NUL|1
c00514,A,i64,1,global,match_null,print,0,inline,correct,,70|1
c00515,A,i64,1,global,match_null,print,1,inline,correct,,NUL|1
c00516,A,i64,1,global,andguard,print,0,inline,correct,,true|1
c00517,A,i64,1,global,andguard,print,1,inline,correct,,false|1
c00518,A,i64,1,global,coalesce,print,0,inline,correct,,70|1
c00519,A,i64,1,global,coalesce,print,1,inline,correct,,0|1
c00520,A,i64,1,global,printdirect,print,0,inline,loud_check_reject,"[ERROR]: print of a union value (i64?) is type-valid but not yet supported by codegen — narrow it first, e.g. `if v is i32 { print(v) }`",70|1
c00521,A,i64,1,global,printdirect,print,1,inline,loud_check_reject,"[ERROR]: print of a union value (i64?) is type-valid but not yet supported by codegen — narrow it first, e.g. `if v is i32 { print(v) }`",null|1
c00522,A,i64,1,global,eqnullcmp,print,0,inline,correct,,false|1
c00523,A,i64,1,global,eqnullcmp,print,1,inline,correct,,true|1
c00524,A,i64,1,global,while_g,print,0,inline,correct,,70|1
c00525,A,i64,1,global,while_g,print,1,inline,correct,,NUL|1
c00526,A,i64,1,field,nenull,print,0,inline,correct,,70|1
c00527,A,i64,1,field,nenull,print,1,inline,correct,,NUL|1
c00528,A,i64,1,field,eqnull_else,print,0,inline,correct,,70|1
c00529,A,i64,1,field,eqnull_else,print,1,inline,correct,,NUL|1
c00530,A,i64,1,field,is_t,print,0,inline,correct,,70|1
c00531,A,i64,1,field,is_t,print,1,inline,correct,,NUL|1
c00532,A,i64,1,field,match_null,print,0,inline,correct,,70|1
c00533,A,i64,1,field,match_null,print,1,inline,correct,,NUL|1
c00534,A,i64,1,field,andguard,print,0,inline,correct,,true|1
c00535,A,i64,1,field,andguard,print,1,inline,correct,,false|1
c00536,A,i64,1,field,coalesce,print,0,inline,correct,,70|1
c00537,A,i64,1,field,coalesce,print,1,inline,correct,,0|1
c00538,A,i64,1,field,printdirect,print,0,inline,loud_check_reject,"[ERROR]: print of a union value (i64?) is type-valid but not yet supported by codegen — narrow it first, e.g. `if v is i32 { print(v) }`",70|1
c00539,A,i64,1,field,printdirect,print,1,inline,loud_check_reject,"[ERROR]: print of a union value (i64?) is type-valid but not yet supported by codegen — narrow it first, e.g. `if v is i32 { print(v) }`",null|1
c00540,A,i64,1,field,eqnullcmp,print,0,inline,correct,,false|1
c00541,A,i64,1,field,eqnullcmp,print,1,inline,correct,,true|1
c00542,A,i64,1,field,while_g,print,0,inline,correct,,70|1
c00543,A,i64,1,field,while_g,print,1,inline,correct,,NUL|1
c00544,A,i64,1,elem,nenull,print,0,inline,correct,,70|1
c00545,A,i64,1,elem,nenull,print,1,inline,correct,,NUL|1
c00546,A,i64,1,elem,eqnull_else,print,0,inline,correct,,70|1
c00547,A,i64,1,elem,eqnull_else,print,1,inline,correct,,NUL|1
c00548,A,i64,1,elem,is_t,print,0,inline,correct,,70|1
c00549,A,i64,1,elem,is_t,print,1,inline,correct,,NUL|1
c00550,A,i64,1,elem,match_null,print,0,inline,correct,,70|1
c00551,A,i64,1,elem,match_null,print,1,inline,correct,,NUL|1
c00552,A,i64,1,elem,andguard,print,0,inline,correct,,true|1
c00553,A,i64,1,elem,andguard,print,1,inline,correct,,false|1
c00554,A,i64,1,elem,coalesce,print,0,inline,correct,,70|1
c00555,A,i64,1,elem,coalesce,print,1,inline,correct,,0|1
c00556,A,i64,1,elem,printdirect,print,0,inline,loud_check_reject,"[ERROR]: print of a union value (i64?) is type-valid but not yet supported by codegen — narrow it first, e.g. `if v is i32 { print(v) }`",70|1
c00557,A,i64,1,elem,printdirect,print,1,inline,loud_check_reject,"[ERROR]: print of a union value (i64?) is type-valid but not yet supported by codegen — narrow it first, e.g. `if v is i32 { print(v) }`",null|1
c00558,A,i64,1,elem,eqnullcmp,print,0,inline,correct,,false|1
c00559,A,i64,1,elem,eqnullcmp,print,1,inline,correct,,true|1
c00560,A,i64,1,elem,while_g,print,0,inline,correct,,70|1
c00561,A,i64,1,elem,while_g,print,1,inline,correct,,NUL|1
c00562,A,i64,1,mapval,nenull,print,0,inline,correct,,70|1
c00563,A,i64,1,mapval,nenull,print,1,inline,correct,,NUL|1
c00564,A,i64,1,mapval,eqnull_else,print,0,inline,correct,,70|1
c00565,A,i64,1,mapval,eqnull_else,print,1,inline,correct,,NUL|1
c00566,A,i64,1,mapval,is_t,print,0,inline,correct,,70|1
c00567,A,i64,1,mapval,is_t,print,1,inline,correct,,NUL|1
c00568,A,i64,1,mapval,match_null,print,0,inline,correct,,70|1
c00569,A,i64,1,mapval,match_null,print,1,inline,correct,,NUL|1
c00570,A,i64,1,mapval,andguard,print,0,inline,correct,,true|1
c00571,A,i64,1,mapval,andguard,print,1,inline,correct,,false|1
c00572,A,i64,1,mapval,coalesce,print,0,inline,correct,,70|1
c00573,A,i64,1,mapval,coalesce,print,1,inline,correct,,0|1
c00574,A,i64,1,mapval,printdirect,print,0,inline,loud_check_reject,"[ERROR]: print of a union value (i64??) is type-valid but not yet supported by codegen — narrow it first, e.g. `if v is i32 { print(v) }`",70|1
c00575,A,i64,1,mapval,printdirect,print,1,inline,loud_check_reject,"[ERROR]: print of a union value (i64??) is type-valid but not yet supported by codegen — narrow it first, e.g. `if v is i32 { print(v) }`",null|1
c00576,A,i64,1,mapval,eqnullcmp,print,0,inline,correct,,false|1
c00577,A,i64,1,mapval,eqnullcmp,print,1,inline,correct,,true|1
c00578,A,i64,1,mapval,while_g,print,0,inline,correct,,70|1
c00579,A,i64,1,mapval,while_g,print,1,inline,correct,,NUL|1
c00580,A,i64,1,capture,nenull,print,0,inline,invalid_wasm,"1: Invalid input WebAssembly code at offset 400: type mismatch: expected i64, found (ref $type)",70|1
c00581,A,i64,1,capture,nenull,print,1,inline,invalid_wasm,"1: Invalid input WebAssembly code at offset 396: type mismatch: expected i64, found (ref $type)",NUL|1
c00582,A,i64,1,capture,eqnull_else,print,0,inline,invalid_wasm,"1: Invalid input WebAssembly code at offset 448: type mismatch: expected i64, found (ref $type)",70|1
c00583,A,i64,1,capture,eqnull_else,print,1,inline,invalid_wasm,"1: Invalid input WebAssembly code at offset 444: type mismatch: expected i64, found (ref $type)",NUL|1
c00584,A,i64,1,capture,is_t,print,0,inline,loud_emit_reject,emitProgram: narrowed union binding is not a local or global,70|1
c00585,A,i64,1,capture,is_t,print,1,inline,loud_emit_reject,emitProgram: narrowed union binding is not a local or global,NUL|1
c00586,A,i64,1,capture,match_null,print,0,inline,loud_emit_reject,emitProgram: narrowed union binding is not a local or global,70|1
c00587,A,i64,1,capture,match_null,print,1,inline,loud_emit_reject,emitProgram: narrowed union binding is not a local or global,NUL|1
c00588,A,i64,1,capture,andguard,print,0,inline,invalid_wasm,"1: Invalid input WebAssembly code at offset 339: type mismatch: expected i64, found (ref $type)",true|1
c00589,A,i64,1,capture,andguard,print,1,inline,invalid_wasm,"1: Invalid input WebAssembly code at offset 335: type mismatch: expected i64, found (ref $type)",false|1
c00590,A,i64,1,capture,coalesce,print,0,inline,loud_emit_reject,emitProgram: narrowed union binding is not a local or global,70|1
c00591,A,i64,1,capture,coalesce,print,1,inline,loud_emit_reject,emitProgram: narrowed union binding is not a local or global,0|1
c00592,A,i64,1,capture,printdirect,print,0,inline,loud_check_reject,"[ERROR]: print of a union value (i64?) is type-valid but not yet supported by codegen — narrow it first, e.g. `if v is i32 { print(v) }`",70|1
c00593,A,i64,1,capture,printdirect,print,1,inline,loud_check_reject,"[ERROR]: print of a union value (i64?) is type-valid but not yet supported by codegen — narrow it first, e.g. `if v is i32 { print(v) }`",null|1
c00594,A,i64,1,capture,eqnullcmp,print,0,inline,correct,,false|1
c00595,A,i64,1,capture,eqnullcmp,print,1,inline,correct,,true|1
c00596,A,i64,1,capture,while_g,print,0,inline,invalid_wasm,"1: Invalid input WebAssembly code at offset 423: type mismatch: expected i64, found (ref $type)",70|1
c00597,A,i64,1,capture,while_g,print,1,inline,invalid_wasm,"1: Invalid input WebAssembly code at offset 419: type mismatch: expected i64, found (ref $type)",NUL|1
c00598,A,i64,1,loopvar,nenull,print,0,inline,correct,,70|1
c00599,A,i64,1,loopvar,nenull,print,1,inline,correct,,NUL|1
c00600,A,i64,1,loopvar,eqnull_else,print,0,inline,correct,,70|1
c00601,A,i64,1,loopvar,eqnull_else,print,1,inline,correct,,NUL|1
c00602,A,i64,1,loopvar,is_t,print,0,inline,correct,,70|1
c00603,A,i64,1,loopvar,is_t,print,1,inline,correct,,NUL|1
c00604,A,i64,1,loopvar,match_null,print,0,inline,correct,,70|1
c00605,A,i64,1,loopvar,match_null,print,1,inline,correct,,NUL|1
c00606,A,i64,1,loopvar,andguard,print,0,inline,correct,,true|1
c00607,A,i64,1,loopvar,andguard,print,1,inline,correct,,false|1
c00608,A,i64,1,loopvar,coalesce,print,0,inline,correct,,70|1
c00609,A,i64,1,loopvar,coalesce,print,1,inline,correct,,0|1
c00610,A,i64,1,loopvar,printdirect,print,0,inline,loud_check_reject,"[ERROR]: print of a union value (i64?) is type-valid but not yet supported by codegen — narrow it first, e.g. `if v is i32 { print(v) }`",70|1
c00611,A,i64,1,loopvar,printdirect,print,1,inline,loud_check_reject,"[ERROR]: print of a union value (i64?) is type-valid but not yet supported by codegen — narrow it first, e.g. `if v is i32 { print(v) }`",null|1
c00612,A,i64,1,loopvar,eqnullcmp,print,0,inline,correct,,false|1
c00613,A,i64,1,loopvar,eqnullcmp,print,1,inline,correct,,true|1
c00614,A,i64,1,loopvar,while_g,print,0,inline,correct,,70|1
c00615,A,i64,1,loopvar,while_g,print,1,inline,correct,,NUL|1
c00616,A,f64,0,const_local,direct,print,0,inline,correct,,7.25|1
c00617,A,f64,0,const_local,direct,print,1,inline,correct,,8.75|1
c00618,A,f64,0,const_local,is_t,print,0,inline,correct,,7.25|1
c00619,A,f64,0,const_local,is_t,print,1,inline,correct,,8.75|1
c00620,A,f64,0,const_local,eqcmp,print,0,inline,correct,,true|1
c00621,A,f64,0,const_local,eqcmp,print,1,inline,correct,,false|1
c00622,A,f64,0,const_local,coalesce,print,0,inline,loud_emit_reject,emitProgram: `??` is only supported on a map index get,7.25|1
c00623,A,f64,0,const_local,coalesce,print,1,inline,loud_emit_reject,emitProgram: `??` is only supported on a map index get,8.75|1
c00624,A,f64,0,const_local,printdirect,print,0,inline,correct,,7.25|1
c00625,A,f64,0,const_local,printdirect,print,1,inline,correct,,8.75|1
c00626,A,f64,0,let_local,direct,print,0,inline,correct,,7.25|1
c00627,A,f64,0,let_local,direct,print,1,inline,correct,,8.75|1
c00628,A,f64,0,let_local,is_t,print,0,inline,correct,,7.25|1
c00629,A,f64,0,let_local,is_t,print,1,inline,correct,,8.75|1
c00630,A,f64,0,let_local,eqcmp,print,0,inline,correct,,true|1
c00631,A,f64,0,let_local,eqcmp,print,1,inline,correct,,false|1
c00632,A,f64,0,let_local,coalesce,print,0,inline,loud_emit_reject,emitProgram: `??` is only supported on a map index get,7.25|1
c00633,A,f64,0,let_local,coalesce,print,1,inline,loud_emit_reject,emitProgram: `??` is only supported on a map index get,8.75|1
c00634,A,f64,0,let_local,printdirect,print,0,inline,correct,,7.25|1
c00635,A,f64,0,let_local,printdirect,print,1,inline,correct,,8.75|1
c00636,A,f64,0,param,direct,print,0,inline,correct,,7.25|1
c00637,A,f64,0,param,direct,print,1,inline,correct,,8.75|1
c00638,A,f64,0,param,is_t,print,0,inline,correct,,7.25|1
c00639,A,f64,0,param,is_t,print,1,inline,correct,,8.75|1
c00640,A,f64,0,param,eqcmp,print,0,inline,correct,,true|1
c00641,A,f64,0,param,eqcmp,print,1,inline,correct,,false|1
c00642,A,f64,0,param,coalesce,print,0,inline,loud_emit_reject,emitProgram: `??` is only supported on a map index get,7.25|1
c00643,A,f64,0,param,coalesce,print,1,inline,loud_emit_reject,emitProgram: `??` is only supported on a map index get,8.75|1
c00644,A,f64,0,param,printdirect,print,0,inline,correct,,7.25|1
c00645,A,f64,0,param,printdirect,print,1,inline,correct,,8.75|1
c00646,A,f64,0,ret_unann,direct,print,0,inline,correct,,7.25|1
c00647,A,f64,0,ret_unann,direct,print,1,inline,correct,,8.75|1
c00648,A,f64,0,ret_unann,is_t,print,0,inline,correct,,7.25|1
c00649,A,f64,0,ret_unann,is_t,print,1,inline,correct,,8.75|1
c00650,A,f64,0,ret_unann,eqcmp,print,0,inline,correct,,true|1
c00651,A,f64,0,ret_unann,eqcmp,print,1,inline,correct,,false|1
c00652,A,f64,0,ret_unann,coalesce,print,0,inline,loud_emit_reject,emitProgram: `??` is only supported on a map index get,7.25|1
c00653,A,f64,0,ret_unann,coalesce,print,1,inline,loud_emit_reject,emitProgram: `??` is only supported on a map index get,8.75|1
c00654,A,f64,0,ret_unann,printdirect,print,0,inline,correct,,7.25|1
c00655,A,f64,0,ret_unann,printdirect,print,1,inline,correct,,8.75|1
c00656,A,f64,0,ret_ann,direct,print,0,inline,correct,,7.25|1
c00657,A,f64,0,ret_ann,direct,print,1,inline,correct,,8.75|1
c00658,A,f64,0,ret_ann,is_t,print,0,inline,correct,,7.25|1
c00659,A,f64,0,ret_ann,is_t,print,1,inline,correct,,8.75|1
c00660,A,f64,0,ret_ann,eqcmp,print,0,inline,correct,,true|1
c00661,A,f64,0,ret_ann,eqcmp,print,1,inline,correct,,false|1
c00662,A,f64,0,ret_ann,coalesce,print,0,inline,loud_emit_reject,emitProgram: `??` is only supported on a map index get,7.25|1
c00663,A,f64,0,ret_ann,coalesce,print,1,inline,loud_emit_reject,emitProgram: `??` is only supported on a map index get,8.75|1
c00664,A,f64,0,ret_ann,printdirect,print,0,inline,correct,,7.25|1
c00665,A,f64,0,ret_ann,printdirect,print,1,inline,correct,,8.75|1
c00666,A,f64,0,global,direct,print,0,inline,correct,,7.25|1
c00667,A,f64,0,global,direct,print,1,inline,correct,,8.75|1
c00668,A,f64,0,global,is_t,print,0,inline,correct,,7.25|1
c00669,A,f64,0,global,is_t,print,1,inline,correct,,8.75|1
c00670,A,f64,0,global,eqcmp,print,0,inline,correct,,true|1
c00671,A,f64,0,global,eqcmp,print,1,inline,correct,,false|1
c00672,A,f64,0,global,coalesce,print,0,inline,loud_emit_reject,emitProgram: `??` is only supported on a map index get,7.25|1
c00673,A,f64,0,global,coalesce,print,1,inline,loud_emit_reject,emitProgram: `??` is only supported on a map index get,8.75|1
c00674,A,f64,0,global,printdirect,print,0,inline,correct,,7.25|1
c00675,A,f64,0,global,printdirect,print,1,inline,correct,,8.75|1
c00676,A,f64,0,field,direct,print,0,inline,correct,,7.25|1
c00677,A,f64,0,field,direct,print,1,inline,correct,,8.75|1
c00678,A,f64,0,field,is_t,print,0,inline,correct,,7.25|1
c00679,A,f64,0,field,is_t,print,1,inline,correct,,8.75|1
c00680,A,f64,0,field,eqcmp,print,0,inline,correct,,true|1
c00681,A,f64,0,field,eqcmp,print,1,inline,correct,,false|1
c00682,A,f64,0,field,coalesce,print,0,inline,loud_emit_reject,emitProgram: `??` is only supported on a map index get,7.25|1
c00683,A,f64,0,field,coalesce,print,1,inline,loud_emit_reject,emitProgram: `??` is only supported on a map index get,8.75|1
c00684,A,f64,0,field,printdirect,print,0,inline,correct,,7.25|1
c00685,A,f64,0,field,printdirect,print,1,inline,correct,,8.75|1
c00686,A,f64,0,elem,direct,print,0,inline,correct,,7.25|1
c00687,A,f64,0,elem,direct,print,1,inline,correct,,8.75|1
c00688,A,f64,0,elem,is_t,print,0,inline,correct,,7.25|1
c00689,A,f64,0,elem,is_t,print,1,inline,correct,,8.75|1
c00690,A,f64,0,elem,eqcmp,print,0,inline,correct,,true|1
c00691,A,f64,0,elem,eqcmp,print,1,inline,correct,,false|1
c00692,A,f64,0,elem,coalesce,print,0,inline,loud_emit_reject,emitProgram: `??` is only supported on a map index get,7.25|1
c00693,A,f64,0,elem,coalesce,print,1,inline,loud_emit_reject,emitProgram: `??` is only supported on a map index get,8.75|1
c00694,A,f64,0,elem,printdirect,print,0,inline,correct,,7.25|1
c00695,A,f64,0,elem,printdirect,print,1,inline,correct,,8.75|1
c00696,A,f64,0,mapval,direct,print,0,inline,loud_check_reject,"[ERROR]: print of a union value (f64?) is type-valid but not yet supported by codegen — narrow it first, e.g. `if v is i32 { print(v) }`",7.25|1
c00697,A,f64,0,mapval,direct,print,1,inline,loud_check_reject,"[ERROR]: print of a union value (f64?) is type-valid but not yet supported by codegen — narrow it first, e.g. `if v is i32 { print(v) }`",8.75|1
c00698,A,f64,0,mapval,is_t,print,0,inline,loud_emit_reject,emitProgram: `is` test but no union type declared,7.25|1
c00699,A,f64,0,mapval,is_t,print,1,inline,loud_emit_reject,emitProgram: `is` test but no union type declared,8.75|1
c00700,A,f64,0,mapval,eqcmp,print,0,inline,correct,,true|1
c00701,A,f64,0,mapval,eqcmp,print,1,inline,correct,,false|1
c00702,A,f64,0,mapval,coalesce,print,0,inline,loud_emit_reject,emitProgram: `??` is only supported on a map index get,7.25|1
c00703,A,f64,0,mapval,coalesce,print,1,inline,loud_emit_reject,emitProgram: `??` is only supported on a map index get,8.75|1
c00704,A,f64,0,mapval,printdirect,print,0,inline,loud_check_reject,"[ERROR]: print of a union value (f64?) is type-valid but not yet supported by codegen — narrow it first, e.g. `if v is i32 { print(v) }`",7.25|1
c00705,A,f64,0,mapval,printdirect,print,1,inline,loud_check_reject,"[ERROR]: print of a union value (f64?) is type-valid but not yet supported by codegen — narrow it first, e.g. `if v is i32 { print(v) }`",8.75|1
c00706,A,f64,0,capture,direct,print,0,inline,correct,,7.25|1
c00707,A,f64,0,capture,direct,print,1,inline,correct,,8.75|1
c00708,A,f64,0,capture,is_t,print,0,inline,correct,,7.25|1
c00709,A,f64,0,capture,is_t,print,1,inline,correct,,8.75|1
c00710,A,f64,0,capture,eqcmp,print,0,inline,correct,,true|1
c00711,A,f64,0,capture,eqcmp,print,1,inline,correct,,false|1
c00712,A,f64,0,capture,coalesce,print,0,inline,loud_emit_reject,emitProgram: `??` is only supported on a map index get,7.25|1
c00713,A,f64,0,capture,coalesce,print,1,inline,loud_emit_reject,emitProgram: `??` is only supported on a map index get,8.75|1
c00714,A,f64,0,capture,printdirect,print,0,inline,correct,,7.25|1
c00715,A,f64,0,capture,printdirect,print,1,inline,correct,,8.75|1
c00716,A,f64,0,loopvar,direct,print,0,inline,correct,,7.25|1
c00717,A,f64,0,loopvar,direct,print,1,inline,correct,,8.75|1
c00718,A,f64,0,loopvar,is_t,print,0,inline,correct,,7.25|1
c00719,A,f64,0,loopvar,is_t,print,1,inline,correct,,8.75|1
c00720,A,f64,0,loopvar,eqcmp,print,0,inline,correct,,true|1
c00721,A,f64,0,loopvar,eqcmp,print,1,inline,correct,,false|1
c00722,A,f64,0,loopvar,coalesce,print,0,inline,loud_emit_reject,emitProgram: `??` is only supported on a map index get,7.25|1
c00723,A,f64,0,loopvar,coalesce,print,1,inline,loud_emit_reject,emitProgram: `??` is only supported on a map index get,8.75|1
c00724,A,f64,0,loopvar,printdirect,print,0,inline,correct,,7.25|1
c00725,A,f64,0,loopvar,printdirect,print,1,inline,correct,,8.75|1
c00726,A,f64,1,const_local,nenull,print,0,inline,correct,,7.25|1
c00727,A,f64,1,const_local,nenull,print,1,inline,correct,,NUL|1
c00728,A,f64,1,const_local,eqnull_else,print,0,inline,correct,,7.25|1
c00729,A,f64,1,const_local,eqnull_else,print,1,inline,correct,,NUL|1
c00730,A,f64,1,const_local,is_t,print,0,inline,correct,,7.25|1
c00731,A,f64,1,const_local,is_t,print,1,inline,correct,,NUL|1
c00732,A,f64,1,const_local,match_null,print,0,inline,correct,,7.25|1
c00733,A,f64,1,const_local,match_null,print,1,inline,correct,,NUL|1
c00734,A,f64,1,const_local,andguard,print,0,inline,correct,,true|1
c00735,A,f64,1,const_local,andguard,print,1,inline,correct,,false|1
c00736,A,f64,1,const_local,coalesce,print,0,inline,correct,,7.25|1
c00737,A,f64,1,const_local,coalesce,print,1,inline,correct,,0.5|1
c00738,A,f64,1,const_local,printdirect,print,0,inline,loud_check_reject,"[ERROR]: print of a union value (f64?) is type-valid but not yet supported by codegen — narrow it first, e.g. `if v is i32 { print(v) }`",7.25|1
c00739,A,f64,1,const_local,printdirect,print,1,inline,loud_check_reject,"[ERROR]: print of a union value (f64?) is type-valid but not yet supported by codegen — narrow it first, e.g. `if v is i32 { print(v) }`",null|1
c00740,A,f64,1,const_local,eqnullcmp,print,0,inline,correct,,false|1
c00741,A,f64,1,const_local,eqnullcmp,print,1,inline,correct,,true|1
c00742,A,f64,1,const_local,while_g,print,0,inline,correct,,7.25|1
c00743,A,f64,1,const_local,while_g,print,1,inline,correct,,NUL|1
c00744,A,f64,1,let_local,nenull,print,0,inline,correct,,7.25|1
c00745,A,f64,1,let_local,nenull,print,1,inline,correct,,NUL|1
c00746,A,f64,1,let_local,eqnull_else,print,0,inline,correct,,7.25|1
c00747,A,f64,1,let_local,eqnull_else,print,1,inline,correct,,NUL|1
c00748,A,f64,1,let_local,is_t,print,0,inline,correct,,7.25|1
c00749,A,f64,1,let_local,is_t,print,1,inline,correct,,NUL|1
c00750,A,f64,1,let_local,match_null,print,0,inline,correct,,7.25|1
c00751,A,f64,1,let_local,match_null,print,1,inline,correct,,NUL|1
c00752,A,f64,1,let_local,andguard,print,0,inline,correct,,true|1
c00753,A,f64,1,let_local,andguard,print,1,inline,correct,,false|1
c00754,A,f64,1,let_local,coalesce,print,0,inline,correct,,7.25|1
c00755,A,f64,1,let_local,coalesce,print,1,inline,correct,,0.5|1
c00756,A,f64,1,let_local,printdirect,print,0,inline,loud_check_reject,"[ERROR]: print of a union value (f64?) is type-valid but not yet supported by codegen — narrow it first, e.g. `if v is i32 { print(v) }`",7.25|1
c00757,A,f64,1,let_local,printdirect,print,1,inline,loud_check_reject,"[ERROR]: print of a union value (f64?) is type-valid but not yet supported by codegen — narrow it first, e.g. `if v is i32 { print(v) }`",null|1
c00758,A,f64,1,let_local,eqnullcmp,print,0,inline,correct,,false|1
c00759,A,f64,1,let_local,eqnullcmp,print,1,inline,correct,,true|1
c00760,A,f64,1,let_local,while_g,print,0,inline,correct,,7.25|1
c00761,A,f64,1,let_local,while_g,print,1,inline,correct,,NUL|1
c00762,A,f64,1,param,nenull,print,0,inline,correct,,7.25|1
c00763,A,f64,1,param,nenull,print,1,inline,correct,,NUL|1
c00764,A,f64,1,param,eqnull_else,print,0,inline,correct,,7.25|1
c00765,A,f64,1,param,eqnull_else,print,1,inline,correct,,NUL|1
c00766,A,f64,1,param,is_t,print,0,inline,correct,,7.25|1
c00767,A,f64,1,param,is_t,print,1,inline,correct,,NUL|1
c00768,A,f64,1,param,match_null,print,0,inline,correct,,7.25|1
c00769,A,f64,1,param,match_null,print,1,inline,correct,,NUL|1
c00770,A,f64,1,param,andguard,print,0,inline,correct,,true|1
c00771,A,f64,1,param,andguard,print,1,inline,correct,,false|1
c00772,A,f64,1,param,coalesce,print,0,inline,correct,,7.25|1
c00773,A,f64,1,param,coalesce,print,1,inline,correct,,0.5|1
c00774,A,f64,1,param,printdirect,print,0,inline,loud_check_reject,"[ERROR]: print of a union value (f64?) is type-valid but not yet supported by codegen — narrow it first, e.g. `if v is i32 { print(v) }`",7.25|1
c00775,A,f64,1,param,printdirect,print,1,inline,loud_check_reject,"[ERROR]: print of a union value (f64?) is type-valid but not yet supported by codegen — narrow it first, e.g. `if v is i32 { print(v) }`",null|1
c00776,A,f64,1,param,eqnullcmp,print,0,inline,correct,,false|1
c00777,A,f64,1,param,eqnullcmp,print,1,inline,correct,,true|1
c00778,A,f64,1,param,while_g,print,0,inline,correct,,7.25|1
c00779,A,f64,1,param,while_g,print,1,inline,correct,,NUL|1
c00780,A,f64,1,ret_unann,nenull,print,0,inline,correct,,7.25|1
c00781,A,f64,1,ret_unann,nenull,print,1,inline,correct,,NUL|1
c00782,A,f64,1,ret_unann,eqnull_else,print,0,inline,correct,,7.25|1
c00783,A,f64,1,ret_unann,eqnull_else,print,1,inline,correct,,NUL|1
c00784,A,f64,1,ret_unann,is_t,print,0,inline,correct,,7.25|1
c00785,A,f64,1,ret_unann,is_t,print,1,inline,correct,,NUL|1
c00786,A,f64,1,ret_unann,match_null,print,0,inline,correct,,7.25|1
c00787,A,f64,1,ret_unann,match_null,print,1,inline,correct,,NUL|1
c00788,A,f64,1,ret_unann,andguard,print,0,inline,correct,,true|1
c00789,A,f64,1,ret_unann,andguard,print,1,inline,correct,,false|1
c00790,A,f64,1,ret_unann,coalesce,print,0,inline,correct,,7.25|1
c00791,A,f64,1,ret_unann,coalesce,print,1,inline,correct,,0.5|1
c00792,A,f64,1,ret_unann,printdirect,print,0,inline,loud_check_reject,"[ERROR]: print of a union value (f64?) is type-valid but not yet supported by codegen — narrow it first, e.g. `if v is i32 { print(v) }`",7.25|1
c00793,A,f64,1,ret_unann,printdirect,print,1,inline,loud_check_reject,"[ERROR]: print of a union value (f64?) is type-valid but not yet supported by codegen — narrow it first, e.g. `if v is i32 { print(v) }`",null|1
c00794,A,f64,1,ret_unann,eqnullcmp,print,0,inline,correct,,false|1
c00795,A,f64,1,ret_unann,eqnullcmp,print,1,inline,correct,,true|1
c00796,A,f64,1,ret_unann,while_g,print,0,inline,correct,,7.25|1
c00797,A,f64,1,ret_unann,while_g,print,1,inline,correct,,NUL|1
c00798,A,f64,1,ret_ann,nenull,print,0,inline,correct,,7.25|1
c00799,A,f64,1,ret_ann,nenull,print,1,inline,correct,,NUL|1
c00800,A,f64,1,ret_ann,eqnull_else,print,0,inline,correct,,7.25|1
c00801,A,f64,1,ret_ann,eqnull_else,print,1,inline,correct,,NUL|1
c00802,A,f64,1,ret_ann,is_t,print,0,inline,correct,,7.25|1
c00803,A,f64,1,ret_ann,is_t,print,1,inline,correct,,NUL|1
c00804,A,f64,1,ret_ann,match_null,print,0,inline,correct,,7.25|1
c00805,A,f64,1,ret_ann,match_null,print,1,inline,correct,,NUL|1
c00806,A,f64,1,ret_ann,andguard,print,0,inline,correct,,true|1
c00807,A,f64,1,ret_ann,andguard,print,1,inline,correct,,false|1
c00808,A,f64,1,ret_ann,coalesce,print,0,inline,correct,,7.25|1
c00809,A,f64,1,ret_ann,coalesce,print,1,inline,correct,,0.5|1
c00810,A,f64,1,ret_ann,printdirect,print,0,inline,loud_check_reject,"[ERROR]: print of a union value (f64?) is type-valid but not yet supported by codegen — narrow it first, e.g. `if v is i32 { print(v) }`",7.25|1
c00811,A,f64,1,ret_ann,printdirect,print,1,inline,loud_check_reject,"[ERROR]: print of a union value (f64?) is type-valid but not yet supported by codegen — narrow it first, e.g. `if v is i32 { print(v) }`",null|1
c00812,A,f64,1,ret_ann,eqnullcmp,print,0,inline,correct,,false|1
c00813,A,f64,1,ret_ann,eqnullcmp,print,1,inline,correct,,true|1
c00814,A,f64,1,ret_ann,while_g,print,0,inline,correct,,7.25|1
c00815,A,f64,1,ret_ann,while_g,print,1,inline,correct,,NUL|1
c00816,A,f64,1,global,nenull,print,0,inline,correct,,7.25|1
c00817,A,f64,1,global,nenull,print,1,inline,correct,,NUL|1
c00818,A,f64,1,global,eqnull_else,print,0,inline,correct,,7.25|1
c00819,A,f64,1,global,eqnull_else,print,1,inline,correct,,NUL|1
c00820,A,f64,1,global,is_t,print,0,inline,correct,,7.25|1
c00821,A,f64,1,global,is_t,print,1,inline,correct,,NUL|1
c00822,A,f64,1,global,match_null,print,0,inline,correct,,7.25|1
c00823,A,f64,1,global,match_null,print,1,inline,correct,,NUL|1
c00824,A,f64,1,global,andguard,print,0,inline,correct,,true|1
c00825,A,f64,1,global,andguard,print,1,inline,correct,,false|1
c00826,A,f64,1,global,coalesce,print,0,inline,correct,,7.25|1
c00827,A,f64,1,global,coalesce,print,1,inline,correct,,0.5|1
c00828,A,f64,1,global,printdirect,print,0,inline,loud_check_reject,"[ERROR]: print of a union value (f64?) is type-valid but not yet supported by codegen — narrow it first, e.g. `if v is i32 { print(v) }`",7.25|1
c00829,A,f64,1,global,printdirect,print,1,inline,loud_check_reject,"[ERROR]: print of a union value (f64?) is type-valid but not yet supported by codegen — narrow it first, e.g. `if v is i32 { print(v) }`",null|1
c00830,A,f64,1,global,eqnullcmp,print,0,inline,correct,,false|1
c00831,A,f64,1,global,eqnullcmp,print,1,inline,correct,,true|1
c00832,A,f64,1,global,while_g,print,0,inline,correct,,7.25|1
c00833,A,f64,1,global,while_g,print,1,inline,correct,,NUL|1
c00834,A,f64,1,field,nenull,print,0,inline,correct,,7.25|1
c00835,A,f64,1,field,nenull,print,1,inline,correct,,NUL|1
c00836,A,f64,1,field,eqnull_else,print,0,inline,correct,,7.25|1
c00837,A,f64,1,field,eqnull_else,print,1,inline,correct,,NUL|1
c00838,A,f64,1,field,is_t,print,0,inline,correct,,7.25|1
c00839,A,f64,1,field,is_t,print,1,inline,correct,,NUL|1
c00840,A,f64,1,field,match_null,print,0,inline,correct,,7.25|1
c00841,A,f64,1,field,match_null,print,1,inline,correct,,NUL|1
c00842,A,f64,1,field,andguard,print,0,inline,correct,,true|1
c00843,A,f64,1,field,andguard,print,1,inline,correct,,false|1
c00844,A,f64,1,field,coalesce,print,0,inline,correct,,7.25|1
c00845,A,f64,1,field,coalesce,print,1,inline,correct,,0.5|1
c00846,A,f64,1,field,printdirect,print,0,inline,loud_check_reject,"[ERROR]: print of a union value (f64?) is type-valid but not yet supported by codegen — narrow it first, e.g. `if v is i32 { print(v) }`",7.25|1
c00847,A,f64,1,field,printdirect,print,1,inline,loud_check_reject,"[ERROR]: print of a union value (f64?) is type-valid but not yet supported by codegen — narrow it first, e.g. `if v is i32 { print(v) }`",null|1
c00848,A,f64,1,field,eqnullcmp,print,0,inline,correct,,false|1
c00849,A,f64,1,field,eqnullcmp,print,1,inline,correct,,true|1
c00850,A,f64,1,field,while_g,print,0,inline,correct,,7.25|1
c00851,A,f64,1,field,while_g,print,1,inline,correct,,NUL|1
c00852,A,f64,1,elem,nenull,print,0,inline,correct,,7.25|1
c00853,A,f64,1,elem,nenull,print,1,inline,correct,,NUL|1
c00854,A,f64,1,elem,eqnull_else,print,0,inline,correct,,7.25|1
c00855,A,f64,1,elem,eqnull_else,print,1,inline,correct,,NUL|1
c00856,A,f64,1,elem,is_t,print,0,inline,correct,,7.25|1
c00857,A,f64,1,elem,is_t,print,1,inline,correct,,NUL|1
c00858,A,f64,1,elem,match_null,print,0,inline,correct,,7.25|1
c00859,A,f64,1,elem,match_null,print,1,inline,correct,,NUL|1
c00860,A,f64,1,elem,andguard,print,0,inline,correct,,true|1
c00861,A,f64,1,elem,andguard,print,1,inline,correct,,false|1
c00862,A,f64,1,elem,coalesce,print,0,inline,correct,,7.25|1
c00863,A,f64,1,elem,coalesce,print,1,inline,correct,,0.5|1
c00864,A,f64,1,elem,printdirect,print,0,inline,loud_check_reject,"[ERROR]: print of a union value (f64?) is type-valid but not yet supported by codegen — narrow it first, e.g. `if v is i32 { print(v) }`",7.25|1
c00865,A,f64,1,elem,printdirect,print,1,inline,loud_check_reject,"[ERROR]: print of a union value (f64?) is type-valid but not yet supported by codegen — narrow it first, e.g. `if v is i32 { print(v) }`",null|1
c00866,A,f64,1,elem,eqnullcmp,print,0,inline,correct,,false|1
c00867,A,f64,1,elem,eqnullcmp,print,1,inline,correct,,true|1
c00868,A,f64,1,elem,while_g,print,0,inline,correct,,7.25|1
c00869,A,f64,1,elem,while_g,print,1,inline,correct,,NUL|1
c00870,A,f64,1,mapval,nenull,print,0,inline,correct,,7.25|1
c00871,A,f64,1,mapval,nenull,print,1,inline,correct,,NUL|1
c00872,A,f64,1,mapval,eqnull_else,print,0,inline,correct,,7.25|1
c00873,A,f64,1,mapval,eqnull_else,print,1,inline,correct,,NUL|1
c00874,A,f64,1,mapval,is_t,print,0,inline,correct,,7.25|1
c00875,A,f64,1,mapval,is_t,print,1,inline,correct,,NUL|1
c00876,A,f64,1,mapval,match_null,print,0,inline,correct,,7.25|1
c00877,A,f64,1,mapval,match_null,print,1,inline,correct,,NUL|1
c00878,A,f64,1,mapval,andguard,print,0,inline,correct,,true|1
c00879,A,f64,1,mapval,andguard,print,1,inline,correct,,false|1
c00880,A,f64,1,mapval,coalesce,print,0,inline,correct,,7.25|1
c00881,A,f64,1,mapval,coalesce,print,1,inline,correct,,0.5|1
c00882,A,f64,1,mapval,printdirect,print,0,inline,loud_check_reject,"[ERROR]: print of a union value (f64??) is type-valid but not yet supported by codegen — narrow it first, e.g. `if v is i32 { print(v) }`",7.25|1
c00883,A,f64,1,mapval,printdirect,print,1,inline,loud_check_reject,"[ERROR]: print of a union value (f64??) is type-valid but not yet supported by codegen — narrow it first, e.g. `if v is i32 { print(v) }`",null|1
c00884,A,f64,1,mapval,eqnullcmp,print,0,inline,correct,,false|1
c00885,A,f64,1,mapval,eqnullcmp,print,1,inline,correct,,true|1
c00886,A,f64,1,mapval,while_g,print,0,inline,correct,,7.25|1
c00887,A,f64,1,mapval,while_g,print,1,inline,correct,,NUL|1
c00888,A,f64,1,capture,nenull,print,0,inline,invalid_wasm,"1: Invalid input WebAssembly code at offset 406: type mismatch: expected f64, found (ref $type)",7.25|1
c00889,A,f64,1,capture,nenull,print,1,inline,invalid_wasm,"1: Invalid input WebAssembly code at offset 396: type mismatch: expected f64, found (ref $type)",NUL|1
c00890,A,f64,1,capture,eqnull_else,print,0,inline,invalid_wasm,"1: Invalid input WebAssembly code at offset 454: type mismatch: expected f64, found (ref $type)",7.25|1
c00891,A,f64,1,capture,eqnull_else,print,1,inline,invalid_wasm,"1: Invalid input WebAssembly code at offset 444: type mismatch: expected f64, found (ref $type)",NUL|1
c00892,A,f64,1,capture,is_t,print,0,inline,loud_emit_reject,emitProgram: narrowed union binding is not a local or global,7.25|1
c00893,A,f64,1,capture,is_t,print,1,inline,loud_emit_reject,emitProgram: narrowed union binding is not a local or global,NUL|1
c00894,A,f64,1,capture,match_null,print,0,inline,loud_emit_reject,emitProgram: narrowed union binding is not a local or global,7.25|1
c00895,A,f64,1,capture,match_null,print,1,inline,loud_emit_reject,emitProgram: narrowed union binding is not a local or global,NUL|1
c00896,A,f64,1,capture,andguard,print,0,inline,invalid_wasm,"1: Invalid input WebAssembly code at offset 352: type mismatch: expected f64, found (ref $type)",true|1
c00897,A,f64,1,capture,andguard,print,1,inline,invalid_wasm,"1: Invalid input WebAssembly code at offset 341: type mismatch: expected f64, found (ref $type)",false|1
c00898,A,f64,1,capture,coalesce,print,0,inline,loud_emit_reject,emitProgram: narrowed union binding is not a local or global,7.25|1
c00899,A,f64,1,capture,coalesce,print,1,inline,loud_emit_reject,emitProgram: narrowed union binding is not a local or global,0.5|1
c00900,A,f64,1,capture,printdirect,print,0,inline,loud_check_reject,"[ERROR]: print of a union value (f64?) is type-valid but not yet supported by codegen — narrow it first, e.g. `if v is i32 { print(v) }`",7.25|1
c00901,A,f64,1,capture,printdirect,print,1,inline,loud_check_reject,"[ERROR]: print of a union value (f64?) is type-valid but not yet supported by codegen — narrow it first, e.g. `if v is i32 { print(v) }`",null|1
c00902,A,f64,1,capture,eqnullcmp,print,0,inline,correct,,false|1
c00903,A,f64,1,capture,eqnullcmp,print,1,inline,correct,,true|1
c00904,A,f64,1,capture,while_g,print,0,inline,invalid_wasm,"1: Invalid input WebAssembly code at offset 429: type mismatch: expected f64, found (ref $type)",7.25|1
c00905,A,f64,1,capture,while_g,print,1,inline,invalid_wasm,"1: Invalid input WebAssembly code at offset 419: type mismatch: expected f64, found (ref $type)",NUL|1
c00906,A,f64,1,loopvar,nenull,print,0,inline,correct,,7.25|1
c00907,A,f64,1,loopvar,nenull,print,1,inline,correct,,NUL|1
c00908,A,f64,1,loopvar,eqnull_else,print,0,inline,correct,,7.25|1
c00909,A,f64,1,loopvar,eqnull_else,print,1,inline,correct,,NUL|1
c00910,A,f64,1,loopvar,is_t,print,0,inline,correct,,7.25|1
c00911,A,f64,1,loopvar,is_t,print,1,inline,correct,,NUL|1
c00912,A,f64,1,loopvar,match_null,print,0,inline,correct,,7.25|1
c00913,A,f64,1,loopvar,match_null,print,1,inline,correct,,NUL|1
c00914,A,f64,1,loopvar,andguard,print,0,inline,correct,,true|1
c00915,A,f64,1,loopvar,andguard,print,1,inline,correct,,false|1
c00916,A,f64,1,loopvar,coalesce,print,0,inline,correct,,7.25|1
c00917,A,f64,1,loopvar,coalesce,print,1,inline,correct,,0.5|1
c00918,A,f64,1,loopvar,printdirect,print,0,inline,loud_check_reject,"[ERROR]: print of a union value (f64?) is type-valid but not yet supported by codegen — narrow it first, e.g. `if v is i32 { print(v) }`",7.25|1
c00919,A,f64,1,loopvar,printdirect,print,1,inline,loud_check_reject,"[ERROR]: print of a union value (f64?) is type-valid but not yet supported by codegen — narrow it first, e.g. `if v is i32 { print(v) }`",null|1
c00920,A,f64,1,loopvar,eqnullcmp,print,0,inline,correct,,false|1
c00921,A,f64,1,loopvar,eqnullcmp,print,1,inline,correct,,true|1
c00922,A,f64,1,loopvar,while_g,print,0,inline,correct,,7.25|1
c00923,A,f64,1,loopvar,while_g,print,1,inline,correct,,NUL|1
c00924,A,f32,0,const_local,direct,print,0,inline,correct,,7.25|1
c00925,A,f32,0,const_local,direct,print,1,inline,correct,,8.75|1
c00926,A,f32,0,const_local,is_t,print,0,inline,correct,,7.25|1
c00927,A,f32,0,const_local,is_t,print,1,inline,correct,,8.75|1
c00928,A,f32,0,const_local,eqcmp,print,0,inline,correct,,true|1
c00929,A,f32,0,const_local,eqcmp,print,1,inline,correct,,false|1
c00930,A,f32,0,const_local,coalesce,print,0,inline,loud_emit_reject,emitProgram: `??` is only supported on a map index get,7.25|1
c00931,A,f32,0,const_local,coalesce,print,1,inline,loud_emit_reject,emitProgram: `??` is only supported on a map index get,8.75|1
c00932,A,f32,0,const_local,printdirect,print,0,inline,correct,,7.25|1
c00933,A,f32,0,const_local,printdirect,print,1,inline,correct,,8.75|1
c00934,A,f32,0,let_local,direct,print,0,inline,correct,,7.25|1
c00935,A,f32,0,let_local,direct,print,1,inline,correct,,8.75|1
c00936,A,f32,0,let_local,is_t,print,0,inline,correct,,7.25|1
c00937,A,f32,0,let_local,is_t,print,1,inline,correct,,8.75|1
c00938,A,f32,0,let_local,eqcmp,print,0,inline,correct,,true|1
c00939,A,f32,0,let_local,eqcmp,print,1,inline,correct,,false|1
c00940,A,f32,0,let_local,coalesce,print,0,inline,loud_emit_reject,emitProgram: `??` is only supported on a map index get,7.25|1
c00941,A,f32,0,let_local,coalesce,print,1,inline,loud_emit_reject,emitProgram: `??` is only supported on a map index get,8.75|1
c00942,A,f32,0,let_local,printdirect,print,0,inline,correct,,7.25|1
c00943,A,f32,0,let_local,printdirect,print,1,inline,correct,,8.75|1
c00944,A,f32,0,param,direct,print,0,inline,correct,,7.25|1
c00945,A,f32,0,param,direct,print,1,inline,correct,,8.75|1
c00946,A,f32,0,param,is_t,print,0,inline,correct,,7.25|1
c00947,A,f32,0,param,is_t,print,1,inline,correct,,8.75|1
c00948,A,f32,0,param,eqcmp,print,0,inline,correct,,true|1
c00949,A,f32,0,param,eqcmp,print,1,inline,correct,,false|1
c00950,A,f32,0,param,coalesce,print,0,inline,loud_emit_reject,emitProgram: `??` is only supported on a map index get,7.25|1
c00951,A,f32,0,param,coalesce,print,1,inline,loud_emit_reject,emitProgram: `??` is only supported on a map index get,8.75|1
c00952,A,f32,0,param,printdirect,print,0,inline,correct,,7.25|1
c00953,A,f32,0,param,printdirect,print,1,inline,correct,,8.75|1
c00954,A,f32,0,ret_unann,direct,print,0,inline,correct,,7.25|1
c00955,A,f32,0,ret_unann,direct,print,1,inline,correct,,8.75|1
c00956,A,f32,0,ret_unann,is_t,print,0,inline,correct,,7.25|1
c00957,A,f32,0,ret_unann,is_t,print,1,inline,correct,,8.75|1
c00958,A,f32,0,ret_unann,eqcmp,print,0,inline,correct,,true|1
c00959,A,f32,0,ret_unann,eqcmp,print,1,inline,correct,,false|1
c00960,A,f32,0,ret_unann,coalesce,print,0,inline,loud_emit_reject,emitProgram: `??` is only supported on a map index get,7.25|1
c00961,A,f32,0,ret_unann,coalesce,print,1,inline,loud_emit_reject,emitProgram: `??` is only supported on a map index get,8.75|1
c00962,A,f32,0,ret_unann,printdirect,print,0,inline,correct,,7.25|1
c00963,A,f32,0,ret_unann,printdirect,print,1,inline,correct,,8.75|1
c00964,A,f32,0,ret_ann,direct,print,0,inline,correct,,7.25|1
c00965,A,f32,0,ret_ann,direct,print,1,inline,correct,,8.75|1
c00966,A,f32,0,ret_ann,is_t,print,0,inline,correct,,7.25|1
c00967,A,f32,0,ret_ann,is_t,print,1,inline,correct,,8.75|1
c00968,A,f32,0,ret_ann,eqcmp,print,0,inline,correct,,true|1
c00969,A,f32,0,ret_ann,eqcmp,print,1,inline,correct,,false|1
c00970,A,f32,0,ret_ann,coalesce,print,0,inline,loud_emit_reject,emitProgram: `??` is only supported on a map index get,7.25|1
c00971,A,f32,0,ret_ann,coalesce,print,1,inline,loud_emit_reject,emitProgram: `??` is only supported on a map index get,8.75|1
c00972,A,f32,0,ret_ann,printdirect,print,0,inline,correct,,7.25|1
c00973,A,f32,0,ret_ann,printdirect,print,1,inline,correct,,8.75|1
c00974,A,f32,0,global,direct,print,0,inline,correct,,7.25|1
c00975,A,f32,0,global,direct,print,1,inline,correct,,8.75|1
c00976,A,f32,0,global,is_t,print,0,inline,correct,,7.25|1
c00977,A,f32,0,global,is_t,print,1,inline,correct,,8.75|1
c00978,A,f32,0,global,eqcmp,print,0,inline,correct,,true|1
c00979,A,f32,0,global,eqcmp,print,1,inline,correct,,false|1
c00980,A,f32,0,global,coalesce,print,0,inline,loud_emit_reject,emitProgram: `??` is only supported on a map index get,7.25|1
c00981,A,f32,0,global,coalesce,print,1,inline,loud_emit_reject,emitProgram: `??` is only supported on a map index get,8.75|1
c00982,A,f32,0,global,printdirect,print,0,inline,correct,,7.25|1
c00983,A,f32,0,global,printdirect,print,1,inline,correct,,8.75|1
c00984,A,f32,0,field,direct,print,0,inline,correct,,7.25|1
c00985,A,f32,0,field,direct,print,1,inline,correct,,8.75|1
c00986,A,f32,0,field,is_t,print,0,inline,correct,,7.25|1
c00987,A,f32,0,field,is_t,print,1,inline,correct,,8.75|1
c00988,A,f32,0,field,eqcmp,print,0,inline,correct,,true|1
c00989,A,f32,0,field,eqcmp,print,1,inline,correct,,false|1
c00990,A,f32,0,field,coalesce,print,0,inline,loud_emit_reject,emitProgram: `??` is only supported on a map index get,7.25|1
c00991,A,f32,0,field,coalesce,print,1,inline,loud_emit_reject,emitProgram: `??` is only supported on a map index get,8.75|1
c00992,A,f32,0,field,printdirect,print,0,inline,correct,,7.25|1
c00993,A,f32,0,field,printdirect,print,1,inline,correct,,8.75|1
c00994,A,f32,0,elem,direct,print,0,inline,correct,,7.25|1
c00995,A,f32,0,elem,direct,print,1,inline,correct,,8.75|1
c00996,A,f32,0,elem,is_t,print,0,inline,correct,,7.25|1
c00997,A,f32,0,elem,is_t,print,1,inline,correct,,8.75|1
c00998,A,f32,0,elem,eqcmp,print,0,inline,correct,,true|1
c00999,A,f32,0,elem,eqcmp,print,1,inline,correct,,false|1
c01000,A,f32,0,elem,coalesce,print,0,inline,loud_emit_reject,emitProgram: `??` is only supported on a map index get,7.25|1
c01001,A,f32,0,elem,coalesce,print,1,inline,loud_emit_reject,emitProgram: `??` is only supported on a map index get,8.75|1
c01002,A,f32,0,elem,printdirect,print,0,inline,correct,,7.25|1
c01003,A,f32,0,elem,printdirect,print,1,inline,correct,,8.75|1
c01004,A,f32,0,mapval,direct,print,0,inline,loud_check_reject,"[ERROR]: print of a union value (f32?) is type-valid but not yet supported by codegen — narrow it first, e.g. `if v is i32 { print(v) }`",7.25|1
c01005,A,f32,0,mapval,direct,print,1,inline,loud_check_reject,"[ERROR]: print of a union value (f32?) is type-valid but not yet supported by codegen — narrow it first, e.g. `if v is i32 { print(v) }`",8.75|1
c01006,A,f32,0,mapval,is_t,print,0,inline,loud_emit_reject,emitProgram: `is` test but no union type declared,7.25|1
c01007,A,f32,0,mapval,is_t,print,1,inline,loud_emit_reject,emitProgram: `is` test but no union type declared,8.75|1
c01008,A,f32,0,mapval,eqcmp,print,0,inline,loud_check_reject,[ERROR]: cannot compare f32? with f64,true|1
c01009,A,f32,0,mapval,eqcmp,print,1,inline,loud_check_reject,[ERROR]: cannot compare f32? with f64,false|1
c01010,A,f32,0,mapval,coalesce,print,0,inline,loud_emit_reject,emitProgram: `??` is only supported on a map index get,7.25|1
c01011,A,f32,0,mapval,coalesce,print,1,inline,loud_emit_reject,emitProgram: `??` is only supported on a map index get,8.75|1
c01012,A,f32,0,mapval,printdirect,print,0,inline,loud_check_reject,"[ERROR]: print of a union value (f32?) is type-valid but not yet supported by codegen — narrow it first, e.g. `if v is i32 { print(v) }`",7.25|1
c01013,A,f32,0,mapval,printdirect,print,1,inline,loud_check_reject,"[ERROR]: print of a union value (f32?) is type-valid but not yet supported by codegen — narrow it first, e.g. `if v is i32 { print(v) }`",8.75|1
c01014,A,f32,0,capture,direct,print,0,inline,correct,,7.25|1
c01015,A,f32,0,capture,direct,print,1,inline,correct,,8.75|1
c01016,A,f32,0,capture,is_t,print,0,inline,correct,,7.25|1
c01017,A,f32,0,capture,is_t,print,1,inline,correct,,8.75|1
c01018,A,f32,0,capture,eqcmp,print,0,inline,correct,,true|1
c01019,A,f32,0,capture,eqcmp,print,1,inline,correct,,false|1
c01020,A,f32,0,capture,coalesce,print,0,inline,loud_emit_reject,emitProgram: `??` is only supported on a map index get,7.25|1
c01021,A,f32,0,capture,coalesce,print,1,inline,loud_emit_reject,emitProgram: `??` is only supported on a map index get,8.75|1
c01022,A,f32,0,capture,printdirect,print,0,inline,correct,,7.25|1
c01023,A,f32,0,capture,printdirect,print,1,inline,correct,,8.75|1
c01024,A,f32,0,loopvar,direct,print,0,inline,correct,,7.25|1
c01025,A,f32,0,loopvar,direct,print,1,inline,correct,,8.75|1
c01026,A,f32,0,loopvar,is_t,print,0,inline,correct,,7.25|1
c01027,A,f32,0,loopvar,is_t,print,1,inline,correct,,8.75|1
c01028,A,f32,0,loopvar,eqcmp,print,0,inline,correct,,true|1
c01029,A,f32,0,loopvar,eqcmp,print,1,inline,correct,,false|1
c01030,A,f32,0,loopvar,coalesce,print,0,inline,loud_emit_reject,emitProgram: `??` is only supported on a map index get,7.25|1
c01031,A,f32,0,loopvar,coalesce,print,1,inline,loud_emit_reject,emitProgram: `??` is only supported on a map index get,8.75|1
c01032,A,f32,0,loopvar,printdirect,print,0,inline,correct,,7.25|1
c01033,A,f32,0,loopvar,printdirect,print,1,inline,correct,,8.75|1
c01034,A,f32,1,const_local,nenull,print,0,inline,correct,,7.25|1
c01035,A,f32,1,const_local,nenull,print,1,inline,correct,,NUL|1
c01036,A,f32,1,const_local,eqnull_else,print,0,inline,correct,,7.25|1
c01037,A,f32,1,const_local,eqnull_else,print,1,inline,correct,,NUL|1
c01038,A,f32,1,const_local,is_t,print,0,inline,correct,,7.25|1
c01039,A,f32,1,const_local,is_t,print,1,inline,correct,,NUL|1
c01040,A,f32,1,const_local,match_null,print,0,inline,correct,,7.25|1
c01041,A,f32,1,const_local,match_null,print,1,inline,correct,,NUL|1
c01042,A,f32,1,const_local,andguard,print,0,inline,correct,,true|1
c01043,A,f32,1,const_local,andguard,print,1,inline,correct,,false|1
c01044,A,f32,1,const_local,coalesce,print,0,inline,correct,,7.25|1
c01045,A,f32,1,const_local,coalesce,print,1,inline,correct,,0.5|1
c01046,A,f32,1,const_local,printdirect,print,0,inline,loud_check_reject,"[ERROR]: print of a union value (f32?) is type-valid but not yet supported by codegen — narrow it first, e.g. `if v is i32 { print(v) }`",7.25|1
c01047,A,f32,1,const_local,printdirect,print,1,inline,loud_check_reject,"[ERROR]: print of a union value (f32?) is type-valid but not yet supported by codegen — narrow it first, e.g. `if v is i32 { print(v) }`",null|1
c01048,A,f32,1,const_local,eqnullcmp,print,0,inline,correct,,false|1
c01049,A,f32,1,const_local,eqnullcmp,print,1,inline,correct,,true|1
c01050,A,f32,1,const_local,while_g,print,0,inline,correct,,7.25|1
c01051,A,f32,1,const_local,while_g,print,1,inline,correct,,NUL|1
c01052,A,f32,1,let_local,nenull,print,0,inline,correct,,7.25|1
c01053,A,f32,1,let_local,nenull,print,1,inline,correct,,NUL|1
c01054,A,f32,1,let_local,eqnull_else,print,0,inline,correct,,7.25|1
c01055,A,f32,1,let_local,eqnull_else,print,1,inline,correct,,NUL|1
c01056,A,f32,1,let_local,is_t,print,0,inline,correct,,7.25|1
c01057,A,f32,1,let_local,is_t,print,1,inline,correct,,NUL|1
c01058,A,f32,1,let_local,match_null,print,0,inline,correct,,7.25|1
c01059,A,f32,1,let_local,match_null,print,1,inline,correct,,NUL|1
c01060,A,f32,1,let_local,andguard,print,0,inline,correct,,true|1
c01061,A,f32,1,let_local,andguard,print,1,inline,correct,,false|1
c01062,A,f32,1,let_local,coalesce,print,0,inline,correct,,7.25|1
c01063,A,f32,1,let_local,coalesce,print,1,inline,correct,,0.5|1
c01064,A,f32,1,let_local,printdirect,print,0,inline,loud_check_reject,"[ERROR]: print of a union value (f32?) is type-valid but not yet supported by codegen — narrow it first, e.g. `if v is i32 { print(v) }`",7.25|1
c01065,A,f32,1,let_local,printdirect,print,1,inline,loud_check_reject,"[ERROR]: print of a union value (f32?) is type-valid but not yet supported by codegen — narrow it first, e.g. `if v is i32 { print(v) }`",null|1
c01066,A,f32,1,let_local,eqnullcmp,print,0,inline,correct,,false|1
c01067,A,f32,1,let_local,eqnullcmp,print,1,inline,correct,,true|1
c01068,A,f32,1,let_local,while_g,print,0,inline,correct,,7.25|1
c01069,A,f32,1,let_local,while_g,print,1,inline,correct,,NUL|1
c01070,A,f32,1,param,nenull,print,0,inline,correct,,7.25|1
c01071,A,f32,1,param,nenull,print,1,inline,correct,,NUL|1
c01072,A,f32,1,param,eqnull_else,print,0,inline,correct,,7.25|1
c01073,A,f32,1,param,eqnull_else,print,1,inline,correct,,NUL|1
c01074,A,f32,1,param,is_t,print,0,inline,correct,,7.25|1
c01075,A,f32,1,param,is_t,print,1,inline,correct,,NUL|1
c01076,A,f32,1,param,match_null,print,0,inline,correct,,7.25|1
c01077,A,f32,1,param,match_null,print,1,inline,correct,,NUL|1
c01078,A,f32,1,param,andguard,print,0,inline,correct,,true|1
c01079,A,f32,1,param,andguard,print,1,inline,correct,,false|1
c01080,A,f32,1,param,coalesce,print,0,inline,correct,,7.25|1
c01081,A,f32,1,param,coalesce,print,1,inline,correct,,0.5|1
c01082,A,f32,1,param,printdirect,print,0,inline,loud_check_reject,"[ERROR]: print of a union value (f32?) is type-valid but not yet supported by codegen — narrow it first, e.g. `if v is i32 { print(v) }`",7.25|1
c01083,A,f32,1,param,printdirect,print,1,inline,loud_check_reject,"[ERROR]: print of a union value (f32?) is type-valid but not yet supported by codegen — narrow it first, e.g. `if v is i32 { print(v) }`",null|1
c01084,A,f32,1,param,eqnullcmp,print,0,inline,correct,,false|1
c01085,A,f32,1,param,eqnullcmp,print,1,inline,correct,,true|1
c01086,A,f32,1,param,while_g,print,0,inline,correct,,7.25|1
c01087,A,f32,1,param,while_g,print,1,inline,correct,,NUL|1
c01088,A,f32,1,ret_unann,nenull,print,0,inline,correct,,7.25|1
c01089,A,f32,1,ret_unann,nenull,print,1,inline,correct,,NUL|1
c01090,A,f32,1,ret_unann,eqnull_else,print,0,inline,correct,,7.25|1
c01091,A,f32,1,ret_unann,eqnull_else,print,1,inline,correct,,NUL|1
c01092,A,f32,1,ret_unann,is_t,print,0,inline,correct,,7.25|1
c01093,A,f32,1,ret_unann,is_t,print,1,inline,correct,,NUL|1
c01094,A,f32,1,ret_unann,match_null,print,0,inline,correct,,7.25|1
c01095,A,f32,1,ret_unann,match_null,print,1,inline,correct,,NUL|1
c01096,A,f32,1,ret_unann,andguard,print,0,inline,correct,,true|1
c01097,A,f32,1,ret_unann,andguard,print,1,inline,correct,,false|1
c01098,A,f32,1,ret_unann,coalesce,print,0,inline,correct,,7.25|1
c01099,A,f32,1,ret_unann,coalesce,print,1,inline,correct,,0.5|1
c01100,A,f32,1,ret_unann,printdirect,print,0,inline,loud_check_reject,"[ERROR]: print of a union value (f32?) is type-valid but not yet supported by codegen — narrow it first, e.g. `if v is i32 { print(v) }`",7.25|1
c01101,A,f32,1,ret_unann,printdirect,print,1,inline,loud_check_reject,"[ERROR]: print of a union value (f32?) is type-valid but not yet supported by codegen — narrow it first, e.g. `if v is i32 { print(v) }`",null|1
c01102,A,f32,1,ret_unann,eqnullcmp,print,0,inline,correct,,false|1
c01103,A,f32,1,ret_unann,eqnullcmp,print,1,inline,correct,,true|1
c01104,A,f32,1,ret_unann,while_g,print,0,inline,correct,,7.25|1
c01105,A,f32,1,ret_unann,while_g,print,1,inline,correct,,NUL|1
c01106,A,f32,1,ret_ann,nenull,print,0,inline,correct,,7.25|1
c01107,A,f32,1,ret_ann,nenull,print,1,inline,correct,,NUL|1
c01108,A,f32,1,ret_ann,eqnull_else,print,0,inline,correct,,7.25|1
c01109,A,f32,1,ret_ann,eqnull_else,print,1,inline,correct,,NUL|1
c01110,A,f32,1,ret_ann,is_t,print,0,inline,correct,,7.25|1
c01111,A,f32,1,ret_ann,is_t,print,1,inline,correct,,NUL|1
c01112,A,f32,1,ret_ann,match_null,print,0,inline,correct,,7.25|1
c01113,A,f32,1,ret_ann,match_null,print,1,inline,correct,,NUL|1
c01114,A,f32,1,ret_ann,andguard,print,0,inline,correct,,true|1
c01115,A,f32,1,ret_ann,andguard,print,1,inline,correct,,false|1
c01116,A,f32,1,ret_ann,coalesce,print,0,inline,correct,,7.25|1
c01117,A,f32,1,ret_ann,coalesce,print,1,inline,correct,,0.5|1
c01118,A,f32,1,ret_ann,printdirect,print,0,inline,loud_check_reject,"[ERROR]: print of a union value (f32?) is type-valid but not yet supported by codegen — narrow it first, e.g. `if v is i32 { print(v) }`",7.25|1
c01119,A,f32,1,ret_ann,printdirect,print,1,inline,loud_check_reject,"[ERROR]: print of a union value (f32?) is type-valid but not yet supported by codegen — narrow it first, e.g. `if v is i32 { print(v) }`",null|1
c01120,A,f32,1,ret_ann,eqnullcmp,print,0,inline,correct,,false|1
c01121,A,f32,1,ret_ann,eqnullcmp,print,1,inline,correct,,true|1
c01122,A,f32,1,ret_ann,while_g,print,0,inline,correct,,7.25|1
c01123,A,f32,1,ret_ann,while_g,print,1,inline,correct,,NUL|1
c01124,A,f32,1,global,nenull,print,0,inline,correct,,7.25|1
c01125,A,f32,1,global,nenull,print,1,inline,correct,,NUL|1
c01126,A,f32,1,global,eqnull_else,print,0,inline,correct,,7.25|1
c01127,A,f32,1,global,eqnull_else,print,1,inline,correct,,NUL|1
c01128,A,f32,1,global,is_t,print,0,inline,correct,,7.25|1
c01129,A,f32,1,global,is_t,print,1,inline,correct,,NUL|1
c01130,A,f32,1,global,match_null,print,0,inline,correct,,7.25|1
c01131,A,f32,1,global,match_null,print,1,inline,correct,,NUL|1
c01132,A,f32,1,global,andguard,print,0,inline,correct,,true|1
c01133,A,f32,1,global,andguard,print,1,inline,correct,,false|1
c01134,A,f32,1,global,coalesce,print,0,inline,correct,,7.25|1
c01135,A,f32,1,global,coalesce,print,1,inline,correct,,0.5|1
c01136,A,f32,1,global,printdirect,print,0,inline,loud_check_reject,"[ERROR]: print of a union value (f32?) is type-valid but not yet supported by codegen — narrow it first, e.g. `if v is i32 { print(v) }`",7.25|1
c01137,A,f32,1,global,printdirect,print,1,inline,loud_check_reject,"[ERROR]: print of a union value (f32?) is type-valid but not yet supported by codegen — narrow it first, e.g. `if v is i32 { print(v) }`",null|1
c01138,A,f32,1,global,eqnullcmp,print,0,inline,correct,,false|1
c01139,A,f32,1,global,eqnullcmp,print,1,inline,correct,,true|1
c01140,A,f32,1,global,while_g,print,0,inline,correct,,7.25|1
c01141,A,f32,1,global,while_g,print,1,inline,correct,,NUL|1
c01142,A,f32,1,field,nenull,print,0,inline,correct,,7.25|1
c01143,A,f32,1,field,nenull,print,1,inline,correct,,NUL|1
c01144,A,f32,1,field,eqnull_else,print,0,inline,correct,,7.25|1
c01145,A,f32,1,field,eqnull_else,print,1,inline,correct,,NUL|1
c01146,A,f32,1,field,is_t,print,0,inline,correct,,7.25|1
c01147,A,f32,1,field,is_t,print,1,inline,correct,,NUL|1
c01148,A,f32,1,field,match_null,print,0,inline,correct,,7.25|1
c01149,A,f32,1,field,match_null,print,1,inline,correct,,NUL|1
c01150,A,f32,1,field,andguard,print,0,inline,correct,,true|1
c01151,A,f32,1,field,andguard,print,1,inline,correct,,false|1
c01152,A,f32,1,field,coalesce,print,0,inline,correct,,7.25|1
c01153,A,f32,1,field,coalesce,print,1,inline,correct,,0.5|1
c01154,A,f32,1,field,printdirect,print,0,inline,loud_check_reject,"[ERROR]: print of a union value (f32?) is type-valid but not yet supported by codegen — narrow it first, e.g. `if v is i32 { print(v) }`",7.25|1
c01155,A,f32,1,field,printdirect,print,1,inline,loud_check_reject,"[ERROR]: print of a union value (f32?) is type-valid but not yet supported by codegen — narrow it first, e.g. `if v is i32 { print(v) }`",null|1
c01156,A,f32,1,field,eqnullcmp,print,0,inline,correct,,false|1
c01157,A,f32,1,field,eqnullcmp,print,1,inline,correct,,true|1
c01158,A,f32,1,field,while_g,print,0,inline,correct,,7.25|1
c01159,A,f32,1,field,while_g,print,1,inline,correct,,NUL|1
c01160,A,f32,1,elem,nenull,print,0,inline,correct,,7.25|1
c01161,A,f32,1,elem,nenull,print,1,inline,correct,,NUL|1
c01162,A,f32,1,elem,eqnull_else,print,0,inline,correct,,7.25|1
c01163,A,f32,1,elem,eqnull_else,print,1,inline,correct,,NUL|1
c01164,A,f32,1,elem,is_t,print,0,inline,correct,,7.25|1
c01165,A,f32,1,elem,is_t,print,1,inline,correct,,NUL|1
c01166,A,f32,1,elem,match_null,print,0,inline,correct,,7.25|1
c01167,A,f32,1,elem,match_null,print,1,inline,correct,,NUL|1
c01168,A,f32,1,elem,andguard,print,0,inline,correct,,true|1
c01169,A,f32,1,elem,andguard,print,1,inline,correct,,false|1
c01170,A,f32,1,elem,coalesce,print,0,inline,correct,,7.25|1
c01171,A,f32,1,elem,coalesce,print,1,inline,correct,,0.5|1
c01172,A,f32,1,elem,printdirect,print,0,inline,loud_check_reject,"[ERROR]: print of a union value (f32?) is type-valid but not yet supported by codegen — narrow it first, e.g. `if v is i32 { print(v) }`",7.25|1
c01173,A,f32,1,elem,printdirect,print,1,inline,loud_check_reject,"[ERROR]: print of a union value (f32?) is type-valid but not yet supported by codegen — narrow it first, e.g. `if v is i32 { print(v) }`",null|1
c01174,A,f32,1,elem,eqnullcmp,print,0,inline,correct,,false|1
c01175,A,f32,1,elem,eqnullcmp,print,1,inline,correct,,true|1
c01176,A,f32,1,elem,while_g,print,0,inline,correct,,7.25|1
c01177,A,f32,1,elem,while_g,print,1,inline,correct,,NUL|1
c01178,A,f32,1,mapval,nenull,print,0,inline,correct,,7.25|1
c01179,A,f32,1,mapval,nenull,print,1,inline,correct,,NUL|1
c01180,A,f32,1,mapval,eqnull_else,print,0,inline,correct,,7.25|1
c01181,A,f32,1,mapval,eqnull_else,print,1,inline,correct,,NUL|1
c01182,A,f32,1,mapval,is_t,print,0,inline,correct,,7.25|1
c01183,A,f32,1,mapval,is_t,print,1,inline,correct,,NUL|1
c01184,A,f32,1,mapval,match_null,print,0,inline,correct,,7.25|1
c01185,A,f32,1,mapval,match_null,print,1,inline,correct,,NUL|1
c01186,A,f32,1,mapval,andguard,print,0,inline,correct,,true|1
c01187,A,f32,1,mapval,andguard,print,1,inline,correct,,false|1
c01188,A,f32,1,mapval,coalesce,print,0,inline,correct,,7.25|1
c01189,A,f32,1,mapval,coalesce,print,1,inline,correct,,0.5|1
c01190,A,f32,1,mapval,printdirect,print,0,inline,loud_check_reject,"[ERROR]: print of a union value (f32??) is type-valid but not yet supported by codegen — narrow it first, e.g. `if v is i32 { print(v) }`",7.25|1
c01191,A,f32,1,mapval,printdirect,print,1,inline,loud_check_reject,"[ERROR]: print of a union value (f32??) is type-valid but not yet supported by codegen — narrow it first, e.g. `if v is i32 { print(v) }`",null|1
c01192,A,f32,1,mapval,eqnullcmp,print,0,inline,correct,,false|1
c01193,A,f32,1,mapval,eqnullcmp,print,1,inline,correct,,true|1
c01194,A,f32,1,mapval,while_g,print,0,inline,correct,,7.25|1
c01195,A,f32,1,mapval,while_g,print,1,inline,correct,,NUL|1
c01196,A,f32,1,capture,nenull,print,0,inline,invalid_wasm,"1: Invalid input WebAssembly code at offset 430: type mismatch: expected f32, found (ref $type)",7.25|1
c01197,A,f32,1,capture,nenull,print,1,inline,invalid_wasm,"1: Invalid input WebAssembly code at offset 396: type mismatch: expected f32, found (ref $type)",NUL|1
c01198,A,f32,1,capture,eqnull_else,print,0,inline,invalid_wasm,"1: Invalid input WebAssembly code at offset 478: type mismatch: expected f32, found (ref $type)",7.25|1
c01199,A,f32,1,capture,eqnull_else,print,1,inline,invalid_wasm,"1: Invalid input WebAssembly code at offset 444: type mismatch: expected f32, found (ref $type)",NUL|1
c01200,A,f32,1,capture,is_t,print,0,inline,loud_emit_reject,emitProgram: narrowed union binding is not a local or global,7.25|1
c01201,A,f32,1,capture,is_t,print,1,inline,loud_emit_reject,emitProgram: narrowed union binding is not a local or global,NUL|1
c01202,A,f32,1,capture,match_null,print,0,inline,loud_emit_reject,emitProgram: narrowed union binding is not a local or global,7.25|1
c01203,A,f32,1,capture,match_null,print,1,inline,loud_emit_reject,emitProgram: narrowed union binding is not a local or global,NUL|1
c01204,A,f32,1,capture,andguard,print,0,inline,invalid_wasm,"1: Invalid input WebAssembly code at offset 371: type mismatch: expected f32, found (ref $type)",true|1
c01205,A,f32,1,capture,andguard,print,1,inline,invalid_wasm,"1: Invalid input WebAssembly code at offset 365: type mismatch: expected f32, found (ref $type)",false|1
c01206,A,f32,1,capture,coalesce,print,0,inline,loud_emit_reject,emitProgram: narrowed union binding is not a local or global,7.25|1
c01207,A,f32,1,capture,coalesce,print,1,inline,loud_emit_reject,emitProgram: narrowed union binding is not a local or global,0.5|1
c01208,A,f32,1,capture,printdirect,print,0,inline,loud_check_reject,"[ERROR]: print of a union value (f32?) is type-valid but not yet supported by codegen — narrow it first, e.g. `if v is i32 { print(v) }`",7.25|1
c01209,A,f32,1,capture,printdirect,print,1,inline,loud_check_reject,"[ERROR]: print of a union value (f32?) is type-valid but not yet supported by codegen — narrow it first, e.g. `if v is i32 { print(v) }`",null|1
c01210,A,f32,1,capture,eqnullcmp,print,0,inline,correct,,false|1
c01211,A,f32,1,capture,eqnullcmp,print,1,inline,correct,,true|1
c01212,A,f32,1,capture,while_g,print,0,inline,invalid_wasm,"1: Invalid input WebAssembly code at offset 453: type mismatch: expected f32, found (ref $type)",7.25|1
c01213,A,f32,1,capture,while_g,print,1,inline,invalid_wasm,"1: Invalid input WebAssembly code at offset 419: type mismatch: expected f32, found (ref $type)",NUL|1
c01214,A,f32,1,loopvar,nenull,print,0,inline,correct,,7.25|1
c01215,A,f32,1,loopvar,nenull,print,1,inline,correct,,NUL|1
c01216,A,f32,1,loopvar,eqnull_else,print,0,inline,correct,,7.25|1
c01217,A,f32,1,loopvar,eqnull_else,print,1,inline,correct,,NUL|1
c01218,A,f32,1,loopvar,is_t,print,0,inline,correct,,7.25|1
c01219,A,f32,1,loopvar,is_t,print,1,inline,correct,,NUL|1
c01220,A,f32,1,loopvar,match_null,print,0,inline,correct,,7.25|1
c01221,A,f32,1,loopvar,match_null,print,1,inline,correct,,NUL|1
c01222,A,f32,1,loopvar,andguard,print,0,inline,correct,,true|1
c01223,A,f32,1,loopvar,andguard,print,1,inline,correct,,false|1
c01224,A,f32,1,loopvar,coalesce,print,0,inline,correct,,7.25|1
c01225,A,f32,1,loopvar,coalesce,print,1,inline,correct,,0.5|1
c01226,A,f32,1,loopvar,printdirect,print,0,inline,loud_check_reject,"[ERROR]: print of a union value (f32?) is type-valid but not yet supported by codegen — narrow it first, e.g. `if v is i32 { print(v) }`",7.25|1
c01227,A,f32,1,loopvar,printdirect,print,1,inline,loud_check_reject,"[ERROR]: print of a union value (f32?) is type-valid but not yet supported by codegen — narrow it first, e.g. `if v is i32 { print(v) }`",null|1
c01228,A,f32,1,loopvar,eqnullcmp,print,0,inline,correct,,false|1
c01229,A,f32,1,loopvar,eqnullcmp,print,1,inline,correct,,true|1
c01230,A,f32,1,loopvar,while_g,print,0,inline,correct,,7.25|1
c01231,A,f32,1,loopvar,while_g,print,1,inline,correct,,NUL|1
c01232,A,boolean,0,const_local,direct,print,0,inline,correct,,true|1
c01233,A,boolean,0,const_local,direct,print,1,inline,correct,,false|1
c01234,A,boolean,0,const_local,is_t,print,0,inline,correct,,true|1
c01235,A,boolean,0,const_local,is_t,print,1,inline,correct,,false|1
c01236,A,boolean,0,const_local,eqcmp,print,0,inline,correct,,true|1
c01237,A,boolean,0,const_local,eqcmp,print,1,inline,correct,,false|1
c01238,A,boolean,0,const_local,coalesce,print,0,inline,loud_emit_reject,emitProgram: `??` is only supported on a map index get,true|1
c01239,A,boolean,0,const_local,coalesce,print,1,inline,loud_emit_reject,emitProgram: `??` is only supported on a map index get,false|1
c01240,A,boolean,0,const_local,printdirect,print,0,inline,correct,,true|1
c01241,A,boolean,0,const_local,printdirect,print,1,inline,correct,,false|1
c01242,A,boolean,0,let_local,direct,print,0,inline,correct,,true|1
c01243,A,boolean,0,let_local,direct,print,1,inline,correct,,false|1
c01244,A,boolean,0,let_local,is_t,print,0,inline,correct,,true|1
c01245,A,boolean,0,let_local,is_t,print,1,inline,correct,,false|1
c01246,A,boolean,0,let_local,eqcmp,print,0,inline,correct,,true|1
c01247,A,boolean,0,let_local,eqcmp,print,1,inline,correct,,false|1
c01248,A,boolean,0,let_local,coalesce,print,0,inline,loud_emit_reject,emitProgram: `??` is only supported on a map index get,true|1
c01249,A,boolean,0,let_local,coalesce,print,1,inline,loud_emit_reject,emitProgram: `??` is only supported on a map index get,false|1
c01250,A,boolean,0,let_local,printdirect,print,0,inline,correct,,true|1
c01251,A,boolean,0,let_local,printdirect,print,1,inline,correct,,false|1
c01252,A,boolean,0,param,direct,print,0,inline,correct,,true|1
c01253,A,boolean,0,param,direct,print,1,inline,correct,,false|1
c01254,A,boolean,0,param,is_t,print,0,inline,correct,,true|1
c01255,A,boolean,0,param,is_t,print,1,inline,correct,,false|1
c01256,A,boolean,0,param,eqcmp,print,0,inline,correct,,true|1
c01257,A,boolean,0,param,eqcmp,print,1,inline,correct,,false|1
c01258,A,boolean,0,param,coalesce,print,0,inline,loud_emit_reject,emitProgram: `??` is only supported on a map index get,true|1
c01259,A,boolean,0,param,coalesce,print,1,inline,loud_emit_reject,emitProgram: `??` is only supported on a map index get,false|1
c01260,A,boolean,0,param,printdirect,print,0,inline,correct,,true|1
c01261,A,boolean,0,param,printdirect,print,1,inline,correct,,false|1
c01262,A,boolean,0,ret_unann,direct,print,0,inline,correct,,true|1
c01263,A,boolean,0,ret_unann,direct,print,1,inline,correct,,false|1
c01264,A,boolean,0,ret_unann,is_t,print,0,inline,correct,,true|1
c01265,A,boolean,0,ret_unann,is_t,print,1,inline,correct,,false|1
c01266,A,boolean,0,ret_unann,eqcmp,print,0,inline,correct,,true|1
c01267,A,boolean,0,ret_unann,eqcmp,print,1,inline,correct,,false|1
c01268,A,boolean,0,ret_unann,coalesce,print,0,inline,loud_emit_reject,emitProgram: `??` is only supported on a map index get,true|1
c01269,A,boolean,0,ret_unann,coalesce,print,1,inline,loud_emit_reject,emitProgram: `??` is only supported on a map index get,false|1
c01270,A,boolean,0,ret_unann,printdirect,print,0,inline,correct,,true|1
c01271,A,boolean,0,ret_unann,printdirect,print,1,inline,correct,,false|1
c01272,A,boolean,0,ret_ann,direct,print,0,inline,correct,,true|1
c01273,A,boolean,0,ret_ann,direct,print,1,inline,correct,,false|1
c01274,A,boolean,0,ret_ann,is_t,print,0,inline,correct,,true|1
c01275,A,boolean,0,ret_ann,is_t,print,1,inline,correct,,false|1
c01276,A,boolean,0,ret_ann,eqcmp,print,0,inline,correct,,true|1
c01277,A,boolean,0,ret_ann,eqcmp,print,1,inline,correct,,false|1
c01278,A,boolean,0,ret_ann,coalesce,print,0,inline,loud_emit_reject,emitProgram: `??` is only supported on a map index get,true|1
c01279,A,boolean,0,ret_ann,coalesce,print,1,inline,loud_emit_reject,emitProgram: `??` is only supported on a map index get,false|1
c01280,A,boolean,0,ret_ann,printdirect,print,0,inline,correct,,true|1
c01281,A,boolean,0,ret_ann,printdirect,print,1,inline,correct,,false|1
c01282,A,boolean,0,global,direct,print,0,inline,correct,,true|1
c01283,A,boolean,0,global,direct,print,1,inline,correct,,false|1
c01284,A,boolean,0,global,is_t,print,0,inline,correct,,true|1
c01285,A,boolean,0,global,is_t,print,1,inline,correct,,false|1
c01286,A,boolean,0,global,eqcmp,print,0,inline,correct,,true|1
c01287,A,boolean,0,global,eqcmp,print,1,inline,correct,,false|1
c01288,A,boolean,0,global,coalesce,print,0,inline,loud_emit_reject,emitProgram: `??` is only supported on a map index get,true|1
c01289,A,boolean,0,global,coalesce,print,1,inline,loud_emit_reject,emitProgram: `??` is only supported on a map index get,false|1
c01290,A,boolean,0,global,printdirect,print,0,inline,correct,,true|1
c01291,A,boolean,0,global,printdirect,print,1,inline,correct,,false|1
c01292,A,boolean,0,field,direct,print,0,inline,correct,,true|1
c01293,A,boolean,0,field,direct,print,1,inline,correct,,false|1
c01294,A,boolean,0,field,is_t,print,0,inline,correct,,true|1
c01295,A,boolean,0,field,is_t,print,1,inline,correct,,false|1
c01296,A,boolean,0,field,eqcmp,print,0,inline,correct,,true|1
c01297,A,boolean,0,field,eqcmp,print,1,inline,correct,,false|1
c01298,A,boolean,0,field,coalesce,print,0,inline,loud_emit_reject,emitProgram: `??` is only supported on a map index get,true|1
c01299,A,boolean,0,field,coalesce,print,1,inline,loud_emit_reject,emitProgram: `??` is only supported on a map index get,false|1
c01300,A,boolean,0,field,printdirect,print,0,inline,correct,,true|1
c01301,A,boolean,0,field,printdirect,print,1,inline,correct,,false|1
c01302,A,boolean,0,elem,direct,print,0,inline,correct,,true|1
c01303,A,boolean,0,elem,direct,print,1,inline,correct,,false|1
c01304,A,boolean,0,elem,is_t,print,0,inline,correct,,true|1
c01305,A,boolean,0,elem,is_t,print,1,inline,correct,,false|1
c01306,A,boolean,0,elem,eqcmp,print,0,inline,correct,,true|1
c01307,A,boolean,0,elem,eqcmp,print,1,inline,correct,,false|1
c01308,A,boolean,0,elem,coalesce,print,0,inline,loud_emit_reject,emitProgram: `??` is only supported on a map index get,true|1
c01309,A,boolean,0,elem,coalesce,print,1,inline,loud_emit_reject,emitProgram: `??` is only supported on a map index get,false|1
c01310,A,boolean,0,elem,printdirect,print,0,inline,correct,,true|1
c01311,A,boolean,0,elem,printdirect,print,1,inline,correct,,false|1
c01312,A,boolean,0,mapval,direct,print,0,inline,correct,,true|1
c01313,A,boolean,0,mapval,direct,print,1,inline,correct,,false|1
c01314,A,boolean,0,mapval,is_t,print,0,inline,correct,,true|1
c01315,A,boolean,0,mapval,is_t,print,1,inline,correct,,false|1
c01316,A,boolean,0,mapval,eqcmp,print,0,inline,correct,,true|1
c01317,A,boolean,0,mapval,eqcmp,print,1,inline,correct,,false|1
c01318,A,boolean,0,mapval,coalesce,print,0,inline,correct,,true|1
c01319,A,boolean,0,mapval,coalesce,print,1,inline,correct,,false|1
c01320,A,boolean,0,mapval,printdirect,print,0,inline,correct,,true|1
c01321,A,boolean,0,mapval,printdirect,print,1,inline,correct,,false|1
c01322,A,boolean,0,capture,direct,print,0,inline,correct,,true|1
c01323,A,boolean,0,capture,direct,print,1,inline,correct,,false|1
c01324,A,boolean,0,capture,is_t,print,0,inline,correct,,true|1
c01325,A,boolean,0,capture,is_t,print,1,inline,correct,,false|1
c01326,A,boolean,0,capture,eqcmp,print,0,inline,correct,,true|1
c01327,A,boolean,0,capture,eqcmp,print,1,inline,correct,,false|1
c01328,A,boolean,0,capture,coalesce,print,0,inline,loud_emit_reject,emitProgram: `??` is only supported on a map index get,true|1
c01329,A,boolean,0,capture,coalesce,print,1,inline,loud_emit_reject,emitProgram: `??` is only supported on a map index get,false|1
c01330,A,boolean,0,capture,printdirect,print,0,inline,correct,,true|1
c01331,A,boolean,0,capture,printdirect,print,1,inline,correct,,false|1
c01332,A,boolean,0,loopvar,direct,print,0,inline,correct,,true|1
c01333,A,boolean,0,loopvar,direct,print,1,inline,correct,,false|1
c01334,A,boolean,0,loopvar,is_t,print,0,inline,correct,,true|1
c01335,A,boolean,0,loopvar,is_t,print,1,inline,correct,,false|1
c01336,A,boolean,0,loopvar,eqcmp,print,0,inline,correct,,true|1
c01337,A,boolean,0,loopvar,eqcmp,print,1,inline,correct,,false|1
c01338,A,boolean,0,loopvar,coalesce,print,0,inline,loud_emit_reject,emitProgram: `??` is only supported on a map index get,true|1
c01339,A,boolean,0,loopvar,coalesce,print,1,inline,loud_emit_reject,emitProgram: `??` is only supported on a map index get,false|1
c01340,A,boolean,0,loopvar,printdirect,print,0,inline,correct,,true|1
c01341,A,boolean,0,loopvar,printdirect,print,1,inline,correct,,false|1
c01342,A,boolean,1,const_local,nenull,print,0,inline,correct,,true|1
c01343,A,boolean,1,const_local,nenull,print,1,inline,correct,,NUL|1
c01344,A,boolean,1,const_local,eqnull_else,print,0,inline,correct,,true|1
c01345,A,boolean,1,const_local,eqnull_else,print,1,inline,correct,,NUL|1
c01346,A,boolean,1,const_local,is_t,print,0,inline,correct,,true|1
c01347,A,boolean,1,const_local,is_t,print,1,inline,correct,,NUL|1
c01348,A,boolean,1,const_local,match_null,print,0,inline,correct,,true|1
c01349,A,boolean,1,const_local,match_null,print,1,inline,correct,,NUL|1
c01350,A,boolean,1,const_local,andguard,print,0,inline,correct,,true|1
c01351,A,boolean,1,const_local,andguard,print,1,inline,correct,,false|1
c01352,A,boolean,1,const_local,coalesce,print,0,inline,correct,,true|1
c01353,A,boolean,1,const_local,coalesce,print,1,inline,correct,,false|1
c01354,A,boolean,1,const_local,printdirect,print,0,inline,correct,,true|1
c01355,A,boolean,1,const_local,printdirect,print,1,inline,correct,,null|1
c01356,A,boolean,1,const_local,eqnullcmp,print,0,inline,correct,,false|1
c01357,A,boolean,1,const_local,eqnullcmp,print,1,inline,correct,,true|1
c01358,A,boolean,1,const_local,while_g,print,0,inline,correct,,true|1
c01359,A,boolean,1,const_local,while_g,print,1,inline,correct,,NUL|1
c01360,A,boolean,1,let_local,nenull,print,0,inline,correct,,true|1
c01361,A,boolean,1,let_local,nenull,print,1,inline,correct,,NUL|1
c01362,A,boolean,1,let_local,eqnull_else,print,0,inline,correct,,true|1
c01363,A,boolean,1,let_local,eqnull_else,print,1,inline,correct,,NUL|1
c01364,A,boolean,1,let_local,is_t,print,0,inline,correct,,true|1
c01365,A,boolean,1,let_local,is_t,print,1,inline,correct,,NUL|1
c01366,A,boolean,1,let_local,match_null,print,0,inline,correct,,true|1
c01367,A,boolean,1,let_local,match_null,print,1,inline,correct,,NUL|1
c01368,A,boolean,1,let_local,andguard,print,0,inline,correct,,true|1
c01369,A,boolean,1,let_local,andguard,print,1,inline,correct,,false|1
c01370,A,boolean,1,let_local,coalesce,print,0,inline,correct,,true|1
c01371,A,boolean,1,let_local,coalesce,print,1,inline,correct,,false|1
c01372,A,boolean,1,let_local,printdirect,print,0,inline,correct,,true|1
c01373,A,boolean,1,let_local,printdirect,print,1,inline,correct,,null|1
c01374,A,boolean,1,let_local,eqnullcmp,print,0,inline,correct,,false|1
c01375,A,boolean,1,let_local,eqnullcmp,print,1,inline,correct,,true|1
c01376,A,boolean,1,let_local,while_g,print,0,inline,correct,,true|1
c01377,A,boolean,1,let_local,while_g,print,1,inline,correct,,NUL|1
c01378,A,boolean,1,param,nenull,print,0,inline,correct,,true|1
c01379,A,boolean,1,param,nenull,print,1,inline,correct,,NUL|1
c01380,A,boolean,1,param,eqnull_else,print,0,inline,correct,,true|1
c01381,A,boolean,1,param,eqnull_else,print,1,inline,correct,,NUL|1
c01382,A,boolean,1,param,is_t,print,0,inline,correct,,true|1
c01383,A,boolean,1,param,is_t,print,1,inline,correct,,NUL|1
c01384,A,boolean,1,param,match_null,print,0,inline,correct,,true|1
c01385,A,boolean,1,param,match_null,print,1,inline,correct,,NUL|1
c01386,A,boolean,1,param,andguard,print,0,inline,correct,,true|1
c01387,A,boolean,1,param,andguard,print,1,inline,correct,,false|1
c01388,A,boolean,1,param,coalesce,print,0,inline,correct,,true|1
c01389,A,boolean,1,param,coalesce,print,1,inline,correct,,false|1
c01390,A,boolean,1,param,printdirect,print,0,inline,correct,,true|1
c01391,A,boolean,1,param,printdirect,print,1,inline,correct,,null|1
c01392,A,boolean,1,param,eqnullcmp,print,0,inline,correct,,false|1
c01393,A,boolean,1,param,eqnullcmp,print,1,inline,correct,,true|1
c01394,A,boolean,1,param,while_g,print,0,inline,correct,,true|1
c01395,A,boolean,1,param,while_g,print,1,inline,correct,,NUL|1
c01396,A,boolean,1,ret_unann,nenull,print,0,inline,correct,,true|1
c01397,A,boolean,1,ret_unann,nenull,print,1,inline,correct,,NUL|1
c01398,A,boolean,1,ret_unann,eqnull_else,print,0,inline,correct,,true|1
c01399,A,boolean,1,ret_unann,eqnull_else,print,1,inline,correct,,NUL|1
c01400,A,boolean,1,ret_unann,is_t,print,0,inline,correct,,true|1
c01401,A,boolean,1,ret_unann,is_t,print,1,inline,correct,,NUL|1
c01402,A,boolean,1,ret_unann,match_null,print,0,inline,correct,,true|1
c01403,A,boolean,1,ret_unann,match_null,print,1,inline,correct,,NUL|1
c01404,A,boolean,1,ret_unann,andguard,print,0,inline,correct,,true|1
c01405,A,boolean,1,ret_unann,andguard,print,1,inline,correct,,false|1
c01406,A,boolean,1,ret_unann,coalesce,print,0,inline,correct,,true|1
c01407,A,boolean,1,ret_unann,coalesce,print,1,inline,correct,,false|1
c01408,A,boolean,1,ret_unann,printdirect,print,0,inline,correct,,true|1
c01409,A,boolean,1,ret_unann,printdirect,print,1,inline,correct,,null|1
c01410,A,boolean,1,ret_unann,eqnullcmp,print,0,inline,correct,,false|1
c01411,A,boolean,1,ret_unann,eqnullcmp,print,1,inline,correct,,true|1
c01412,A,boolean,1,ret_unann,while_g,print,0,inline,correct,,true|1
c01413,A,boolean,1,ret_unann,while_g,print,1,inline,correct,,NUL|1
c01414,A,boolean,1,ret_ann,nenull,print,0,inline,correct,,true|1
c01415,A,boolean,1,ret_ann,nenull,print,1,inline,correct,,NUL|1
c01416,A,boolean,1,ret_ann,eqnull_else,print,0,inline,correct,,true|1
c01417,A,boolean,1,ret_ann,eqnull_else,print,1,inline,correct,,NUL|1
c01418,A,boolean,1,ret_ann,is_t,print,0,inline,correct,,true|1
c01419,A,boolean,1,ret_ann,is_t,print,1,inline,correct,,NUL|1
c01420,A,boolean,1,ret_ann,match_null,print,0,inline,correct,,true|1
c01421,A,boolean,1,ret_ann,match_null,print,1,inline,correct,,NUL|1
c01422,A,boolean,1,ret_ann,andguard,print,0,inline,correct,,true|1
c01423,A,boolean,1,ret_ann,andguard,print,1,inline,correct,,false|1
c01424,A,boolean,1,ret_ann,coalesce,print,0,inline,correct,,true|1
c01425,A,boolean,1,ret_ann,coalesce,print,1,inline,correct,,false|1
c01426,A,boolean,1,ret_ann,printdirect,print,0,inline,correct,,true|1
c01427,A,boolean,1,ret_ann,printdirect,print,1,inline,correct,,null|1
c01428,A,boolean,1,ret_ann,eqnullcmp,print,0,inline,correct,,false|1
c01429,A,boolean,1,ret_ann,eqnullcmp,print,1,inline,correct,,true|1
c01430,A,boolean,1,ret_ann,while_g,print,0,inline,correct,,true|1
c01431,A,boolean,1,ret_ann,while_g,print,1,inline,correct,,NUL|1
c01432,A,boolean,1,global,nenull,print,0,inline,correct,,true|1
c01433,A,boolean,1,global,nenull,print,1,inline,correct,,NUL|1
c01434,A,boolean,1,global,eqnull_else,print,0,inline,correct,,true|1
c01435,A,boolean,1,global,eqnull_else,print,1,inline,correct,,NUL|1
c01436,A,boolean,1,global,is_t,print,0,inline,correct,,true|1
c01437,A,boolean,1,global,is_t,print,1,inline,correct,,NUL|1
c01438,A,boolean,1,global,match_null,print,0,inline,correct,,true|1
c01439,A,boolean,1,global,match_null,print,1,inline,correct,,NUL|1
c01440,A,boolean,1,global,andguard,print,0,inline,correct,,true|1
c01441,A,boolean,1,global,andguard,print,1,inline,correct,,false|1
c01442,A,boolean,1,global,coalesce,print,0,inline,correct,,true|1
c01443,A,boolean,1,global,coalesce,print,1,inline,correct,,false|1
c01444,A,boolean,1,global,printdirect,print,0,inline,correct,,true|1
c01445,A,boolean,1,global,printdirect,print,1,inline,correct,,null|1
c01446,A,boolean,1,global,eqnullcmp,print,0,inline,correct,,false|1
c01447,A,boolean,1,global,eqnullcmp,print,1,inline,correct,,true|1
c01448,A,boolean,1,global,while_g,print,0,inline,correct,,true|1
c01449,A,boolean,1,global,while_g,print,1,inline,correct,,NUL|1
c01450,A,boolean,1,field,nenull,print,0,inline,correct,,true|1
c01451,A,boolean,1,field,nenull,print,1,inline,correct,,NUL|1
c01452,A,boolean,1,field,eqnull_else,print,0,inline,correct,,true|1
c01453,A,boolean,1,field,eqnull_else,print,1,inline,correct,,NUL|1
c01454,A,boolean,1,field,is_t,print,0,inline,correct,,true|1
c01455,A,boolean,1,field,is_t,print,1,inline,correct,,NUL|1
c01456,A,boolean,1,field,match_null,print,0,inline,correct,,true|1
c01457,A,boolean,1,field,match_null,print,1,inline,correct,,NUL|1
c01458,A,boolean,1,field,andguard,print,0,inline,correct,,true|1
c01459,A,boolean,1,field,andguard,print,1,inline,correct,,false|1
c01460,A,boolean,1,field,coalesce,print,0,inline,correct,,true|1
c01461,A,boolean,1,field,coalesce,print,1,inline,correct,,false|1
c01462,A,boolean,1,field,printdirect,print,0,inline,correct,,true|1
c01463,A,boolean,1,field,printdirect,print,1,inline,correct,,null|1
c01464,A,boolean,1,field,eqnullcmp,print,0,inline,correct,,false|1
c01465,A,boolean,1,field,eqnullcmp,print,1,inline,correct,,true|1
c01466,A,boolean,1,field,while_g,print,0,inline,correct,,true|1
c01467,A,boolean,1,field,while_g,print,1,inline,correct,,NUL|1
c01468,A,boolean,1,elem,nenull,print,0,inline,correct,,true|1
c01469,A,boolean,1,elem,nenull,print,1,inline,correct,,NUL|1
c01470,A,boolean,1,elem,eqnull_else,print,0,inline,correct,,true|1
c01471,A,boolean,1,elem,eqnull_else,print,1,inline,correct,,NUL|1
c01472,A,boolean,1,elem,is_t,print,0,inline,correct,,true|1
c01473,A,boolean,1,elem,is_t,print,1,inline,correct,,NUL|1
c01474,A,boolean,1,elem,match_null,print,0,inline,correct,,true|1
c01475,A,boolean,1,elem,match_null,print,1,inline,correct,,NUL|1
c01476,A,boolean,1,elem,andguard,print,0,inline,correct,,true|1
c01477,A,boolean,1,elem,andguard,print,1,inline,correct,,false|1
c01478,A,boolean,1,elem,coalesce,print,0,inline,correct,,true|1
c01479,A,boolean,1,elem,coalesce,print,1,inline,correct,,false|1
c01480,A,boolean,1,elem,printdirect,print,0,inline,correct,,true|1
c01481,A,boolean,1,elem,printdirect,print,1,inline,correct,,null|1
c01482,A,boolean,1,elem,eqnullcmp,print,0,inline,correct,,false|1
c01483,A,boolean,1,elem,eqnullcmp,print,1,inline,correct,,true|1
c01484,A,boolean,1,elem,while_g,print,0,inline,correct,,true|1
c01485,A,boolean,1,elem,while_g,print,1,inline,correct,,NUL|1
c01486,A,boolean,1,mapval,nenull,print,0,inline,correct,,true|1
c01487,A,boolean,1,mapval,nenull,print,1,inline,correct,,NUL|1
c01488,A,boolean,1,mapval,eqnull_else,print,0,inline,correct,,true|1
c01489,A,boolean,1,mapval,eqnull_else,print,1,inline,correct,,NUL|1
c01490,A,boolean,1,mapval,is_t,print,0,inline,correct,,true|1
c01491,A,boolean,1,mapval,is_t,print,1,inline,correct,,NUL|1
c01492,A,boolean,1,mapval,match_null,print,0,inline,correct,,true|1
c01493,A,boolean,1,mapval,match_null,print,1,inline,correct,,NUL|1
c01494,A,boolean,1,mapval,andguard,print,0,inline,correct,,true|1
c01495,A,boolean,1,mapval,andguard,print,1,inline,correct,,false|1
c01496,A,boolean,1,mapval,coalesce,print,0,inline,correct,,true|1
c01497,A,boolean,1,mapval,coalesce,print,1,inline,correct,,false|1
c01498,A,boolean,1,mapval,printdirect,print,0,inline,correct,,true|1
c01499,A,boolean,1,mapval,printdirect,print,1,inline,correct,,null|1
c01500,A,boolean,1,mapval,eqnullcmp,print,0,inline,correct,,false|1
c01501,A,boolean,1,mapval,eqnullcmp,print,1,inline,correct,,true|1
c01502,A,boolean,1,mapval,while_g,print,0,inline,correct,,true|1
c01503,A,boolean,1,mapval,while_g,print,1,inline,correct,,NUL|1
c01504,A,boolean,1,capture,nenull,print,0,inline,correct,,true|1
c01505,A,boolean,1,capture,nenull,print,1,inline,correct,,NUL|1
c01506,A,boolean,1,capture,eqnull_else,print,0,inline,correct,,true|1
c01507,A,boolean,1,capture,eqnull_else,print,1,inline,correct,,NUL|1
c01508,A,boolean,1,capture,is_t,print,0,inline,correct,,true|1
c01509,A,boolean,1,capture,is_t,print,1,inline,correct,,NUL|1
c01510,A,boolean,1,capture,match_null,print,0,inline,correct,,true|1
c01511,A,boolean,1,capture,match_null,print,1,inline,correct,,NUL|1
c01512,A,boolean,1,capture,andguard,print,0,inline,correct,,true|1
c01513,A,boolean,1,capture,andguard,print,1,inline,correct,,false|1
c01514,A,boolean,1,capture,coalesce,print,0,inline,correct,,true|1
c01515,A,boolean,1,capture,coalesce,print,1,inline,correct,,false|1
c01516,A,boolean,1,capture,printdirect,print,0,inline,correct,,true|1
c01517,A,boolean,1,capture,printdirect,print,1,inline,correct,,null|1
c01518,A,boolean,1,capture,eqnullcmp,print,0,inline,correct,,false|1
c01519,A,boolean,1,capture,eqnullcmp,print,1,inline,correct,,true|1
c01520,A,boolean,1,capture,while_g,print,0,inline,correct,,true|1
c01521,A,boolean,1,capture,while_g,print,1,inline,correct,,NUL|1
c01522,A,boolean,1,loopvar,nenull,print,0,inline,correct,,true|1
c01523,A,boolean,1,loopvar,nenull,print,1,inline,correct,,NUL|1
c01524,A,boolean,1,loopvar,eqnull_else,print,0,inline,correct,,true|1
c01525,A,boolean,1,loopvar,eqnull_else,print,1,inline,correct,,NUL|1
c01526,A,boolean,1,loopvar,is_t,print,0,inline,correct,,true|1
c01527,A,boolean,1,loopvar,is_t,print,1,inline,correct,,NUL|1
c01528,A,boolean,1,loopvar,match_null,print,0,inline,correct,,true|1
c01529,A,boolean,1,loopvar,match_null,print,1,inline,correct,,NUL|1
c01530,A,boolean,1,loopvar,andguard,print,0,inline,correct,,true|1
c01531,A,boolean,1,loopvar,andguard,print,1,inline,correct,,false|1
c01532,A,boolean,1,loopvar,coalesce,print,0,inline,correct,,true|1
c01533,A,boolean,1,loopvar,coalesce,print,1,inline,correct,,false|1
c01534,A,boolean,1,loopvar,printdirect,print,0,inline,correct,,true|1
c01535,A,boolean,1,loopvar,printdirect,print,1,inline,correct,,null|1
c01536,A,boolean,1,loopvar,eqnullcmp,print,0,inline,correct,,false|1
c01537,A,boolean,1,loopvar,eqnullcmp,print,1,inline,correct,,true|1
c01538,A,boolean,1,loopvar,while_g,print,0,inline,correct,,true|1
c01539,A,boolean,1,loopvar,while_g,print,1,inline,correct,,NUL|1
c01540,A,string,0,const_local,direct,print,0,inline,correct,,aa|1
c01541,A,string,0,const_local,direct,print,1,inline,correct,,bb|1
c01542,A,string,0,const_local,is_t,print,0,inline,correct,,aa|1
c01543,A,string,0,const_local,is_t,print,1,inline,correct,,bb|1
c01544,A,string,0,const_local,eqcmp,print,0,inline,correct,,true|1
c01545,A,string,0,const_local,eqcmp,print,1,inline,correct,,false|1
c01546,A,string,0,const_local,coalesce,print,0,inline,loud_emit_reject,emitProgram: `??` is only supported on a map index get,aa|1
c01547,A,string,0,const_local,coalesce,print,1,inline,loud_emit_reject,emitProgram: `??` is only supported on a map index get,bb|1
c01548,A,string,0,const_local,printdirect,print,0,inline,correct,,aa|1
c01549,A,string,0,const_local,printdirect,print,1,inline,correct,,bb|1
c01550,A,string,0,let_local,direct,print,0,inline,correct,,aa|1
c01551,A,string,0,let_local,direct,print,1,inline,correct,,bb|1
c01552,A,string,0,let_local,is_t,print,0,inline,correct,,aa|1
c01553,A,string,0,let_local,is_t,print,1,inline,correct,,bb|1
c01554,A,string,0,let_local,eqcmp,print,0,inline,correct,,true|1
c01555,A,string,0,let_local,eqcmp,print,1,inline,correct,,false|1
c01556,A,string,0,let_local,coalesce,print,0,inline,loud_emit_reject,emitProgram: `??` is only supported on a map index get,aa|1
c01557,A,string,0,let_local,coalesce,print,1,inline,loud_emit_reject,emitProgram: `??` is only supported on a map index get,bb|1
c01558,A,string,0,let_local,printdirect,print,0,inline,correct,,aa|1
c01559,A,string,0,let_local,printdirect,print,1,inline,correct,,bb|1
c01560,A,string,0,param,direct,print,0,inline,correct,,aa|1
c01561,A,string,0,param,direct,print,1,inline,correct,,bb|1
c01562,A,string,0,param,is_t,print,0,inline,correct,,aa|1
c01563,A,string,0,param,is_t,print,1,inline,correct,,bb|1
c01564,A,string,0,param,eqcmp,print,0,inline,correct,,true|1
c01565,A,string,0,param,eqcmp,print,1,inline,correct,,false|1
c01566,A,string,0,param,coalesce,print,0,inline,loud_emit_reject,emitProgram: `??` is only supported on a map index get,aa|1
c01567,A,string,0,param,coalesce,print,1,inline,loud_emit_reject,emitProgram: `??` is only supported on a map index get,bb|1
c01568,A,string,0,param,printdirect,print,0,inline,correct,,aa|1
c01569,A,string,0,param,printdirect,print,1,inline,correct,,bb|1
c01570,A,string,0,ret_unann,direct,print,0,inline,correct,,aa|1
c01571,A,string,0,ret_unann,direct,print,1,inline,correct,,bb|1
c01572,A,string,0,ret_unann,is_t,print,0,inline,correct,,aa|1
c01573,A,string,0,ret_unann,is_t,print,1,inline,correct,,bb|1
c01574,A,string,0,ret_unann,eqcmp,print,0,inline,correct,,true|1
c01575,A,string,0,ret_unann,eqcmp,print,1,inline,correct,,false|1
c01576,A,string,0,ret_unann,coalesce,print,0,inline,loud_emit_reject,emitProgram: `??` is only supported on a map index get,aa|1
c01577,A,string,0,ret_unann,coalesce,print,1,inline,loud_emit_reject,emitProgram: `??` is only supported on a map index get,bb|1
c01578,A,string,0,ret_unann,printdirect,print,0,inline,correct,,aa|1
c01579,A,string,0,ret_unann,printdirect,print,1,inline,correct,,bb|1
c01580,A,string,0,ret_ann,direct,print,0,inline,correct,,aa|1
c01581,A,string,0,ret_ann,direct,print,1,inline,correct,,bb|1
c01582,A,string,0,ret_ann,is_t,print,0,inline,correct,,aa|1
c01583,A,string,0,ret_ann,is_t,print,1,inline,correct,,bb|1
c01584,A,string,0,ret_ann,eqcmp,print,0,inline,correct,,true|1
c01585,A,string,0,ret_ann,eqcmp,print,1,inline,correct,,false|1
c01586,A,string,0,ret_ann,coalesce,print,0,inline,loud_emit_reject,emitProgram: `??` is only supported on a map index get,aa|1
c01587,A,string,0,ret_ann,coalesce,print,1,inline,loud_emit_reject,emitProgram: `??` is only supported on a map index get,bb|1
c01588,A,string,0,ret_ann,printdirect,print,0,inline,correct,,aa|1
c01589,A,string,0,ret_ann,printdirect,print,1,inline,correct,,bb|1
c01590,A,string,0,global,direct,print,0,inline,correct,,aa|1
c01591,A,string,0,global,direct,print,1,inline,correct,,bb|1
c01592,A,string,0,global,is_t,print,0,inline,correct,,aa|1
c01593,A,string,0,global,is_t,print,1,inline,correct,,bb|1
c01594,A,string,0,global,eqcmp,print,0,inline,correct,,true|1
c01595,A,string,0,global,eqcmp,print,1,inline,correct,,false|1
c01596,A,string,0,global,coalesce,print,0,inline,loud_emit_reject,emitProgram: `??` is only supported on a map index get,aa|1
c01597,A,string,0,global,coalesce,print,1,inline,loud_emit_reject,emitProgram: `??` is only supported on a map index get,bb|1
c01598,A,string,0,global,printdirect,print,0,inline,correct,,aa|1
c01599,A,string,0,global,printdirect,print,1,inline,correct,,bb|1
c01600,A,string,0,field,direct,print,0,inline,correct,,aa|1
c01601,A,string,0,field,direct,print,1,inline,correct,,bb|1
c01602,A,string,0,field,is_t,print,0,inline,correct,,aa|1
c01603,A,string,0,field,is_t,print,1,inline,correct,,bb|1
c01604,A,string,0,field,eqcmp,print,0,inline,correct,,true|1
c01605,A,string,0,field,eqcmp,print,1,inline,correct,,false|1
c01606,A,string,0,field,coalesce,print,0,inline,loud_emit_reject,emitProgram: `??` is only supported on a map index get,aa|1
c01607,A,string,0,field,coalesce,print,1,inline,loud_emit_reject,emitProgram: `??` is only supported on a map index get,bb|1
c01608,A,string,0,field,printdirect,print,0,inline,correct,,aa|1
c01609,A,string,0,field,printdirect,print,1,inline,correct,,bb|1
c01610,A,string,0,elem,direct,print,0,inline,correct,,aa|1
c01611,A,string,0,elem,direct,print,1,inline,correct,,bb|1
c01612,A,string,0,elem,is_t,print,0,inline,correct,,aa|1
c01613,A,string,0,elem,is_t,print,1,inline,correct,,bb|1
c01614,A,string,0,elem,eqcmp,print,0,inline,correct,,true|1
c01615,A,string,0,elem,eqcmp,print,1,inline,correct,,false|1
c01616,A,string,0,elem,coalesce,print,0,inline,loud_emit_reject,emitProgram: `??` is only supported on a map index get,aa|1
c01617,A,string,0,elem,coalesce,print,1,inline,loud_emit_reject,emitProgram: `??` is only supported on a map index get,bb|1
c01618,A,string,0,elem,printdirect,print,0,inline,correct,,aa|1
c01619,A,string,0,elem,printdirect,print,1,inline,correct,,bb|1
c01620,A,string,0,mapval,direct,print,0,inline,correct,,aa|1
c01621,A,string,0,mapval,direct,print,1,inline,correct,,bb|1
c01622,A,string,0,mapval,is_t,print,0,inline,correct,,aa|1
c01623,A,string,0,mapval,is_t,print,1,inline,correct,,bb|1
c01624,A,string,0,mapval,eqcmp,print,0,inline,correct,,true|1
c01625,A,string,0,mapval,eqcmp,print,1,inline,correct,,false|1
c01626,A,string,0,mapval,coalesce,print,0,inline,correct,,aa|1
c01627,A,string,0,mapval,coalesce,print,1,inline,correct,,bb|1
c01628,A,string,0,mapval,printdirect,print,0,inline,correct,,aa|1
c01629,A,string,0,mapval,printdirect,print,1,inline,correct,,bb|1
c01630,A,string,0,capture,direct,print,0,inline,correct,,aa|1
c01631,A,string,0,capture,direct,print,1,inline,correct,,bb|1
c01632,A,string,0,capture,is_t,print,0,inline,correct,,aa|1
c01633,A,string,0,capture,is_t,print,1,inline,correct,,bb|1
c01634,A,string,0,capture,eqcmp,print,0,inline,correct,,true|1
c01635,A,string,0,capture,eqcmp,print,1,inline,correct,,false|1
c01636,A,string,0,capture,coalesce,print,0,inline,loud_emit_reject,emitProgram: `??` is only supported on a map index get,aa|1
c01637,A,string,0,capture,coalesce,print,1,inline,loud_emit_reject,emitProgram: `??` is only supported on a map index get,bb|1
c01638,A,string,0,capture,printdirect,print,0,inline,correct,,aa|1
c01639,A,string,0,capture,printdirect,print,1,inline,correct,,bb|1
c01640,A,string,0,loopvar,direct,print,0,inline,correct,,aa|1
c01641,A,string,0,loopvar,direct,print,1,inline,correct,,bb|1
c01642,A,string,0,loopvar,is_t,print,0,inline,correct,,aa|1
c01643,A,string,0,loopvar,is_t,print,1,inline,correct,,bb|1
c01644,A,string,0,loopvar,eqcmp,print,0,inline,correct,,true|1
c01645,A,string,0,loopvar,eqcmp,print,1,inline,correct,,false|1
c01646,A,string,0,loopvar,coalesce,print,0,inline,loud_emit_reject,emitProgram: `??` is only supported on a map index get,aa|1
c01647,A,string,0,loopvar,coalesce,print,1,inline,loud_emit_reject,emitProgram: `??` is only supported on a map index get,bb|1
c01648,A,string,0,loopvar,printdirect,print,0,inline,correct,,aa|1
c01649,A,string,0,loopvar,printdirect,print,1,inline,correct,,bb|1
c01650,A,string,1,const_local,nenull,print,0,inline,correct,,aa|1
c01651,A,string,1,const_local,nenull,print,1,inline,correct,,NUL|1
c01652,A,string,1,const_local,eqnull_else,print,0,inline,correct,,aa|1
c01653,A,string,1,const_local,eqnull_else,print,1,inline,correct,,NUL|1
c01654,A,string,1,const_local,is_t,print,0,inline,correct,,aa|1
c01655,A,string,1,const_local,is_t,print,1,inline,correct,,NUL|1
c01656,A,string,1,const_local,match_null,print,0,inline,correct,,aa|1
c01657,A,string,1,const_local,match_null,print,1,inline,correct,,NUL|1
c01658,A,string,1,const_local,andguard,print,0,inline,correct,,true|1
c01659,A,string,1,const_local,andguard,print,1,inline,correct,,false|1
c01660,A,string,1,const_local,coalesce,print,0,inline,correct,,aa|1
c01661,A,string,1,const_local,coalesce,print,1,inline,correct,,DD|1
c01662,A,string,1,const_local,printdirect,print,0,inline,correct,,aa|1
c01663,A,string,1,const_local,printdirect,print,1,inline,correct,,null|1
c01664,A,string,1,const_local,eqnullcmp,print,0,inline,correct,,false|1
c01665,A,string,1,const_local,eqnullcmp,print,1,inline,correct,,true|1
c01666,A,string,1,const_local,while_g,print,0,inline,correct,,aa|1
c01667,A,string,1,const_local,while_g,print,1,inline,correct,,NUL|1
c01668,A,string,1,const_local,optchain,print,0,inline,loud_check_reject,[ERROR]: member access '?.length' on non-object string?,2|1
c01669,A,string,1,const_local,optchain,print,1,inline,loud_check_reject,[ERROR]: member access '?.length' on non-object string?,0|1
c01670,A,string,1,let_local,nenull,print,0,inline,correct,,aa|1
c01671,A,string,1,let_local,nenull,print,1,inline,correct,,NUL|1
c01672,A,string,1,let_local,eqnull_else,print,0,inline,correct,,aa|1
c01673,A,string,1,let_local,eqnull_else,print,1,inline,correct,,NUL|1
c01674,A,string,1,let_local,is_t,print,0,inline,correct,,aa|1
c01675,A,string,1,let_local,is_t,print,1,inline,correct,,NUL|1
c01676,A,string,1,let_local,match_null,print,0,inline,correct,,aa|1
c01677,A,string,1,let_local,match_null,print,1,inline,correct,,NUL|1
c01678,A,string,1,let_local,andguard,print,0,inline,correct,,true|1
c01679,A,string,1,let_local,andguard,print,1,inline,correct,,false|1
c01680,A,string,1,let_local,coalesce,print,0,inline,correct,,aa|1
c01681,A,string,1,let_local,coalesce,print,1,inline,correct,,DD|1
c01682,A,string,1,let_local,printdirect,print,0,inline,correct,,aa|1
c01683,A,string,1,let_local,printdirect,print,1,inline,correct,,null|1
c01684,A,string,1,let_local,eqnullcmp,print,0,inline,correct,,false|1
c01685,A,string,1,let_local,eqnullcmp,print,1,inline,correct,,true|1
c01686,A,string,1,let_local,while_g,print,0,inline,correct,,aa|1
c01687,A,string,1,let_local,while_g,print,1,inline,correct,,NUL|1
c01688,A,string,1,let_local,optchain,print,0,inline,loud_check_reject,[ERROR]: member access '?.length' on non-object string?,2|1
c01689,A,string,1,let_local,optchain,print,1,inline,loud_check_reject,[ERROR]: member access '?.length' on non-object string?,0|1
c01690,A,string,1,param,nenull,print,0,inline,correct,,aa|1
c01691,A,string,1,param,nenull,print,1,inline,correct,,NUL|1
c01692,A,string,1,param,eqnull_else,print,0,inline,correct,,aa|1
c01693,A,string,1,param,eqnull_else,print,1,inline,correct,,NUL|1
c01694,A,string,1,param,is_t,print,0,inline,correct,,aa|1
c01695,A,string,1,param,is_t,print,1,inline,correct,,NUL|1
c01696,A,string,1,param,match_null,print,0,inline,correct,,aa|1
c01697,A,string,1,param,match_null,print,1,inline,correct,,NUL|1
c01698,A,string,1,param,andguard,print,0,inline,correct,,true|1
c01699,A,string,1,param,andguard,print,1,inline,correct,,false|1
c01700,A,string,1,param,coalesce,print,0,inline,correct,,aa|1
c01701,A,string,1,param,coalesce,print,1,inline,correct,,DD|1
c01702,A,string,1,param,printdirect,print,0,inline,correct,,aa|1
c01703,A,string,1,param,printdirect,print,1,inline,correct,,null|1
c01704,A,string,1,param,eqnullcmp,print,0,inline,correct,,false|1
c01705,A,string,1,param,eqnullcmp,print,1,inline,correct,,true|1
c01706,A,string,1,param,while_g,print,0,inline,correct,,aa|1
c01707,A,string,1,param,while_g,print,1,inline,correct,,NUL|1
c01708,A,string,1,param,optchain,print,0,inline,loud_check_reject,[ERROR]: member access '?.length' on non-object string?,2|1
c01709,A,string,1,param,optchain,print,1,inline,loud_check_reject,[ERROR]: member access '?.length' on non-object string?,0|1
c01710,A,string,1,ret_unann,nenull,print,0,inline,correct,,aa|1
c01711,A,string,1,ret_unann,nenull,print,1,inline,correct,,NUL|1
c01712,A,string,1,ret_unann,eqnull_else,print,0,inline,correct,,aa|1
c01713,A,string,1,ret_unann,eqnull_else,print,1,inline,correct,,NUL|1
c01714,A,string,1,ret_unann,is_t,print,0,inline,correct,,aa|1
c01715,A,string,1,ret_unann,is_t,print,1,inline,correct,,NUL|1
c01716,A,string,1,ret_unann,match_null,print,0,inline,correct,,aa|1
c01717,A,string,1,ret_unann,match_null,print,1,inline,correct,,NUL|1
c01718,A,string,1,ret_unann,andguard,print,0,inline,correct,,true|1
c01719,A,string,1,ret_unann,andguard,print,1,inline,correct,,false|1
c01720,A,string,1,ret_unann,coalesce,print,0,inline,correct,,aa|1
c01721,A,string,1,ret_unann,coalesce,print,1,inline,correct,,DD|1
c01722,A,string,1,ret_unann,printdirect,print,0,inline,correct,,aa|1
c01723,A,string,1,ret_unann,printdirect,print,1,inline,correct,,null|1
c01724,A,string,1,ret_unann,eqnullcmp,print,0,inline,correct,,false|1
c01725,A,string,1,ret_unann,eqnullcmp,print,1,inline,correct,,true|1
c01726,A,string,1,ret_unann,while_g,print,0,inline,correct,,aa|1
c01727,A,string,1,ret_unann,while_g,print,1,inline,correct,,NUL|1
c01728,A,string,1,ret_unann,optchain,print,0,inline,loud_check_reject,[ERROR]: member access '?.length' on non-object string?,2|1
c01729,A,string,1,ret_unann,optchain,print,1,inline,loud_check_reject,[ERROR]: member access '?.length' on non-object string?,0|1
c01730,A,string,1,ret_ann,nenull,print,0,inline,correct,,aa|1
c01731,A,string,1,ret_ann,nenull,print,1,inline,correct,,NUL|1
c01732,A,string,1,ret_ann,eqnull_else,print,0,inline,correct,,aa|1
c01733,A,string,1,ret_ann,eqnull_else,print,1,inline,correct,,NUL|1
c01734,A,string,1,ret_ann,is_t,print,0,inline,correct,,aa|1
c01735,A,string,1,ret_ann,is_t,print,1,inline,correct,,NUL|1
c01736,A,string,1,ret_ann,match_null,print,0,inline,correct,,aa|1
c01737,A,string,1,ret_ann,match_null,print,1,inline,correct,,NUL|1
c01738,A,string,1,ret_ann,andguard,print,0,inline,correct,,true|1
c01739,A,string,1,ret_ann,andguard,print,1,inline,correct,,false|1
c01740,A,string,1,ret_ann,coalesce,print,0,inline,correct,,aa|1
c01741,A,string,1,ret_ann,coalesce,print,1,inline,correct,,DD|1
c01742,A,string,1,ret_ann,printdirect,print,0,inline,correct,,aa|1
c01743,A,string,1,ret_ann,printdirect,print,1,inline,correct,,null|1
c01744,A,string,1,ret_ann,eqnullcmp,print,0,inline,correct,,false|1
c01745,A,string,1,ret_ann,eqnullcmp,print,1,inline,correct,,true|1
c01746,A,string,1,ret_ann,while_g,print,0,inline,correct,,aa|1
c01747,A,string,1,ret_ann,while_g,print,1,inline,correct,,NUL|1
c01748,A,string,1,ret_ann,optchain,print,0,inline,loud_check_reject,[ERROR]: member access '?.length' on non-object string?,2|1
c01749,A,string,1,ret_ann,optchain,print,1,inline,loud_check_reject,[ERROR]: member access '?.length' on non-object string?,0|1
c01750,A,string,1,global,nenull,print,0,inline,correct,,aa|1
c01751,A,string,1,global,nenull,print,1,inline,correct,,NUL|1
c01752,A,string,1,global,eqnull_else,print,0,inline,correct,,aa|1
c01753,A,string,1,global,eqnull_else,print,1,inline,correct,,NUL|1
c01754,A,string,1,global,is_t,print,0,inline,correct,,aa|1
c01755,A,string,1,global,is_t,print,1,inline,correct,,NUL|1
c01756,A,string,1,global,match_null,print,0,inline,correct,,aa|1
c01757,A,string,1,global,match_null,print,1,inline,correct,,NUL|1
c01758,A,string,1,global,andguard,print,0,inline,correct,,true|1
c01759,A,string,1,global,andguard,print,1,inline,correct,,false|1
c01760,A,string,1,global,coalesce,print,0,inline,correct,,aa|1
c01761,A,string,1,global,coalesce,print,1,inline,correct,,DD|1
c01762,A,string,1,global,printdirect,print,0,inline,correct,,aa|1
c01763,A,string,1,global,printdirect,print,1,inline,correct,,null|1
c01764,A,string,1,global,eqnullcmp,print,0,inline,correct,,false|1
c01765,A,string,1,global,eqnullcmp,print,1,inline,correct,,true|1
c01766,A,string,1,global,while_g,print,0,inline,correct,,aa|1
c01767,A,string,1,global,while_g,print,1,inline,correct,,NUL|1
c01768,A,string,1,global,optchain,print,0,inline,loud_check_reject,[ERROR]: member access '?.length' on non-object string?,2|1
c01769,A,string,1,global,optchain,print,1,inline,loud_check_reject,[ERROR]: member access '?.length' on non-object string?,0|1
c01770,A,string,1,field,nenull,print,0,inline,correct,,aa|1
c01771,A,string,1,field,nenull,print,1,inline,correct,,NUL|1
c01772,A,string,1,field,eqnull_else,print,0,inline,correct,,aa|1
c01773,A,string,1,field,eqnull_else,print,1,inline,correct,,NUL|1
c01774,A,string,1,field,is_t,print,0,inline,correct,,aa|1
c01775,A,string,1,field,is_t,print,1,inline,correct,,NUL|1
c01776,A,string,1,field,match_null,print,0,inline,correct,,aa|1
c01777,A,string,1,field,match_null,print,1,inline,correct,,NUL|1
c01778,A,string,1,field,andguard,print,0,inline,correct,,true|1
c01779,A,string,1,field,andguard,print,1,inline,correct,,false|1
c01780,A,string,1,field,coalesce,print,0,inline,correct,,aa|1
c01781,A,string,1,field,coalesce,print,1,inline,correct,,DD|1
c01782,A,string,1,field,printdirect,print,0,inline,correct,,aa|1
c01783,A,string,1,field,printdirect,print,1,inline,correct,,null|1
c01784,A,string,1,field,eqnullcmp,print,0,inline,correct,,false|1
c01785,A,string,1,field,eqnullcmp,print,1,inline,correct,,true|1
c01786,A,string,1,field,while_g,print,0,inline,correct,,aa|1
c01787,A,string,1,field,while_g,print,1,inline,correct,,NUL|1
c01788,A,string,1,field,optchain,print,0,inline,loud_check_reject,[ERROR]: member access '?.length' on non-object string?,2|1
c01789,A,string,1,field,optchain,print,1,inline,loud_check_reject,[ERROR]: member access '?.length' on non-object string?,0|1
c01790,A,string,1,elem,nenull,print,0,inline,correct,,aa|1
c01791,A,string,1,elem,nenull,print,1,inline,correct,,NUL|1
c01792,A,string,1,elem,eqnull_else,print,0,inline,correct,,aa|1
c01793,A,string,1,elem,eqnull_else,print,1,inline,correct,,NUL|1
c01794,A,string,1,elem,is_t,print,0,inline,correct,,aa|1
c01795,A,string,1,elem,is_t,print,1,inline,correct,,NUL|1
c01796,A,string,1,elem,match_null,print,0,inline,correct,,aa|1
c01797,A,string,1,elem,match_null,print,1,inline,correct,,NUL|1
c01798,A,string,1,elem,andguard,print,0,inline,correct,,true|1
c01799,A,string,1,elem,andguard,print,1,inline,correct,,false|1
c01800,A,string,1,elem,coalesce,print,0,inline,correct,,aa|1
c01801,A,string,1,elem,coalesce,print,1,inline,correct,,DD|1
c01802,A,string,1,elem,printdirect,print,0,inline,correct,,aa|1
c01803,A,string,1,elem,printdirect,print,1,inline,correct,,null|1
c01804,A,string,1,elem,eqnullcmp,print,0,inline,correct,,false|1
c01805,A,string,1,elem,eqnullcmp,print,1,inline,correct,,true|1
c01806,A,string,1,elem,while_g,print,0,inline,correct,,aa|1
c01807,A,string,1,elem,while_g,print,1,inline,correct,,NUL|1
c01808,A,string,1,elem,optchain,print,0,inline,loud_check_reject,[ERROR]: member access '?.length' on non-object string?,2|1
c01809,A,string,1,elem,optchain,print,1,inline,loud_check_reject,[ERROR]: member access '?.length' on non-object string?,0|1
c01810,A,string,1,mapval,nenull,print,0,inline,correct,,aa|1
c01811,A,string,1,mapval,nenull,print,1,inline,correct,,NUL|1
c01812,A,string,1,mapval,eqnull_else,print,0,inline,correct,,aa|1
c01813,A,string,1,mapval,eqnull_else,print,1,inline,correct,,NUL|1
c01814,A,string,1,mapval,is_t,print,0,inline,correct,,aa|1
c01815,A,string,1,mapval,is_t,print,1,inline,correct,,NUL|1
c01816,A,string,1,mapval,match_null,print,0,inline,correct,,aa|1
c01817,A,string,1,mapval,match_null,print,1,inline,correct,,NUL|1
c01818,A,string,1,mapval,andguard,print,0,inline,correct,,true|1
c01819,A,string,1,mapval,andguard,print,1,inline,correct,,false|1
c01820,A,string,1,mapval,coalesce,print,0,inline,correct,,aa|1
c01821,A,string,1,mapval,coalesce,print,1,inline,correct,,DD|1
c01822,A,string,1,mapval,printdirect,print,0,inline,correct,,aa|1
c01823,A,string,1,mapval,printdirect,print,1,inline,correct,,null|1
c01824,A,string,1,mapval,eqnullcmp,print,0,inline,correct,,false|1
c01825,A,string,1,mapval,eqnullcmp,print,1,inline,correct,,true|1
c01826,A,string,1,mapval,while_g,print,0,inline,correct,,aa|1
c01827,A,string,1,mapval,while_g,print,1,inline,correct,,NUL|1
c01828,A,string,1,mapval,optchain,print,0,inline,loud_check_reject,[ERROR]: member access '?.length' on non-object string??,2|1
c01829,A,string,1,mapval,optchain,print,1,inline,loud_check_reject,[ERROR]: member access '?.length' on non-object string??,0|1
c01830,A,string,1,capture,nenull,print,0,inline,correct,,aa|1
c01831,A,string,1,capture,nenull,print,1,inline,correct,,NUL|1
c01832,A,string,1,capture,eqnull_else,print,0,inline,correct,,aa|1
c01833,A,string,1,capture,eqnull_else,print,1,inline,correct,,NUL|1
c01834,A,string,1,capture,is_t,print,0,inline,correct,,aa|1
c01835,A,string,1,capture,is_t,print,1,inline,correct,,NUL|1
c01836,A,string,1,capture,match_null,print,0,inline,correct,,aa|1
c01837,A,string,1,capture,match_null,print,1,inline,correct,,NUL|1
c01838,A,string,1,capture,andguard,print,0,inline,correct,,true|1
c01839,A,string,1,capture,andguard,print,1,inline,correct,,false|1
c01840,A,string,1,capture,coalesce,print,0,inline,correct,,aa|1
c01841,A,string,1,capture,coalesce,print,1,inline,correct,,DD|1
c01842,A,string,1,capture,printdirect,print,0,inline,correct,,aa|1
c01843,A,string,1,capture,printdirect,print,1,inline,correct,,null|1
c01844,A,string,1,capture,eqnullcmp,print,0,inline,correct,,false|1
c01845,A,string,1,capture,eqnullcmp,print,1,inline,correct,,true|1
c01846,A,string,1,capture,while_g,print,0,inline,correct,,aa|1
c01847,A,string,1,capture,while_g,print,1,inline,correct,,NUL|1
c01848,A,string,1,capture,optchain,print,0,inline,loud_check_reject,[ERROR]: member access '?.length' on non-object string?,2|1
c01849,A,string,1,capture,optchain,print,1,inline,loud_check_reject,[ERROR]: member access '?.length' on non-object string?,0|1
c01850,A,string,1,loopvar,nenull,print,0,inline,correct,,aa|1
c01851,A,string,1,loopvar,nenull,print,1,inline,correct,,NUL|1
c01852,A,string,1,loopvar,eqnull_else,print,0,inline,correct,,aa|1
c01853,A,string,1,loopvar,eqnull_else,print,1,inline,correct,,NUL|1
c01854,A,string,1,loopvar,is_t,print,0,inline,correct,,aa|1
c01855,A,string,1,loopvar,is_t,print,1,inline,correct,,NUL|1
c01856,A,string,1,loopvar,match_null,print,0,inline,correct,,aa|1
c01857,A,string,1,loopvar,match_null,print,1,inline,correct,,NUL|1
c01858,A,string,1,loopvar,andguard,print,0,inline,correct,,true|1
c01859,A,string,1,loopvar,andguard,print,1,inline,correct,,false|1
c01860,A,string,1,loopvar,coalesce,print,0,inline,correct,,aa|1
c01861,A,string,1,loopvar,coalesce,print,1,inline,correct,,DD|1
c01862,A,string,1,loopvar,printdirect,print,0,inline,correct,,aa|1
c01863,A,string,1,loopvar,printdirect,print,1,inline,correct,,null|1
c01864,A,string,1,loopvar,eqnullcmp,print,0,inline,correct,,false|1
c01865,A,string,1,loopvar,eqnullcmp,print,1,inline,correct,,true|1
c01866,A,string,1,loopvar,while_g,print,0,inline,correct,,aa|1
c01867,A,string,1,loopvar,while_g,print,1,inline,correct,,NUL|1
c01868,A,string,1,loopvar,optchain,print,0,inline,loud_check_reject,[ERROR]: member access '?.length' on non-object string?,2|1
c01869,A,string,1,loopvar,optchain,print,1,inline,loud_check_reject,[ERROR]: member access '?.length' on non-object string?,0|1
c01870,A,namedlit,0,const_local,direct,print,0,inline,correct,,p|1
c01871,A,namedlit,0,const_local,direct,print,1,inline,correct,,q|1
c01872,A,namedlit,0,const_local,is_t,print,0,inline,correct,,p|1
c01873,A,namedlit,0,const_local,is_t,print,1,inline,correct,,q|1
c01874,A,namedlit,0,const_local,eqcmp,print,0,inline,correct,,true|1
c01875,A,namedlit,0,const_local,eqcmp,print,1,inline,correct,,false|1
c01876,A,namedlit,0,const_local,coalesce,print,0,inline,loud_emit_reject,emitProgram: `??` is only supported on a map index get,p|1
c01877,A,namedlit,0,const_local,coalesce,print,1,inline,loud_emit_reject,emitProgram: `??` is only supported on a map index get,q|1
c01878,A,namedlit,0,const_local,printdirect,print,0,inline,correct,,p|1
c01879,A,namedlit,0,const_local,printdirect,print,1,inline,correct,,q|1
c01880,A,namedlit,0,let_local,direct,print,0,inline,correct,,p|1
c01881,A,namedlit,0,let_local,direct,print,1,inline,correct,,q|1
c01882,A,namedlit,0,let_local,is_t,print,0,inline,correct,,p|1
c01883,A,namedlit,0,let_local,is_t,print,1,inline,correct,,q|1
c01884,A,namedlit,0,let_local,eqcmp,print,0,inline,correct,,true|1
c01885,A,namedlit,0,let_local,eqcmp,print,1,inline,correct,,false|1
c01886,A,namedlit,0,let_local,coalesce,print,0,inline,loud_emit_reject,emitProgram: `??` is only supported on a map index get,p|1
c01887,A,namedlit,0,let_local,coalesce,print,1,inline,loud_emit_reject,emitProgram: `??` is only supported on a map index get,q|1
c01888,A,namedlit,0,let_local,printdirect,print,0,inline,correct,,p|1
c01889,A,namedlit,0,let_local,printdirect,print,1,inline,correct,,q|1
c01890,A,namedlit,0,param,direct,print,0,inline,correct,,p|1
c01891,A,namedlit,0,param,direct,print,1,inline,correct,,q|1
c01892,A,namedlit,0,param,is_t,print,0,inline,correct,,p|1
c01893,A,namedlit,0,param,is_t,print,1,inline,correct,,q|1
c01894,A,namedlit,0,param,eqcmp,print,0,inline,correct,,true|1
c01895,A,namedlit,0,param,eqcmp,print,1,inline,correct,,false|1
c01896,A,namedlit,0,param,coalesce,print,0,inline,loud_emit_reject,emitProgram: `??` is only supported on a map index get,p|1
c01897,A,namedlit,0,param,coalesce,print,1,inline,loud_emit_reject,emitProgram: `??` is only supported on a map index get,q|1
c01898,A,namedlit,0,param,printdirect,print,0,inline,correct,,p|1
c01899,A,namedlit,0,param,printdirect,print,1,inline,correct,,q|1
c01900,A,namedlit,0,ret_unann,direct,print,0,inline,correct,,p|1
c01901,A,namedlit,0,ret_unann,direct,print,1,inline,correct,,q|1
c01902,A,namedlit,0,ret_unann,is_t,print,0,inline,correct,,p|1
c01903,A,namedlit,0,ret_unann,is_t,print,1,inline,correct,,q|1
c01904,A,namedlit,0,ret_unann,eqcmp,print,0,inline,correct,,true|1
c01905,A,namedlit,0,ret_unann,eqcmp,print,1,inline,correct,,false|1
c01906,A,namedlit,0,ret_unann,coalesce,print,0,inline,loud_emit_reject,emitProgram: `??` is only supported on a map index get,p|1
c01907,A,namedlit,0,ret_unann,coalesce,print,1,inline,loud_emit_reject,emitProgram: `??` is only supported on a map index get,q|1
c01908,A,namedlit,0,ret_unann,printdirect,print,0,inline,correct,,p|1
c01909,A,namedlit,0,ret_unann,printdirect,print,1,inline,correct,,q|1
c01910,A,namedlit,0,ret_ann,direct,print,0,inline,correct,,p|1
c01911,A,namedlit,0,ret_ann,direct,print,1,inline,correct,,q|1
c01912,A,namedlit,0,ret_ann,is_t,print,0,inline,correct,,p|1
c01913,A,namedlit,0,ret_ann,is_t,print,1,inline,correct,,q|1
c01914,A,namedlit,0,ret_ann,eqcmp,print,0,inline,correct,,true|1
c01915,A,namedlit,0,ret_ann,eqcmp,print,1,inline,correct,,false|1
c01916,A,namedlit,0,ret_ann,coalesce,print,0,inline,loud_emit_reject,emitProgram: `??` is only supported on a map index get,p|1
c01917,A,namedlit,0,ret_ann,coalesce,print,1,inline,loud_emit_reject,emitProgram: `??` is only supported on a map index get,q|1
c01918,A,namedlit,0,ret_ann,printdirect,print,0,inline,correct,,p|1
c01919,A,namedlit,0,ret_ann,printdirect,print,1,inline,correct,,q|1
c01920,A,namedlit,0,global,direct,print,0,inline,correct,,p|1
c01921,A,namedlit,0,global,direct,print,1,inline,correct,,q|1
c01922,A,namedlit,0,global,is_t,print,0,inline,correct,,p|1
c01923,A,namedlit,0,global,is_t,print,1,inline,correct,,q|1
c01924,A,namedlit,0,global,eqcmp,print,0,inline,correct,,true|1
c01925,A,namedlit,0,global,eqcmp,print,1,inline,correct,,false|1
c01926,A,namedlit,0,global,coalesce,print,0,inline,loud_emit_reject,emitProgram: `??` is only supported on a map index get,p|1
c01927,A,namedlit,0,global,coalesce,print,1,inline,loud_emit_reject,emitProgram: `??` is only supported on a map index get,q|1
c01928,A,namedlit,0,global,printdirect,print,0,inline,correct,,p|1
c01929,A,namedlit,0,global,printdirect,print,1,inline,correct,,q|1
c01930,A,namedlit,0,field,direct,print,0,inline,correct,,p|1
c01931,A,namedlit,0,field,direct,print,1,inline,correct,,q|1
c01932,A,namedlit,0,field,is_t,print,0,inline,correct,,p|1
c01933,A,namedlit,0,field,is_t,print,1,inline,correct,,q|1
c01934,A,namedlit,0,field,eqcmp,print,0,inline,correct,,true|1
c01935,A,namedlit,0,field,eqcmp,print,1,inline,correct,,false|1
c01936,A,namedlit,0,field,coalesce,print,0,inline,loud_emit_reject,emitProgram: `??` is only supported on a map index get,p|1
c01937,A,namedlit,0,field,coalesce,print,1,inline,loud_emit_reject,emitProgram: `??` is only supported on a map index get,q|1
c01938,A,namedlit,0,field,printdirect,print,0,inline,correct,,p|1
c01939,A,namedlit,0,field,printdirect,print,1,inline,correct,,q|1
c01940,A,namedlit,0,elem,direct,print,0,inline,correct,,p|1
c01941,A,namedlit,0,elem,direct,print,1,inline,correct,,q|1
c01942,A,namedlit,0,elem,is_t,print,0,inline,correct,,p|1
c01943,A,namedlit,0,elem,is_t,print,1,inline,correct,,q|1
c01944,A,namedlit,0,elem,eqcmp,print,0,inline,correct,,true|1
c01945,A,namedlit,0,elem,eqcmp,print,1,inline,correct,,false|1
c01946,A,namedlit,0,elem,coalesce,print,0,inline,loud_emit_reject,emitProgram: `??` is only supported on a map index get,p|1
c01947,A,namedlit,0,elem,coalesce,print,1,inline,loud_emit_reject,emitProgram: `??` is only supported on a map index get,q|1
c01948,A,namedlit,0,elem,printdirect,print,0,inline,correct,,p|1
c01949,A,namedlit,0,elem,printdirect,print,1,inline,correct,,q|1
c01950,A,namedlit,0,mapval,direct,print,0,inline,correct,,p|1
c01951,A,namedlit,0,mapval,direct,print,1,inline,correct,,q|1
c01952,A,namedlit,0,mapval,is_t,print,0,inline,correct,,p|1
c01953,A,namedlit,0,mapval,is_t,print,1,inline,correct,,q|1
c01954,A,namedlit,0,mapval,eqcmp,print,0,inline,correct,,true|1
c01955,A,namedlit,0,mapval,eqcmp,print,1,inline,correct,,false|1
c01956,A,namedlit,0,mapval,coalesce,print,0,inline,correct,,p|1
c01957,A,namedlit,0,mapval,coalesce,print,1,inline,correct,,q|1
c01958,A,namedlit,0,mapval,printdirect,print,0,inline,correct,,p|1
c01959,A,namedlit,0,mapval,printdirect,print,1,inline,correct,,q|1
c01960,A,namedlit,0,capture,direct,print,0,inline,correct,,p|1
c01961,A,namedlit,0,capture,direct,print,1,inline,correct,,q|1
c01962,A,namedlit,0,capture,is_t,print,0,inline,correct,,p|1
c01963,A,namedlit,0,capture,is_t,print,1,inline,correct,,q|1
c01964,A,namedlit,0,capture,eqcmp,print,0,inline,correct,,true|1
c01965,A,namedlit,0,capture,eqcmp,print,1,inline,correct,,false|1
c01966,A,namedlit,0,capture,coalesce,print,0,inline,loud_emit_reject,emitProgram: `??` is only supported on a map index get,p|1
c01967,A,namedlit,0,capture,coalesce,print,1,inline,loud_emit_reject,emitProgram: `??` is only supported on a map index get,q|1
c01968,A,namedlit,0,capture,printdirect,print,0,inline,correct,,p|1
c01969,A,namedlit,0,capture,printdirect,print,1,inline,correct,,q|1
c01970,A,namedlit,0,loopvar,direct,print,0,inline,correct,,p|1
c01971,A,namedlit,0,loopvar,direct,print,1,inline,correct,,q|1
c01972,A,namedlit,0,loopvar,is_t,print,0,inline,correct,,p|1
c01973,A,namedlit,0,loopvar,is_t,print,1,inline,correct,,q|1
c01974,A,namedlit,0,loopvar,eqcmp,print,0,inline,correct,,true|1
c01975,A,namedlit,0,loopvar,eqcmp,print,1,inline,correct,,false|1
c01976,A,namedlit,0,loopvar,coalesce,print,0,inline,loud_emit_reject,emitProgram: `??` is only supported on a map index get,p|1
c01977,A,namedlit,0,loopvar,coalesce,print,1,inline,loud_emit_reject,emitProgram: `??` is only supported on a map index get,q|1
c01978,A,namedlit,0,loopvar,printdirect,print,0,inline,correct,,p|1
c01979,A,namedlit,0,loopvar,printdirect,print,1,inline,correct,,q|1
c01980,A,namedlit,1,const_local,nenull,print,0,inline,correct,,p|1
c01981,A,namedlit,1,const_local,nenull,print,1,inline,correct,,NUL|1
c01982,A,namedlit,1,const_local,eqnull_else,print,0,inline,correct,,p|1
c01983,A,namedlit,1,const_local,eqnull_else,print,1,inline,correct,,NUL|1
c01984,A,namedlit,1,const_local,is_t,print,0,inline,correct,,p|1
c01985,A,namedlit,1,const_local,is_t,print,1,inline,correct,,NUL|1
c01986,A,namedlit,1,const_local,match_null,print,0,inline,loud_check_reject,"[ERROR]: match over a union with literal members is not supported — compare them with `==` in an if-chain, got ""p"" | ""q""?",p|1
c01987,A,namedlit,1,const_local,match_null,print,1,inline,loud_check_reject,"[ERROR]: match over a union with literal members is not supported — compare them with `==` in an if-chain, got ""p"" | ""q""?",NUL|1
c01988,A,namedlit,1,const_local,andguard,print,0,inline,correct,,true|1
c01989,A,namedlit,1,const_local,andguard,print,1,inline,correct,,false|1
c01990,A,namedlit,1,const_local,coalesce,print,0,inline,correct,,p|1
c01991,A,namedlit,1,const_local,coalesce,print,1,inline,correct,,q|1
c01992,A,namedlit,1,const_local,printdirect,print,0,inline,correct,,p|1
c01993,A,namedlit,1,const_local,printdirect,print,1,inline,correct,,null|1
c01994,A,namedlit,1,const_local,eqnullcmp,print,0,inline,correct,,false|1
c01995,A,namedlit,1,const_local,eqnullcmp,print,1,inline,correct,,true|1
c01996,A,namedlit,1,const_local,while_g,print,0,inline,correct,,p|1
c01997,A,namedlit,1,const_local,while_g,print,1,inline,correct,,NUL|1
c01998,A,namedlit,1,let_local,nenull,print,0,inline,correct,,p|1
c01999,A,namedlit,1,let_local,nenull,print,1,inline,correct,,NUL|1
c02000,A,namedlit,1,let_local,eqnull_else,print,0,inline,correct,,p|1
c02001,A,namedlit,1,let_local,eqnull_else,print,1,inline,correct,,NUL|1
c02002,A,namedlit,1,let_local,is_t,print,0,inline,correct,,p|1
c02003,A,namedlit,1,let_local,is_t,print,1,inline,correct,,NUL|1
c02004,A,namedlit,1,let_local,match_null,print,0,inline,loud_check_reject,"[ERROR]: match over a union with literal members is not supported — compare them with `==` in an if-chain, got ""p"" | ""q""?",p|1
c02005,A,namedlit,1,let_local,match_null,print,1,inline,loud_check_reject,"[ERROR]: match over a union with literal members is not supported — compare them with `==` in an if-chain, got ""p"" | ""q""?",NUL|1
c02006,A,namedlit,1,let_local,andguard,print,0,inline,correct,,true|1
c02007,A,namedlit,1,let_local,andguard,print,1,inline,correct,,false|1
c02008,A,namedlit,1,let_local,coalesce,print,0,inline,correct,,p|1
c02009,A,namedlit,1,let_local,coalesce,print,1,inline,correct,,q|1
c02010,A,namedlit,1,let_local,printdirect,print,0,inline,correct,,p|1
c02011,A,namedlit,1,let_local,printdirect,print,1,inline,correct,,null|1
c02012,A,namedlit,1,let_local,eqnullcmp,print,0,inline,correct,,false|1
c02013,A,namedlit,1,let_local,eqnullcmp,print,1,inline,correct,,true|1
c02014,A,namedlit,1,let_local,while_g,print,0,inline,correct,,p|1
c02015,A,namedlit,1,let_local,while_g,print,1,inline,correct,,NUL|1
c02016,A,namedlit,1,param,nenull,print,0,inline,correct,,p|1
c02017,A,namedlit,1,param,nenull,print,1,inline,correct,,NUL|1
c02018,A,namedlit,1,param,eqnull_else,print,0,inline,correct,,p|1
c02019,A,namedlit,1,param,eqnull_else,print,1,inline,correct,,NUL|1
c02020,A,namedlit,1,param,is_t,print,0,inline,correct,,p|1
c02021,A,namedlit,1,param,is_t,print,1,inline,correct,,NUL|1
c02022,A,namedlit,1,param,match_null,print,0,inline,loud_check_reject,"[ERROR]: match over a union with literal members is not supported — compare them with `==` in an if-chain, got ""p"" | ""q""?",p|1
c02023,A,namedlit,1,param,match_null,print,1,inline,loud_check_reject,"[ERROR]: match over a union with literal members is not supported — compare them with `==` in an if-chain, got ""p"" | ""q""?",NUL|1
c02024,A,namedlit,1,param,andguard,print,0,inline,correct,,true|1
c02025,A,namedlit,1,param,andguard,print,1,inline,correct,,false|1
c02026,A,namedlit,1,param,coalesce,print,0,inline,correct,,p|1
c02027,A,namedlit,1,param,coalesce,print,1,inline,correct,,q|1
c02028,A,namedlit,1,param,printdirect,print,0,inline,correct,,p|1
c02029,A,namedlit,1,param,printdirect,print,1,inline,correct,,null|1
c02030,A,namedlit,1,param,eqnullcmp,print,0,inline,correct,,false|1
c02031,A,namedlit,1,param,eqnullcmp,print,1,inline,correct,,true|1
c02032,A,namedlit,1,param,while_g,print,0,inline,correct,,p|1
c02033,A,namedlit,1,param,while_g,print,1,inline,correct,,NUL|1
c02034,A,namedlit,1,ret_unann,nenull,print,0,inline,correct,,p|1
c02035,A,namedlit,1,ret_unann,nenull,print,1,inline,correct,,NUL|1
c02036,A,namedlit,1,ret_unann,eqnull_else,print,0,inline,correct,,p|1
c02037,A,namedlit,1,ret_unann,eqnull_else,print,1,inline,correct,,NUL|1
c02038,A,namedlit,1,ret_unann,is_t,print,0,inline,correct,,p|1
c02039,A,namedlit,1,ret_unann,is_t,print,1,inline,correct,,NUL|1
c02040,A,namedlit,1,ret_unann,match_null,print,0,inline,loud_check_reject,"[ERROR]: match over a union with literal members is not supported — compare them with `==` in an if-chain, got ""p"" | ""q""?",p|1
c02041,A,namedlit,1,ret_unann,match_null,print,1,inline,loud_check_reject,"[ERROR]: match over a union with literal members is not supported — compare them with `==` in an if-chain, got ""p"" | ""q""?",NUL|1
c02042,A,namedlit,1,ret_unann,andguard,print,0,inline,correct,,true|1
c02043,A,namedlit,1,ret_unann,andguard,print,1,inline,correct,,false|1
c02044,A,namedlit,1,ret_unann,coalesce,print,0,inline,correct,,p|1
c02045,A,namedlit,1,ret_unann,coalesce,print,1,inline,correct,,q|1
c02046,A,namedlit,1,ret_unann,printdirect,print,0,inline,correct,,p|1
c02047,A,namedlit,1,ret_unann,printdirect,print,1,inline,correct,,null|1
c02048,A,namedlit,1,ret_unann,eqnullcmp,print,0,inline,correct,,false|1
c02049,A,namedlit,1,ret_unann,eqnullcmp,print,1,inline,correct,,true|1
c02050,A,namedlit,1,ret_unann,while_g,print,0,inline,correct,,p|1
c02051,A,namedlit,1,ret_unann,while_g,print,1,inline,correct,,NUL|1
c02052,A,namedlit,1,ret_ann,nenull,print,0,inline,correct,,p|1
c02053,A,namedlit,1,ret_ann,nenull,print,1,inline,correct,,NUL|1
c02054,A,namedlit,1,ret_ann,eqnull_else,print,0,inline,correct,,p|1
c02055,A,namedlit,1,ret_ann,eqnull_else,print,1,inline,correct,,NUL|1
c02056,A,namedlit,1,ret_ann,is_t,print,0,inline,correct,,p|1
c02057,A,namedlit,1,ret_ann,is_t,print,1,inline,correct,,NUL|1
c02058,A,namedlit,1,ret_ann,match_null,print,0,inline,loud_check_reject,"[ERROR]: match over a union with literal members is not supported — compare them with `==` in an if-chain, got ""p"" | ""q""?",p|1
c02059,A,namedlit,1,ret_ann,match_null,print,1,inline,loud_check_reject,"[ERROR]: match over a union with literal members is not supported — compare them with `==` in an if-chain, got ""p"" | ""q""?",NUL|1
c02060,A,namedlit,1,ret_ann,andguard,print,0,inline,correct,,true|1
c02061,A,namedlit,1,ret_ann,andguard,print,1,inline,correct,,false|1
c02062,A,namedlit,1,ret_ann,coalesce,print,0,inline,correct,,p|1
c02063,A,namedlit,1,ret_ann,coalesce,print,1,inline,correct,,q|1
c02064,A,namedlit,1,ret_ann,printdirect,print,0,inline,correct,,p|1
c02065,A,namedlit,1,ret_ann,printdirect,print,1,inline,correct,,null|1
c02066,A,namedlit,1,ret_ann,eqnullcmp,print,0,inline,correct,,false|1
c02067,A,namedlit,1,ret_ann,eqnullcmp,print,1,inline,correct,,true|1
c02068,A,namedlit,1,ret_ann,while_g,print,0,inline,correct,,p|1
c02069,A,namedlit,1,ret_ann,while_g,print,1,inline,correct,,NUL|1
c02070,A,namedlit,1,global,nenull,print,0,inline,correct,,p|1
c02071,A,namedlit,1,global,nenull,print,1,inline,correct,,NUL|1
c02072,A,namedlit,1,global,eqnull_else,print,0,inline,correct,,p|1
c02073,A,namedlit,1,global,eqnull_else,print,1,inline,correct,,NUL|1
c02074,A,namedlit,1,global,is_t,print,0,inline,correct,,p|1
c02075,A,namedlit,1,global,is_t,print,1,inline,correct,,NUL|1
c02076,A,namedlit,1,global,match_null,print,0,inline,loud_check_reject,"[ERROR]: match over a union with literal members is not supported — compare them with `==` in an if-chain, got ""p"" | ""q""?",p|1
c02077,A,namedlit,1,global,match_null,print,1,inline,loud_check_reject,"[ERROR]: match over a union with literal members is not supported — compare them with `==` in an if-chain, got ""p"" | ""q""?",NUL|1
c02078,A,namedlit,1,global,andguard,print,0,inline,correct,,true|1
c02079,A,namedlit,1,global,andguard,print,1,inline,correct,,false|1
c02080,A,namedlit,1,global,coalesce,print,0,inline,correct,,p|1
c02081,A,namedlit,1,global,coalesce,print,1,inline,correct,,q|1
c02082,A,namedlit,1,global,printdirect,print,0,inline,correct,,p|1
c02083,A,namedlit,1,global,printdirect,print,1,inline,correct,,null|1
c02084,A,namedlit,1,global,eqnullcmp,print,0,inline,correct,,false|1
c02085,A,namedlit,1,global,eqnullcmp,print,1,inline,correct,,true|1
c02086,A,namedlit,1,global,while_g,print,0,inline,correct,,p|1
c02087,A,namedlit,1,global,while_g,print,1,inline,correct,,NUL|1
c02088,A,namedlit,1,field,nenull,print,0,inline,correct,,p|1
c02089,A,namedlit,1,field,nenull,print,1,inline,correct,,NUL|1
c02090,A,namedlit,1,field,eqnull_else,print,0,inline,correct,,p|1
c02091,A,namedlit,1,field,eqnull_else,print,1,inline,correct,,NUL|1
c02092,A,namedlit,1,field,is_t,print,0,inline,correct,,p|1
c02093,A,namedlit,1,field,is_t,print,1,inline,correct,,NUL|1
c02094,A,namedlit,1,field,match_null,print,0,inline,loud_check_reject,"[ERROR]: match over a union with literal members is not supported — compare them with `==` in an if-chain, got ""p"" | ""q""?",p|1
c02095,A,namedlit,1,field,match_null,print,1,inline,loud_check_reject,"[ERROR]: match over a union with literal members is not supported — compare them with `==` in an if-chain, got ""p"" | ""q""?",NUL|1
c02096,A,namedlit,1,field,andguard,print,0,inline,correct,,true|1
c02097,A,namedlit,1,field,andguard,print,1,inline,correct,,false|1
c02098,A,namedlit,1,field,coalesce,print,0,inline,correct,,p|1
c02099,A,namedlit,1,field,coalesce,print,1,inline,correct,,q|1
c02100,A,namedlit,1,field,printdirect,print,0,inline,correct,,p|1
c02101,A,namedlit,1,field,printdirect,print,1,inline,correct,,null|1
c02102,A,namedlit,1,field,eqnullcmp,print,0,inline,correct,,false|1
c02103,A,namedlit,1,field,eqnullcmp,print,1,inline,correct,,true|1
c02104,A,namedlit,1,field,while_g,print,0,inline,correct,,p|1
c02105,A,namedlit,1,field,while_g,print,1,inline,correct,,NUL|1
c02106,A,namedlit,1,elem,nenull,print,0,inline,correct,,p|1
c02107,A,namedlit,1,elem,nenull,print,1,inline,correct,,NUL|1
c02108,A,namedlit,1,elem,eqnull_else,print,0,inline,correct,,p|1
c02109,A,namedlit,1,elem,eqnull_else,print,1,inline,correct,,NUL|1
c02110,A,namedlit,1,elem,is_t,print,0,inline,correct,,p|1
c02111,A,namedlit,1,elem,is_t,print,1,inline,correct,,NUL|1
c02112,A,namedlit,1,elem,match_null,print,0,inline,loud_check_reject,"[ERROR]: match over a union with literal members is not supported — compare them with `==` in an if-chain, got ""p"" | ""q""?",p|1
c02113,A,namedlit,1,elem,match_null,print,1,inline,loud_check_reject,"[ERROR]: match over a union with literal members is not supported — compare them with `==` in an if-chain, got ""p"" | ""q""?",NUL|1
c02114,A,namedlit,1,elem,andguard,print,0,inline,correct,,true|1
c02115,A,namedlit,1,elem,andguard,print,1,inline,correct,,false|1
c02116,A,namedlit,1,elem,coalesce,print,0,inline,correct,,p|1
c02117,A,namedlit,1,elem,coalesce,print,1,inline,correct,,q|1
c02118,A,namedlit,1,elem,printdirect,print,0,inline,correct,,p|1
c02119,A,namedlit,1,elem,printdirect,print,1,inline,correct,,null|1
c02120,A,namedlit,1,elem,eqnullcmp,print,0,inline,correct,,false|1
c02121,A,namedlit,1,elem,eqnullcmp,print,1,inline,correct,,true|1
c02122,A,namedlit,1,elem,while_g,print,0,inline,correct,,p|1
c02123,A,namedlit,1,elem,while_g,print,1,inline,correct,,NUL|1
c02124,A,namedlit,1,mapval,nenull,print,0,inline,correct,,p|1
c02125,A,namedlit,1,mapval,nenull,print,1,inline,correct,,NUL|1
c02126,A,namedlit,1,mapval,eqnull_else,print,0,inline,correct,,p|1
c02127,A,namedlit,1,mapval,eqnull_else,print,1,inline,correct,,NUL|1
c02128,A,namedlit,1,mapval,is_t,print,0,inline,correct,,p|1
c02129,A,namedlit,1,mapval,is_t,print,1,inline,correct,,NUL|1
c02130,A,namedlit,1,mapval,match_null,print,0,inline,loud_check_reject,"[ERROR]: match over a union with literal members is not supported — compare them with `==` in an if-chain, got ""p"" | ""q""??",p|1
c02131,A,namedlit,1,mapval,match_null,print,1,inline,loud_check_reject,"[ERROR]: match over a union with literal members is not supported — compare them with `==` in an if-chain, got ""p"" | ""q""??",NUL|1
c02132,A,namedlit,1,mapval,andguard,print,0,inline,correct,,true|1
c02133,A,namedlit,1,mapval,andguard,print,1,inline,correct,,false|1
c02134,A,namedlit,1,mapval,coalesce,print,0,inline,correct,,p|1
c02135,A,namedlit,1,mapval,coalesce,print,1,inline,correct,,q|1
c02136,A,namedlit,1,mapval,printdirect,print,0,inline,correct,,p|1
c02137,A,namedlit,1,mapval,printdirect,print,1,inline,correct,,null|1
c02138,A,namedlit,1,mapval,eqnullcmp,print,0,inline,correct,,false|1
c02139,A,namedlit,1,mapval,eqnullcmp,print,1,inline,correct,,true|1
c02140,A,namedlit,1,mapval,while_g,print,0,inline,correct,,p|1
c02141,A,namedlit,1,mapval,while_g,print,1,inline,correct,,NUL|1
c02142,A,namedlit,1,capture,nenull,print,0,inline,correct,,p|1
c02143,A,namedlit,1,capture,nenull,print,1,inline,correct,,NUL|1
c02144,A,namedlit,1,capture,eqnull_else,print,0,inline,correct,,p|1
c02145,A,namedlit,1,capture,eqnull_else,print,1,inline,correct,,NUL|1
c02146,A,namedlit,1,capture,is_t,print,0,inline,correct,,p|1
c02147,A,namedlit,1,capture,is_t,print,1,inline,correct,,NUL|1
c02148,A,namedlit,1,capture,match_null,print,0,inline,loud_check_reject,"[ERROR]: match over a union with literal members is not supported — compare them with `==` in an if-chain, got ""p"" | ""q""?",p|1
c02149,A,namedlit,1,capture,match_null,print,1,inline,loud_check_reject,"[ERROR]: match over a union with literal members is not supported — compare them with `==` in an if-chain, got ""p"" | ""q""?",NUL|1
c02150,A,namedlit,1,capture,andguard,print,0,inline,correct,,true|1
c02151,A,namedlit,1,capture,andguard,print,1,inline,correct,,false|1
c02152,A,namedlit,1,capture,coalesce,print,0,inline,correct,,p|1
c02153,A,namedlit,1,capture,coalesce,print,1,inline,correct,,q|1
c02154,A,namedlit,1,capture,printdirect,print,0,inline,correct,,p|1
c02155,A,namedlit,1,capture,printdirect,print,1,inline,correct,,null|1
c02156,A,namedlit,1,capture,eqnullcmp,print,0,inline,correct,,false|1
c02157,A,namedlit,1,capture,eqnullcmp,print,1,inline,correct,,true|1
c02158,A,namedlit,1,capture,while_g,print,0,inline,correct,,p|1
c02159,A,namedlit,1,capture,while_g,print,1,inline,correct,,NUL|1
c02160,A,namedlit,1,loopvar,nenull,print,0,inline,correct,,p|1
c02161,A,namedlit,1,loopvar,nenull,print,1,inline,correct,,NUL|1
c02162,A,namedlit,1,loopvar,eqnull_else,print,0,inline,correct,,p|1
c02163,A,namedlit,1,loopvar,eqnull_else,print,1,inline,correct,,NUL|1
c02164,A,namedlit,1,loopvar,is_t,print,0,inline,correct,,p|1
c02165,A,namedlit,1,loopvar,is_t,print,1,inline,correct,,NUL|1
c02166,A,namedlit,1,loopvar,match_null,print,0,inline,loud_check_reject,"[ERROR]: match over a union with literal members is not supported — compare them with `==` in an if-chain, got ""p"" | ""q""?",p|1
c02167,A,namedlit,1,loopvar,match_null,print,1,inline,loud_check_reject,"[ERROR]: match over a union with literal members is not supported — compare them with `==` in an if-chain, got ""p"" | ""q""?",NUL|1
c02168,A,namedlit,1,loopvar,andguard,print,0,inline,correct,,true|1
c02169,A,namedlit,1,loopvar,andguard,print,1,inline,correct,,false|1
c02170,A,namedlit,1,loopvar,coalesce,print,0,inline,correct,,p|1
c02171,A,namedlit,1,loopvar,coalesce,print,1,inline,correct,,q|1
c02172,A,namedlit,1,loopvar,printdirect,print,0,inline,correct,,p|1
c02173,A,namedlit,1,loopvar,printdirect,print,1,inline,correct,,null|1
c02174,A,namedlit,1,loopvar,eqnullcmp,print,0,inline,correct,,false|1
c02175,A,namedlit,1,loopvar,eqnullcmp,print,1,inline,correct,,true|1
c02176,A,namedlit,1,loopvar,while_g,print,0,inline,correct,,p|1
c02177,A,namedlit,1,loopvar,while_g,print,1,inline,correct,,NUL|1
c02178,A,inlinelit,0,const_local,direct,print,0,inline,correct,,p|1
c02179,A,inlinelit,0,const_local,direct,print,1,inline,correct,,q|1
c02180,A,inlinelit,0,const_local,is_t,print,0,inline,correct,,p|1
c02181,A,inlinelit,0,const_local,is_t,print,1,inline,correct,,q|1
c02182,A,inlinelit,0,const_local,eqcmp,print,0,inline,correct,,true|1
c02183,A,inlinelit,0,const_local,eqcmp,print,1,inline,correct,,false|1
c02184,A,inlinelit,0,const_local,coalesce,print,0,inline,loud_emit_reject,emitProgram: `??` is only supported on a map index get,p|1
c02185,A,inlinelit,0,const_local,coalesce,print,1,inline,loud_emit_reject,emitProgram: `??` is only supported on a map index get,q|1
c02186,A,inlinelit,0,const_local,printdirect,print,0,inline,correct,,p|1
c02187,A,inlinelit,0,const_local,printdirect,print,1,inline,correct,,q|1
c02188,A,inlinelit,0,let_local,direct,print,0,inline,correct,,p|1
c02189,A,inlinelit,0,let_local,direct,print,1,inline,correct,,q|1
c02190,A,inlinelit,0,let_local,is_t,print,0,inline,correct,,p|1
c02191,A,inlinelit,0,let_local,is_t,print,1,inline,correct,,q|1
c02192,A,inlinelit,0,let_local,eqcmp,print,0,inline,correct,,true|1
c02193,A,inlinelit,0,let_local,eqcmp,print,1,inline,correct,,false|1
c02194,A,inlinelit,0,let_local,coalesce,print,0,inline,loud_emit_reject,emitProgram: `??` is only supported on a map index get,p|1
c02195,A,inlinelit,0,let_local,coalesce,print,1,inline,loud_emit_reject,emitProgram: `??` is only supported on a map index get,q|1
c02196,A,inlinelit,0,let_local,printdirect,print,0,inline,correct,,p|1
c02197,A,inlinelit,0,let_local,printdirect,print,1,inline,correct,,q|1
c02198,A,inlinelit,0,param,direct,print,0,inline,correct,,p|1
c02199,A,inlinelit,0,param,direct,print,1,inline,correct,,q|1
c02200,A,inlinelit,0,param,is_t,print,0,inline,correct,,p|1
c02201,A,inlinelit,0,param,is_t,print,1,inline,correct,,q|1
c02202,A,inlinelit,0,param,eqcmp,print,0,inline,correct,,true|1
c02203,A,inlinelit,0,param,eqcmp,print,1,inline,correct,,false|1
c02204,A,inlinelit,0,param,coalesce,print,0,inline,loud_emit_reject,emitProgram: `??` is only supported on a map index get,p|1
c02205,A,inlinelit,0,param,coalesce,print,1,inline,loud_emit_reject,emitProgram: `??` is only supported on a map index get,q|1
c02206,A,inlinelit,0,param,printdirect,print,0,inline,correct,,p|1
c02207,A,inlinelit,0,param,printdirect,print,1,inline,correct,,q|1
c02208,A,inlinelit,0,ret_unann,direct,print,0,inline,correct,,p|1
c02209,A,inlinelit,0,ret_unann,direct,print,1,inline,correct,,q|1
c02210,A,inlinelit,0,ret_unann,is_t,print,0,inline,correct,,p|1
c02211,A,inlinelit,0,ret_unann,is_t,print,1,inline,correct,,q|1
c02212,A,inlinelit,0,ret_unann,eqcmp,print,0,inline,correct,,true|1
c02213,A,inlinelit,0,ret_unann,eqcmp,print,1,inline,correct,,false|1
c02214,A,inlinelit,0,ret_unann,coalesce,print,0,inline,loud_emit_reject,emitProgram: `??` is only supported on a map index get,p|1
c02215,A,inlinelit,0,ret_unann,coalesce,print,1,inline,loud_emit_reject,emitProgram: `??` is only supported on a map index get,q|1
c02216,A,inlinelit,0,ret_unann,printdirect,print,0,inline,correct,,p|1
c02217,A,inlinelit,0,ret_unann,printdirect,print,1,inline,correct,,q|1
c02218,A,inlinelit,0,ret_ann,direct,print,0,inline,correct,,p|1
c02219,A,inlinelit,0,ret_ann,direct,print,1,inline,correct,,q|1
c02220,A,inlinelit,0,ret_ann,is_t,print,0,inline,correct,,p|1
c02221,A,inlinelit,0,ret_ann,is_t,print,1,inline,correct,,q|1
c02222,A,inlinelit,0,ret_ann,eqcmp,print,0,inline,correct,,true|1
c02223,A,inlinelit,0,ret_ann,eqcmp,print,1,inline,correct,,false|1
c02224,A,inlinelit,0,ret_ann,coalesce,print,0,inline,loud_emit_reject,emitProgram: `??` is only supported on a map index get,p|1
c02225,A,inlinelit,0,ret_ann,coalesce,print,1,inline,loud_emit_reject,emitProgram: `??` is only supported on a map index get,q|1
c02226,A,inlinelit,0,ret_ann,printdirect,print,0,inline,correct,,p|1
c02227,A,inlinelit,0,ret_ann,printdirect,print,1,inline,correct,,q|1
c02228,A,inlinelit,0,global,direct,print,0,inline,correct,,p|1
c02229,A,inlinelit,0,global,direct,print,1,inline,correct,,q|1
c02230,A,inlinelit,0,global,is_t,print,0,inline,correct,,p|1
c02231,A,inlinelit,0,global,is_t,print,1,inline,correct,,q|1
c02232,A,inlinelit,0,global,eqcmp,print,0,inline,correct,,true|1
c02233,A,inlinelit,0,global,eqcmp,print,1,inline,correct,,false|1
c02234,A,inlinelit,0,global,coalesce,print,0,inline,loud_emit_reject,emitProgram: `??` is only supported on a map index get,p|1
c02235,A,inlinelit,0,global,coalesce,print,1,inline,loud_emit_reject,emitProgram: `??` is only supported on a map index get,q|1
c02236,A,inlinelit,0,global,printdirect,print,0,inline,correct,,p|1
c02237,A,inlinelit,0,global,printdirect,print,1,inline,correct,,q|1
c02238,A,inlinelit,0,field,direct,print,0,inline,correct,,p|1
c02239,A,inlinelit,0,field,direct,print,1,inline,correct,,q|1
c02240,A,inlinelit,0,field,is_t,print,0,inline,correct,,p|1
c02241,A,inlinelit,0,field,is_t,print,1,inline,correct,,q|1
c02242,A,inlinelit,0,field,eqcmp,print,0,inline,correct,,true|1
c02243,A,inlinelit,0,field,eqcmp,print,1,inline,correct,,false|1
c02244,A,inlinelit,0,field,coalesce,print,0,inline,loud_emit_reject,emitProgram: `??` is only supported on a map index get,p|1
c02245,A,inlinelit,0,field,coalesce,print,1,inline,loud_emit_reject,emitProgram: `??` is only supported on a map index get,q|1
c02246,A,inlinelit,0,field,printdirect,print,0,inline,correct,,p|1
c02247,A,inlinelit,0,field,printdirect,print,1,inline,correct,,q|1
c02248,A,inlinelit,0,elem,direct,print,0,inline,loud_emit_reject,emitProgram: literal-union atom narrowing needs a re-readable receiver,p|1
c02249,A,inlinelit,0,elem,direct,print,1,inline,loud_emit_reject,emitProgram: literal-union atom narrowing needs a re-readable receiver,q|1
c02250,A,inlinelit,0,elem,is_t,print,0,inline,loud_emit_reject,emitProgram: literal-union atom narrowing needs a re-readable receiver,p|1
c02251,A,inlinelit,0,elem,is_t,print,1,inline,loud_emit_reject,emitProgram: literal-union atom narrowing needs a re-readable receiver,q|1
c02252,A,inlinelit,0,elem,eqcmp,print,0,inline,loud_emit_reject,emitProgram: literal-union atom narrowing needs a re-readable receiver,true|1
c02253,A,inlinelit,0,elem,eqcmp,print,1,inline,loud_emit_reject,emitProgram: literal-union atom narrowing needs a re-readable receiver,false|1
c02254,A,inlinelit,0,elem,coalesce,print,0,inline,loud_emit_reject,emitProgram: literal-union atom narrowing needs a re-readable receiver,p|1
c02255,A,inlinelit,0,elem,coalesce,print,1,inline,loud_emit_reject,emitProgram: literal-union atom narrowing needs a re-readable receiver,q|1
c02256,A,inlinelit,0,elem,printdirect,print,0,inline,loud_emit_reject,emitProgram: literal-union atom narrowing needs a re-readable receiver,p|1
c02257,A,inlinelit,0,elem,printdirect,print,1,inline,loud_emit_reject,emitProgram: literal-union atom narrowing needs a re-readable receiver,q|1
c02258,A,inlinelit,0,mapval,direct,print,0,inline,loud_emit_reject,emitProgram: literal-union atom narrowing needs a re-readable receiver,p|1
c02259,A,inlinelit,0,mapval,direct,print,1,inline,loud_emit_reject,emitProgram: literal-union atom narrowing needs a re-readable receiver,q|1
c02260,A,inlinelit,0,mapval,is_t,print,0,inline,loud_emit_reject,emitProgram: literal-union atom narrowing needs a re-readable receiver,p|1
c02261,A,inlinelit,0,mapval,is_t,print,1,inline,loud_emit_reject,emitProgram: literal-union atom narrowing needs a re-readable receiver,q|1
c02262,A,inlinelit,0,mapval,eqcmp,print,0,inline,loud_emit_reject,emitProgram: literal-union atom narrowing needs a re-readable receiver,true|1
c02263,A,inlinelit,0,mapval,eqcmp,print,1,inline,loud_emit_reject,emitProgram: literal-union atom narrowing needs a re-readable receiver,false|1
c02264,A,inlinelit,0,mapval,coalesce,print,0,inline,loud_emit_reject,emitProgram: literal-union atom narrowing needs a re-readable receiver,p|1
c02265,A,inlinelit,0,mapval,coalesce,print,1,inline,loud_emit_reject,emitProgram: literal-union atom narrowing needs a re-readable receiver,q|1
c02266,A,inlinelit,0,mapval,printdirect,print,0,inline,loud_emit_reject,emitProgram: literal-union atom narrowing needs a re-readable receiver,p|1
c02267,A,inlinelit,0,mapval,printdirect,print,1,inline,loud_emit_reject,emitProgram: literal-union atom narrowing needs a re-readable receiver,q|1
c02268,A,inlinelit,0,capture,direct,print,0,inline,correct,,p|1
c02269,A,inlinelit,0,capture,direct,print,1,inline,correct,,q|1
c02270,A,inlinelit,0,capture,is_t,print,0,inline,correct,,p|1
c02271,A,inlinelit,0,capture,is_t,print,1,inline,correct,,q|1
c02272,A,inlinelit,0,capture,eqcmp,print,0,inline,correct,,true|1
c02273,A,inlinelit,0,capture,eqcmp,print,1,inline,correct,,false|1
c02274,A,inlinelit,0,capture,coalesce,print,0,inline,loud_emit_reject,emitProgram: `??` is only supported on a map index get,p|1
c02275,A,inlinelit,0,capture,coalesce,print,1,inline,loud_emit_reject,emitProgram: `??` is only supported on a map index get,q|1
c02276,A,inlinelit,0,capture,printdirect,print,0,inline,correct,,p|1
c02277,A,inlinelit,0,capture,printdirect,print,1,inline,correct,,q|1
c02278,A,inlinelit,0,loopvar,direct,print,0,inline,loud_emit_reject,emitProgram: literal-union atom narrowing needs a re-readable receiver,p|1
c02279,A,inlinelit,0,loopvar,direct,print,1,inline,loud_emit_reject,emitProgram: literal-union atom narrowing needs a re-readable receiver,q|1
c02280,A,inlinelit,0,loopvar,is_t,print,0,inline,loud_emit_reject,emitProgram: literal-union atom narrowing needs a re-readable receiver,p|1
c02281,A,inlinelit,0,loopvar,is_t,print,1,inline,loud_emit_reject,emitProgram: literal-union atom narrowing needs a re-readable receiver,q|1
c02282,A,inlinelit,0,loopvar,eqcmp,print,0,inline,loud_emit_reject,emitProgram: literal-union atom narrowing needs a re-readable receiver,true|1
c02283,A,inlinelit,0,loopvar,eqcmp,print,1,inline,loud_emit_reject,emitProgram: literal-union atom narrowing needs a re-readable receiver,false|1
c02284,A,inlinelit,0,loopvar,coalesce,print,0,inline,loud_emit_reject,emitProgram: literal-union atom narrowing needs a re-readable receiver,p|1
c02285,A,inlinelit,0,loopvar,coalesce,print,1,inline,loud_emit_reject,emitProgram: literal-union atom narrowing needs a re-readable receiver,q|1
c02286,A,inlinelit,0,loopvar,printdirect,print,0,inline,loud_emit_reject,emitProgram: literal-union atom narrowing needs a re-readable receiver,p|1
c02287,A,inlinelit,0,loopvar,printdirect,print,1,inline,loud_emit_reject,emitProgram: literal-union atom narrowing needs a re-readable receiver,q|1
c02288,A,inlinelit,1,const_local,nenull,print,0,inline,correct,,p|1
c02289,A,inlinelit,1,const_local,nenull,print,1,inline,correct,,NUL|1
c02290,A,inlinelit,1,const_local,eqnull_else,print,0,inline,correct,,p|1
c02291,A,inlinelit,1,const_local,eqnull_else,print,1,inline,correct,,NUL|1
c02292,A,inlinelit,1,const_local,is_t,print,0,inline,correct,,p|1
c02293,A,inlinelit,1,const_local,is_t,print,1,inline,correct,,NUL|1
c02294,A,inlinelit,1,const_local,match_null,print,0,inline,loud_check_reject,"[ERROR]: match over a union with literal members is not supported — compare them with `==` in an if-chain, got ""p"" | ""q""?",p|1
c02295,A,inlinelit,1,const_local,match_null,print,1,inline,loud_check_reject,"[ERROR]: match over a union with literal members is not supported — compare them with `==` in an if-chain, got ""p"" | ""q""?",NUL|1
c02296,A,inlinelit,1,const_local,andguard,print,0,inline,correct,,true|1
c02297,A,inlinelit,1,const_local,andguard,print,1,inline,correct,,false|1
c02298,A,inlinelit,1,const_local,coalesce,print,0,inline,correct,,p|1
c02299,A,inlinelit,1,const_local,coalesce,print,1,inline,correct,,q|1
c02300,A,inlinelit,1,const_local,printdirect,print,0,inline,correct,,p|1
c02301,A,inlinelit,1,const_local,printdirect,print,1,inline,correct,,null|1
c02302,A,inlinelit,1,const_local,eqnullcmp,print,0,inline,correct,,false|1
c02303,A,inlinelit,1,const_local,eqnullcmp,print,1,inline,correct,,true|1
c02304,A,inlinelit,1,const_local,while_g,print,0,inline,correct,,p|1
c02305,A,inlinelit,1,const_local,while_g,print,1,inline,correct,,NUL|1
c02306,A,inlinelit,1,let_local,nenull,print,0,inline,correct,,p|1
c02307,A,inlinelit,1,let_local,nenull,print,1,inline,correct,,NUL|1
c02308,A,inlinelit,1,let_local,eqnull_else,print,0,inline,correct,,p|1
c02309,A,inlinelit,1,let_local,eqnull_else,print,1,inline,correct,,NUL|1
c02310,A,inlinelit,1,let_local,is_t,print,0,inline,correct,,p|1
c02311,A,inlinelit,1,let_local,is_t,print,1,inline,correct,,NUL|1
c02312,A,inlinelit,1,let_local,match_null,print,0,inline,loud_check_reject,"[ERROR]: match over a union with literal members is not supported — compare them with `==` in an if-chain, got ""p"" | ""q""?",p|1
c02313,A,inlinelit,1,let_local,match_null,print,1,inline,loud_check_reject,"[ERROR]: match over a union with literal members is not supported — compare them with `==` in an if-chain, got ""p"" | ""q""?",NUL|1
c02314,A,inlinelit,1,let_local,andguard,print,0,inline,correct,,true|1
c02315,A,inlinelit,1,let_local,andguard,print,1,inline,correct,,false|1
c02316,A,inlinelit,1,let_local,coalesce,print,0,inline,correct,,p|1
c02317,A,inlinelit,1,let_local,coalesce,print,1,inline,correct,,q|1
c02318,A,inlinelit,1,let_local,printdirect,print,0,inline,correct,,p|1
c02319,A,inlinelit,1,let_local,printdirect,print,1,inline,correct,,null|1
c02320,A,inlinelit,1,let_local,eqnullcmp,print,0,inline,correct,,false|1
c02321,A,inlinelit,1,let_local,eqnullcmp,print,1,inline,correct,,true|1
c02322,A,inlinelit,1,let_local,while_g,print,0,inline,correct,,p|1
c02323,A,inlinelit,1,let_local,while_g,print,1,inline,correct,,NUL|1
c02324,A,inlinelit,1,param,nenull,print,0,inline,correct,,p|1
c02325,A,inlinelit,1,param,nenull,print,1,inline,correct,,NUL|1
c02326,A,inlinelit,1,param,eqnull_else,print,0,inline,correct,,p|1
c02327,A,inlinelit,1,param,eqnull_else,print,1,inline,correct,,NUL|1
c02328,A,inlinelit,1,param,is_t,print,0,inline,correct,,p|1
c02329,A,inlinelit,1,param,is_t,print,1,inline,correct,,NUL|1
c02330,A,inlinelit,1,param,match_null,print,0,inline,loud_check_reject,"[ERROR]: match over a union with literal members is not supported — compare them with `==` in an if-chain, got ""p"" | ""q""?",p|1
c02331,A,inlinelit,1,param,match_null,print,1,inline,loud_check_reject,"[ERROR]: match over a union with literal members is not supported — compare them with `==` in an if-chain, got ""p"" | ""q""?",NUL|1
c02332,A,inlinelit,1,param,andguard,print,0,inline,correct,,true|1
c02333,A,inlinelit,1,param,andguard,print,1,inline,correct,,false|1
c02334,A,inlinelit,1,param,coalesce,print,0,inline,correct,,p|1
c02335,A,inlinelit,1,param,coalesce,print,1,inline,correct,,q|1
c02336,A,inlinelit,1,param,printdirect,print,0,inline,correct,,p|1
c02337,A,inlinelit,1,param,printdirect,print,1,inline,correct,,null|1
c02338,A,inlinelit,1,param,eqnullcmp,print,0,inline,correct,,false|1
c02339,A,inlinelit,1,param,eqnullcmp,print,1,inline,correct,,true|1
c02340,A,inlinelit,1,param,while_g,print,0,inline,correct,,p|1
c02341,A,inlinelit,1,param,while_g,print,1,inline,correct,,NUL|1
c02342,A,inlinelit,1,ret_unann,nenull,print,0,inline,correct,,p|1
c02343,A,inlinelit,1,ret_unann,nenull,print,1,inline,correct,,NUL|1
c02344,A,inlinelit,1,ret_unann,eqnull_else,print,0,inline,correct,,p|1
c02345,A,inlinelit,1,ret_unann,eqnull_else,print,1,inline,correct,,NUL|1
c02346,A,inlinelit,1,ret_unann,is_t,print,0,inline,correct,,p|1
c02347,A,inlinelit,1,ret_unann,is_t,print,1,inline,correct,,NUL|1
c02348,A,inlinelit,1,ret_unann,match_null,print,0,inline,loud_check_reject,"[ERROR]: match over a union with literal members is not supported — compare them with `==` in an if-chain, got ""p"" | ""q""?",p|1
c02349,A,inlinelit,1,ret_unann,match_null,print,1,inline,loud_check_reject,"[ERROR]: match over a union with literal members is not supported — compare them with `==` in an if-chain, got ""p"" | ""q""?",NUL|1
c02350,A,inlinelit,1,ret_unann,andguard,print,0,inline,correct,,true|1
c02351,A,inlinelit,1,ret_unann,andguard,print,1,inline,correct,,false|1
c02352,A,inlinelit,1,ret_unann,coalesce,print,0,inline,correct,,p|1
c02353,A,inlinelit,1,ret_unann,coalesce,print,1,inline,correct,,q|1
c02354,A,inlinelit,1,ret_unann,printdirect,print,0,inline,correct,,p|1
c02355,A,inlinelit,1,ret_unann,printdirect,print,1,inline,correct,,null|1
c02356,A,inlinelit,1,ret_unann,eqnullcmp,print,0,inline,correct,,false|1
c02357,A,inlinelit,1,ret_unann,eqnullcmp,print,1,inline,correct,,true|1
c02358,A,inlinelit,1,ret_unann,while_g,print,0,inline,correct,,p|1
c02359,A,inlinelit,1,ret_unann,while_g,print,1,inline,correct,,NUL|1
c02360,A,inlinelit,1,ret_ann,nenull,print,0,inline,correct,,p|1
c02361,A,inlinelit,1,ret_ann,nenull,print,1,inline,correct,,NUL|1
c02362,A,inlinelit,1,ret_ann,eqnull_else,print,0,inline,correct,,p|1
c02363,A,inlinelit,1,ret_ann,eqnull_else,print,1,inline,correct,,NUL|1
c02364,A,inlinelit,1,ret_ann,is_t,print,0,inline,correct,,p|1
c02365,A,inlinelit,1,ret_ann,is_t,print,1,inline,correct,,NUL|1
c02366,A,inlinelit,1,ret_ann,match_null,print,0,inline,loud_check_reject,"[ERROR]: match over a union with literal members is not supported — compare them with `==` in an if-chain, got ""p"" | ""q""?",p|1
c02367,A,inlinelit,1,ret_ann,match_null,print,1,inline,loud_check_reject,"[ERROR]: match over a union with literal members is not supported — compare them with `==` in an if-chain, got ""p"" | ""q""?",NUL|1
c02368,A,inlinelit,1,ret_ann,andguard,print,0,inline,correct,,true|1
c02369,A,inlinelit,1,ret_ann,andguard,print,1,inline,correct,,false|1
c02370,A,inlinelit,1,ret_ann,coalesce,print,0,inline,correct,,p|1
c02371,A,inlinelit,1,ret_ann,coalesce,print,1,inline,correct,,q|1
c02372,A,inlinelit,1,ret_ann,printdirect,print,0,inline,correct,,p|1
c02373,A,inlinelit,1,ret_ann,printdirect,print,1,inline,correct,,null|1
c02374,A,inlinelit,1,ret_ann,eqnullcmp,print,0,inline,correct,,false|1
c02375,A,inlinelit,1,ret_ann,eqnullcmp,print,1,inline,correct,,true|1
c02376,A,inlinelit,1,ret_ann,while_g,print,0,inline,correct,,p|1
c02377,A,inlinelit,1,ret_ann,while_g,print,1,inline,correct,,NUL|1
c02378,A,inlinelit,1,global,nenull,print,0,inline,correct,,p|1
c02379,A,inlinelit,1,global,nenull,print,1,inline,correct,,NUL|1
c02380,A,inlinelit,1,global,eqnull_else,print,0,inline,correct,,p|1
c02381,A,inlinelit,1,global,eqnull_else,print,1,inline,correct,,NUL|1
c02382,A,inlinelit,1,global,is_t,print,0,inline,correct,,p|1
c02383,A,inlinelit,1,global,is_t,print,1,inline,correct,,NUL|1
c02384,A,inlinelit,1,global,match_null,print,0,inline,loud_check_reject,"[ERROR]: match over a union with literal members is not supported — compare them with `==` in an if-chain, got ""p"" | ""q""?",p|1
c02385,A,inlinelit,1,global,match_null,print,1,inline,loud_check_reject,"[ERROR]: match over a union with literal members is not supported — compare them with `==` in an if-chain, got ""p"" | ""q""?",NUL|1
c02386,A,inlinelit,1,global,andguard,print,0,inline,correct,,true|1
c02387,A,inlinelit,1,global,andguard,print,1,inline,correct,,false|1
c02388,A,inlinelit,1,global,coalesce,print,0,inline,correct,,p|1
c02389,A,inlinelit,1,global,coalesce,print,1,inline,correct,,q|1
c02390,A,inlinelit,1,global,printdirect,print,0,inline,correct,,p|1
c02391,A,inlinelit,1,global,printdirect,print,1,inline,correct,,null|1
c02392,A,inlinelit,1,global,eqnullcmp,print,0,inline,correct,,false|1
c02393,A,inlinelit,1,global,eqnullcmp,print,1,inline,correct,,true|1
c02394,A,inlinelit,1,global,while_g,print,0,inline,correct,,p|1
c02395,A,inlinelit,1,global,while_g,print,1,inline,correct,,NUL|1
c02396,A,inlinelit,1,field,nenull,print,0,inline,correct,,p|1
c02397,A,inlinelit,1,field,nenull,print,1,inline,correct,,NUL|1
c02398,A,inlinelit,1,field,eqnull_else,print,0,inline,correct,,p|1
c02399,A,inlinelit,1,field,eqnull_else,print,1,inline,correct,,NUL|1
c02400,A,inlinelit,1,field,is_t,print,0,inline,correct,,p|1
c02401,A,inlinelit,1,field,is_t,print,1,inline,correct,,NUL|1
c02402,A,inlinelit,1,field,match_null,print,0,inline,loud_check_reject,"[ERROR]: match over a union with literal members is not supported — compare them with `==` in an if-chain, got ""p"" | ""q""?",p|1
c02403,A,inlinelit,1,field,match_null,print,1,inline,loud_check_reject,"[ERROR]: match over a union with literal members is not supported — compare them with `==` in an if-chain, got ""p"" | ""q""?",NUL|1
c02404,A,inlinelit,1,field,andguard,print,0,inline,correct,,true|1
c02405,A,inlinelit,1,field,andguard,print,1,inline,correct,,false|1
c02406,A,inlinelit,1,field,coalesce,print,0,inline,correct,,p|1
c02407,A,inlinelit,1,field,coalesce,print,1,inline,correct,,q|1
c02408,A,inlinelit,1,field,printdirect,print,0,inline,correct,,p|1
c02409,A,inlinelit,1,field,printdirect,print,1,inline,correct,,null|1
c02410,A,inlinelit,1,field,eqnullcmp,print,0,inline,correct,,false|1
c02411,A,inlinelit,1,field,eqnullcmp,print,1,inline,correct,,true|1
c02412,A,inlinelit,1,field,while_g,print,0,inline,correct,,p|1
c02413,A,inlinelit,1,field,while_g,print,1,inline,correct,,NUL|1
c02414,A,inlinelit,1,elem,nenull,print,0,inline,correct,,p|1
c02415,A,inlinelit,1,elem,nenull,print,1,inline,correct,,NUL|1
c02416,A,inlinelit,1,elem,eqnull_else,print,0,inline,correct,,p|1
c02417,A,inlinelit,1,elem,eqnull_else,print,1,inline,correct,,NUL|1
c02418,A,inlinelit,1,elem,is_t,print,0,inline,correct,,p|1
c02419,A,inlinelit,1,elem,is_t,print,1,inline,correct,,NUL|1
c02420,A,inlinelit,1,elem,match_null,print,0,inline,loud_check_reject,"[ERROR]: match over a union with literal members is not supported — compare them with `==` in an if-chain, got ""p"" | ""q""?",p|1
c02421,A,inlinelit,1,elem,match_null,print,1,inline,loud_check_reject,"[ERROR]: match over a union with literal members is not supported — compare them with `==` in an if-chain, got ""p"" | ""q""?",NUL|1
c02422,A,inlinelit,1,elem,andguard,print,0,inline,correct,,true|1
c02423,A,inlinelit,1,elem,andguard,print,1,inline,correct,,false|1
c02424,A,inlinelit,1,elem,coalesce,print,0,inline,correct,,p|1
c02425,A,inlinelit,1,elem,coalesce,print,1,inline,correct,,q|1
c02426,A,inlinelit,1,elem,printdirect,print,0,inline,correct,,p|1
c02427,A,inlinelit,1,elem,printdirect,print,1,inline,correct,,null|1
c02428,A,inlinelit,1,elem,eqnullcmp,print,0,inline,correct,,false|1
c02429,A,inlinelit,1,elem,eqnullcmp,print,1,inline,correct,,true|1
c02430,A,inlinelit,1,elem,while_g,print,0,inline,correct,,p|1
c02431,A,inlinelit,1,elem,while_g,print,1,inline,correct,,NUL|1
c02432,A,inlinelit,1,mapval,nenull,print,0,inline,correct,,p|1
c02433,A,inlinelit,1,mapval,nenull,print,1,inline,correct,,NUL|1
c02434,A,inlinelit,1,mapval,eqnull_else,print,0,inline,correct,,p|1
c02435,A,inlinelit,1,mapval,eqnull_else,print,1,inline,correct,,NUL|1
c02436,A,inlinelit,1,mapval,is_t,print,0,inline,correct,,p|1
c02437,A,inlinelit,1,mapval,is_t,print,1,inline,correct,,NUL|1
c02438,A,inlinelit,1,mapval,match_null,print,0,inline,loud_check_reject,"[ERROR]: match over a union with literal members is not supported — compare them with `==` in an if-chain, got ""p"" | ""q""??",p|1
c02439,A,inlinelit,1,mapval,match_null,print,1,inline,loud_check_reject,"[ERROR]: match over a union with literal members is not supported — compare them with `==` in an if-chain, got ""p"" | ""q""??",NUL|1
c02440,A,inlinelit,1,mapval,andguard,print,0,inline,correct,,true|1
c02441,A,inlinelit,1,mapval,andguard,print,1,inline,correct,,false|1
c02442,A,inlinelit,1,mapval,coalesce,print,0,inline,correct,,p|1
c02443,A,inlinelit,1,mapval,coalesce,print,1,inline,correct,,q|1
c02444,A,inlinelit,1,mapval,printdirect,print,0,inline,correct,,p|1
c02445,A,inlinelit,1,mapval,printdirect,print,1,inline,correct,,null|1
c02446,A,inlinelit,1,mapval,eqnullcmp,print,0,inline,correct,,false|1
c02447,A,inlinelit,1,mapval,eqnullcmp,print,1,inline,correct,,true|1
c02448,A,inlinelit,1,mapval,while_g,print,0,inline,correct,,p|1
c02449,A,inlinelit,1,mapval,while_g,print,1,inline,correct,,NUL|1
c02450,A,inlinelit,1,capture,nenull,print,0,inline,correct,,p|1
c02451,A,inlinelit,1,capture,nenull,print,1,inline,correct,,NUL|1
c02452,A,inlinelit,1,capture,eqnull_else,print,0,inline,correct,,p|1
c02453,A,inlinelit,1,capture,eqnull_else,print,1,inline,correct,,NUL|1
c02454,A,inlinelit,1,capture,is_t,print,0,inline,correct,,p|1
c02455,A,inlinelit,1,capture,is_t,print,1,inline,correct,,NUL|1
c02456,A,inlinelit,1,capture,match_null,print,0,inline,loud_check_reject,"[ERROR]: match over a union with literal members is not supported — compare them with `==` in an if-chain, got ""p"" | ""q""?",p|1
c02457,A,inlinelit,1,capture,match_null,print,1,inline,loud_check_reject,"[ERROR]: match over a union with literal members is not supported — compare them with `==` in an if-chain, got ""p"" | ""q""?",NUL|1
c02458,A,inlinelit,1,capture,andguard,print,0,inline,correct,,true|1
c02459,A,inlinelit,1,capture,andguard,print,1,inline,correct,,false|1
c02460,A,inlinelit,1,capture,coalesce,print,0,inline,correct,,p|1
c02461,A,inlinelit,1,capture,coalesce,print,1,inline,correct,,q|1
c02462,A,inlinelit,1,capture,printdirect,print,0,inline,correct,,p|1
c02463,A,inlinelit,1,capture,printdirect,print,1,inline,correct,,null|1
c02464,A,inlinelit,1,capture,eqnullcmp,print,0,inline,correct,,false|1
c02465,A,inlinelit,1,capture,eqnullcmp,print,1,inline,correct,,true|1
c02466,A,inlinelit,1,capture,while_g,print,0,inline,correct,,p|1
c02467,A,inlinelit,1,capture,while_g,print,1,inline,correct,,NUL|1
c02468,A,inlinelit,1,loopvar,nenull,print,0,inline,correct,,p|1
c02469,A,inlinelit,1,loopvar,nenull,print,1,inline,correct,,NUL|1
c02470,A,inlinelit,1,loopvar,eqnull_else,print,0,inline,correct,,p|1
c02471,A,inlinelit,1,loopvar,eqnull_else,print,1,inline,correct,,NUL|1
c02472,A,inlinelit,1,loopvar,is_t,print,0,inline,correct,,p|1
c02473,A,inlinelit,1,loopvar,is_t,print,1,inline,correct,,NUL|1
c02474,A,inlinelit,1,loopvar,match_null,print,0,inline,loud_check_reject,"[ERROR]: match over a union with literal members is not supported — compare them with `==` in an if-chain, got ""p"" | ""q""?",p|1
c02475,A,inlinelit,1,loopvar,match_null,print,1,inline,loud_check_reject,"[ERROR]: match over a union with literal members is not supported — compare them with `==` in an if-chain, got ""p"" | ""q""?",NUL|1
c02476,A,inlinelit,1,loopvar,andguard,print,0,inline,correct,,true|1
c02477,A,inlinelit,1,loopvar,andguard,print,1,inline,correct,,false|1
c02478,A,inlinelit,1,loopvar,coalesce,print,0,inline,correct,,p|1
c02479,A,inlinelit,1,loopvar,coalesce,print,1,inline,correct,,q|1
c02480,A,inlinelit,1,loopvar,printdirect,print,0,inline,correct,,p|1
c02481,A,inlinelit,1,loopvar,printdirect,print,1,inline,correct,,null|1
c02482,A,inlinelit,1,loopvar,eqnullcmp,print,0,inline,correct,,false|1
c02483,A,inlinelit,1,loopvar,eqnullcmp,print,1,inline,correct,,true|1
c02484,A,inlinelit,1,loopvar,while_g,print,0,inline,correct,,p|1
c02485,A,inlinelit,1,loopvar,while_g,print,1,inline,correct,,NUL|1
c02486,A,numlit,0,const_local,direct,print,0,inline,correct,,1|1
c02487,A,numlit,0,const_local,direct,print,1,inline,correct,,2|1
c02488,A,numlit,0,const_local,is_t,print,0,inline,correct,,1|1
c02489,A,numlit,0,const_local,is_t,print,1,inline,correct,,2|1
c02490,A,numlit,0,const_local,eqcmp,print,0,inline,correct,,true|1
c02491,A,numlit,0,const_local,eqcmp,print,1,inline,correct,,false|1
c02492,A,numlit,0,const_local,coalesce,print,0,inline,loud_emit_reject,emitProgram: `??` is only supported on a map index get,1|1
c02493,A,numlit,0,const_local,coalesce,print,1,inline,loud_emit_reject,emitProgram: `??` is only supported on a map index get,2|1
c02494,A,numlit,0,const_local,printdirect,print,0,inline,correct,,1|1
c02495,A,numlit,0,const_local,printdirect,print,1,inline,correct,,2|1
c02496,A,numlit,0,let_local,direct,print,0,inline,correct,,1|1
c02497,A,numlit,0,let_local,direct,print,1,inline,correct,,2|1
c02498,A,numlit,0,let_local,is_t,print,0,inline,correct,,1|1
c02499,A,numlit,0,let_local,is_t,print,1,inline,correct,,2|1
c02500,A,numlit,0,let_local,eqcmp,print,0,inline,correct,,true|1
c02501,A,numlit,0,let_local,eqcmp,print,1,inline,correct,,false|1
c02502,A,numlit,0,let_local,coalesce,print,0,inline,loud_emit_reject,emitProgram: `??` is only supported on a map index get,1|1
c02503,A,numlit,0,let_local,coalesce,print,1,inline,loud_emit_reject,emitProgram: `??` is only supported on a map index get,2|1
c02504,A,numlit,0,let_local,printdirect,print,0,inline,correct,,1|1
c02505,A,numlit,0,let_local,printdirect,print,1,inline,correct,,2|1
c02506,A,numlit,0,param,direct,print,0,inline,correct,,1|1
c02507,A,numlit,0,param,direct,print,1,inline,correct,,2|1
c02508,A,numlit,0,param,is_t,print,0,inline,correct,,1|1
c02509,A,numlit,0,param,is_t,print,1,inline,correct,,2|1
c02510,A,numlit,0,param,eqcmp,print,0,inline,correct,,true|1
c02511,A,numlit,0,param,eqcmp,print,1,inline,correct,,false|1
c02512,A,numlit,0,param,coalesce,print,0,inline,loud_emit_reject,emitProgram: `??` is only supported on a map index get,1|1
c02513,A,numlit,0,param,coalesce,print,1,inline,loud_emit_reject,emitProgram: `??` is only supported on a map index get,2|1
c02514,A,numlit,0,param,printdirect,print,0,inline,correct,,1|1
c02515,A,numlit,0,param,printdirect,print,1,inline,correct,,2|1
c02516,A,numlit,0,ret_unann,direct,print,0,inline,correct,,1|1
c02517,A,numlit,0,ret_unann,direct,print,1,inline,correct,,2|1
c02518,A,numlit,0,ret_unann,is_t,print,0,inline,correct,,1|1
c02519,A,numlit,0,ret_unann,is_t,print,1,inline,correct,,2|1
c02520,A,numlit,0,ret_unann,eqcmp,print,0,inline,correct,,true|1
c02521,A,numlit,0,ret_unann,eqcmp,print,1,inline,correct,,false|1
c02522,A,numlit,0,ret_unann,coalesce,print,0,inline,loud_emit_reject,emitProgram: `??` is only supported on a map index get,1|1
c02523,A,numlit,0,ret_unann,coalesce,print,1,inline,loud_emit_reject,emitProgram: `??` is only supported on a map index get,2|1
c02524,A,numlit,0,ret_unann,printdirect,print,0,inline,correct,,1|1
c02525,A,numlit,0,ret_unann,printdirect,print,1,inline,correct,,2|1
c02526,A,numlit,0,ret_ann,direct,print,0,inline,correct,,1|1
c02527,A,numlit,0,ret_ann,direct,print,1,inline,correct,,2|1
c02528,A,numlit,0,ret_ann,is_t,print,0,inline,correct,,1|1
c02529,A,numlit,0,ret_ann,is_t,print,1,inline,correct,,2|1
c02530,A,numlit,0,ret_ann,eqcmp,print,0,inline,correct,,true|1
c02531,A,numlit,0,ret_ann,eqcmp,print,1,inline,correct,,false|1
c02532,A,numlit,0,ret_ann,coalesce,print,0,inline,loud_emit_reject,emitProgram: `??` is only supported on a map index get,1|1
c02533,A,numlit,0,ret_ann,coalesce,print,1,inline,loud_emit_reject,emitProgram: `??` is only supported on a map index get,2|1
c02534,A,numlit,0,ret_ann,printdirect,print,0,inline,correct,,1|1
c02535,A,numlit,0,ret_ann,printdirect,print,1,inline,correct,,2|1
c02536,A,numlit,0,global,direct,print,0,inline,correct,,1|1
c02537,A,numlit,0,global,direct,print,1,inline,correct,,2|1
c02538,A,numlit,0,global,is_t,print,0,inline,correct,,1|1
c02539,A,numlit,0,global,is_t,print,1,inline,correct,,2|1
c02540,A,numlit,0,global,eqcmp,print,0,inline,correct,,true|1
c02541,A,numlit,0,global,eqcmp,print,1,inline,correct,,false|1
c02542,A,numlit,0,global,coalesce,print,0,inline,loud_emit_reject,emitProgram: `??` is only supported on a map index get,1|1
c02543,A,numlit,0,global,coalesce,print,1,inline,loud_emit_reject,emitProgram: `??` is only supported on a map index get,2|1
c02544,A,numlit,0,global,printdirect,print,0,inline,correct,,1|1
c02545,A,numlit,0,global,printdirect,print,1,inline,correct,,2|1
c02546,A,numlit,0,field,direct,print,0,inline,correct,,1|1
c02547,A,numlit,0,field,direct,print,1,inline,correct,,2|1
c02548,A,numlit,0,field,is_t,print,0,inline,correct,,1|1
c02549,A,numlit,0,field,is_t,print,1,inline,correct,,2|1
c02550,A,numlit,0,field,eqcmp,print,0,inline,correct,,true|1
c02551,A,numlit,0,field,eqcmp,print,1,inline,correct,,false|1
c02552,A,numlit,0,field,coalesce,print,0,inline,loud_emit_reject,emitProgram: `??` is only supported on a map index get,1|1
c02553,A,numlit,0,field,coalesce,print,1,inline,loud_emit_reject,emitProgram: `??` is only supported on a map index get,2|1
c02554,A,numlit,0,field,printdirect,print,0,inline,correct,,1|1
c02555,A,numlit,0,field,printdirect,print,1,inline,correct,,2|1
c02556,A,numlit,0,elem,direct,print,0,inline,correct,,1|1
c02557,A,numlit,0,elem,direct,print,1,inline,correct,,2|1
c02558,A,numlit,0,elem,is_t,print,0,inline,correct,,1|1
c02559,A,numlit,0,elem,is_t,print,1,inline,correct,,2|1
c02560,A,numlit,0,elem,eqcmp,print,0,inline,correct,,true|1
c02561,A,numlit,0,elem,eqcmp,print,1,inline,correct,,false|1
c02562,A,numlit,0,elem,coalesce,print,0,inline,loud_emit_reject,emitProgram: `??` is only supported on a map index get,1|1
c02563,A,numlit,0,elem,coalesce,print,1,inline,loud_emit_reject,emitProgram: `??` is only supported on a map index get,2|1
c02564,A,numlit,0,elem,printdirect,print,0,inline,correct,,1|1
c02565,A,numlit,0,elem,printdirect,print,1,inline,correct,,2|1
c02566,A,numlit,0,mapval,direct,print,0,inline,loud_check_reject,"[ERROR]: print of a union value (1 | 2?) is type-valid but not yet supported by codegen — narrow it first, e.g. `if v is i32 { print(v) }`",1|1
c02567,A,numlit,0,mapval,direct,print,1,inline,loud_check_reject,"[ERROR]: print of a union value (1 | 2?) is type-valid but not yet supported by codegen — narrow it first, e.g. `if v is i32 { print(v) }`",2|1
c02568,A,numlit,0,mapval,is_t,print,0,inline,loud_emit_reject,emitProgram: `is` names a type that is not a union variant,1|1
c02569,A,numlit,0,mapval,is_t,print,1,inline,loud_emit_reject,emitProgram: `is` names a type that is not a union variant,2|1
c02570,A,numlit,0,mapval,eqcmp,print,0,inline,correct,,true|1
c02571,A,numlit,0,mapval,eqcmp,print,1,inline,correct,,false|1
c02572,A,numlit,0,mapval,coalesce,print,0,inline,loud_emit_reject,emitProgram: `??` is only supported on a map index get,1|1
c02573,A,numlit,0,mapval,coalesce,print,1,inline,loud_emit_reject,emitProgram: `??` is only supported on a map index get,2|1
c02574,A,numlit,0,mapval,printdirect,print,0,inline,loud_check_reject,"[ERROR]: print of a union value (1 | 2?) is type-valid but not yet supported by codegen — narrow it first, e.g. `if v is i32 { print(v) }`",1|1
c02575,A,numlit,0,mapval,printdirect,print,1,inline,loud_check_reject,"[ERROR]: print of a union value (1 | 2?) is type-valid but not yet supported by codegen — narrow it first, e.g. `if v is i32 { print(v) }`",2|1
c02576,A,numlit,0,capture,direct,print,0,inline,correct,,1|1
c02577,A,numlit,0,capture,direct,print,1,inline,correct,,2|1
c02578,A,numlit,0,capture,is_t,print,0,inline,correct,,1|1
c02579,A,numlit,0,capture,is_t,print,1,inline,correct,,2|1
c02580,A,numlit,0,capture,eqcmp,print,0,inline,correct,,true|1
c02581,A,numlit,0,capture,eqcmp,print,1,inline,correct,,false|1
c02582,A,numlit,0,capture,coalesce,print,0,inline,loud_emit_reject,emitProgram: `??` is only supported on a map index get,1|1
c02583,A,numlit,0,capture,coalesce,print,1,inline,loud_emit_reject,emitProgram: `??` is only supported on a map index get,2|1
c02584,A,numlit,0,capture,printdirect,print,0,inline,correct,,1|1
c02585,A,numlit,0,capture,printdirect,print,1,inline,correct,,2|1
c02586,A,numlit,0,loopvar,direct,print,0,inline,correct,,1|1
c02587,A,numlit,0,loopvar,direct,print,1,inline,correct,,2|1
c02588,A,numlit,0,loopvar,is_t,print,0,inline,correct,,1|1
c02589,A,numlit,0,loopvar,is_t,print,1,inline,correct,,2|1
c02590,A,numlit,0,loopvar,eqcmp,print,0,inline,correct,,true|1
c02591,A,numlit,0,loopvar,eqcmp,print,1,inline,correct,,false|1
c02592,A,numlit,0,loopvar,coalesce,print,0,inline,loud_emit_reject,emitProgram: `??` is only supported on a map index get,1|1
c02593,A,numlit,0,loopvar,coalesce,print,1,inline,loud_emit_reject,emitProgram: `??` is only supported on a map index get,2|1
c02594,A,numlit,0,loopvar,printdirect,print,0,inline,correct,,1|1
c02595,A,numlit,0,loopvar,printdirect,print,1,inline,correct,,2|1
c02596,A,numlit,1,const_local,nenull,print,0,inline,correct,,1|1
c02597,A,numlit,1,const_local,nenull,print,1,inline,correct,,NUL|1
c02598,A,numlit,1,const_local,eqnull_else,print,0,inline,correct,,1|1
c02599,A,numlit,1,const_local,eqnull_else,print,1,inline,correct,,NUL|1
c02600,A,numlit,1,const_local,is_t,print,0,inline,correct,,1|1
c02601,A,numlit,1,const_local,is_t,print,1,inline,correct,,NUL|1
c02602,A,numlit,1,const_local,match_null,print,0,inline,loud_check_reject,"[ERROR]: match over a union with literal members is not supported — compare them with `==` in an if-chain, got 1 | 2?",1|1
c02603,A,numlit,1,const_local,match_null,print,1,inline,loud_check_reject,"[ERROR]: match over a union with literal members is not supported — compare them with `==` in an if-chain, got 1 | 2?",NUL|1
c02604,A,numlit,1,const_local,andguard,print,0,inline,correct,,true|1
c02605,A,numlit,1,const_local,andguard,print,1,inline,correct,,false|1
c02606,A,numlit,1,const_local,coalesce,print,0,inline,correct,,1|1
c02607,A,numlit,1,const_local,coalesce,print,1,inline,correct,,2|1
c02608,A,numlit,1,const_local,printdirect,print,0,inline,loud_check_reject,"[ERROR]: print of a union value (1 | 2?) is type-valid but not yet supported by codegen — narrow it first, e.g. `if v is i32 { print(v) }`",1|1
c02609,A,numlit,1,const_local,printdirect,print,1,inline,loud_check_reject,"[ERROR]: print of a union value (1 | 2?) is type-valid but not yet supported by codegen — narrow it first, e.g. `if v is i32 { print(v) }`",null|1
c02610,A,numlit,1,const_local,eqnullcmp,print,0,inline,correct,,false|1
c02611,A,numlit,1,const_local,eqnullcmp,print,1,inline,correct,,true|1
c02612,A,numlit,1,const_local,while_g,print,0,inline,correct,,1|1
c02613,A,numlit,1,const_local,while_g,print,1,inline,correct,,NUL|1
c02614,A,numlit,1,let_local,nenull,print,0,inline,correct,,1|1
c02615,A,numlit,1,let_local,nenull,print,1,inline,correct,,NUL|1
c02616,A,numlit,1,let_local,eqnull_else,print,0,inline,correct,,1|1
c02617,A,numlit,1,let_local,eqnull_else,print,1,inline,correct,,NUL|1
c02618,A,numlit,1,let_local,is_t,print,0,inline,correct,,1|1
c02619,A,numlit,1,let_local,is_t,print,1,inline,correct,,NUL|1
c02620,A,numlit,1,let_local,match_null,print,0,inline,loud_check_reject,"[ERROR]: match over a union with literal members is not supported — compare them with `==` in an if-chain, got 1 | 2?",1|1
c02621,A,numlit,1,let_local,match_null,print,1,inline,loud_check_reject,"[ERROR]: match over a union with literal members is not supported — compare them with `==` in an if-chain, got 1 | 2?",NUL|1
c02622,A,numlit,1,let_local,andguard,print,0,inline,correct,,true|1
c02623,A,numlit,1,let_local,andguard,print,1,inline,correct,,false|1
c02624,A,numlit,1,let_local,coalesce,print,0,inline,correct,,1|1
c02625,A,numlit,1,let_local,coalesce,print,1,inline,correct,,2|1
c02626,A,numlit,1,let_local,printdirect,print,0,inline,loud_check_reject,"[ERROR]: print of a union value (1 | 2?) is type-valid but not yet supported by codegen — narrow it first, e.g. `if v is i32 { print(v) }`",1|1
c02627,A,numlit,1,let_local,printdirect,print,1,inline,loud_check_reject,"[ERROR]: print of a union value (1 | 2?) is type-valid but not yet supported by codegen — narrow it first, e.g. `if v is i32 { print(v) }`",null|1
c02628,A,numlit,1,let_local,eqnullcmp,print,0,inline,correct,,false|1
c02629,A,numlit,1,let_local,eqnullcmp,print,1,inline,correct,,true|1
c02630,A,numlit,1,let_local,while_g,print,0,inline,correct,,1|1
c02631,A,numlit,1,let_local,while_g,print,1,inline,correct,,NUL|1
c02632,A,numlit,1,param,nenull,print,0,inline,correct,,1|1
c02633,A,numlit,1,param,nenull,print,1,inline,correct,,NUL|1
c02634,A,numlit,1,param,eqnull_else,print,0,inline,correct,,1|1
c02635,A,numlit,1,param,eqnull_else,print,1,inline,correct,,NUL|1
c02636,A,numlit,1,param,is_t,print,0,inline,correct,,1|1
c02637,A,numlit,1,param,is_t,print,1,inline,correct,,NUL|1
c02638,A,numlit,1,param,match_null,print,0,inline,loud_check_reject,"[ERROR]: match over a union with literal members is not supported — compare them with `==` in an if-chain, got 1 | 2?",1|1
c02639,A,numlit,1,param,match_null,print,1,inline,loud_check_reject,"[ERROR]: match over a union with literal members is not supported — compare them with `==` in an if-chain, got 1 | 2?",NUL|1
c02640,A,numlit,1,param,andguard,print,0,inline,correct,,true|1
c02641,A,numlit,1,param,andguard,print,1,inline,correct,,false|1
c02642,A,numlit,1,param,coalesce,print,0,inline,correct,,1|1
c02643,A,numlit,1,param,coalesce,print,1,inline,correct,,2|1
c02644,A,numlit,1,param,printdirect,print,0,inline,loud_check_reject,"[ERROR]: print of a union value (1 | 2?) is type-valid but not yet supported by codegen — narrow it first, e.g. `if v is i32 { print(v) }`",1|1
c02645,A,numlit,1,param,printdirect,print,1,inline,loud_check_reject,"[ERROR]: print of a union value (1 | 2?) is type-valid but not yet supported by codegen — narrow it first, e.g. `if v is i32 { print(v) }`",null|1
c02646,A,numlit,1,param,eqnullcmp,print,0,inline,correct,,false|1
c02647,A,numlit,1,param,eqnullcmp,print,1,inline,correct,,true|1
c02648,A,numlit,1,param,while_g,print,0,inline,correct,,1|1
c02649,A,numlit,1,param,while_g,print,1,inline,correct,,NUL|1
c02650,A,numlit,1,ret_unann,nenull,print,0,inline,correct,,1|1
c02651,A,numlit,1,ret_unann,nenull,print,1,inline,correct,,NUL|1
c02652,A,numlit,1,ret_unann,eqnull_else,print,0,inline,correct,,1|1
c02653,A,numlit,1,ret_unann,eqnull_else,print,1,inline,correct,,NUL|1
c02654,A,numlit,1,ret_unann,is_t,print,0,inline,correct,,1|1
c02655,A,numlit,1,ret_unann,is_t,print,1,inline,correct,,NUL|1
c02656,A,numlit,1,ret_unann,match_null,print,0,inline,loud_check_reject,"[ERROR]: match over a union with literal members is not supported — compare them with `==` in an if-chain, got 1 | 2?",1|1
c02657,A,numlit,1,ret_unann,match_null,print,1,inline,loud_check_reject,"[ERROR]: match over a union with literal members is not supported — compare them with `==` in an if-chain, got 1 | 2?",NUL|1
c02658,A,numlit,1,ret_unann,andguard,print,0,inline,correct,,true|1
c02659,A,numlit,1,ret_unann,andguard,print,1,inline,correct,,false|1
c02660,A,numlit,1,ret_unann,coalesce,print,0,inline,correct,,1|1
c02661,A,numlit,1,ret_unann,coalesce,print,1,inline,correct,,2|1
c02662,A,numlit,1,ret_unann,printdirect,print,0,inline,loud_check_reject,"[ERROR]: print of a union value (1 | 2?) is type-valid but not yet supported by codegen — narrow it first, e.g. `if v is i32 { print(v) }`",1|1
c02663,A,numlit,1,ret_unann,printdirect,print,1,inline,loud_check_reject,"[ERROR]: print of a union value (1 | 2?) is type-valid but not yet supported by codegen — narrow it first, e.g. `if v is i32 { print(v) }`",null|1
c02664,A,numlit,1,ret_unann,eqnullcmp,print,0,inline,correct,,false|1
c02665,A,numlit,1,ret_unann,eqnullcmp,print,1,inline,correct,,true|1
c02666,A,numlit,1,ret_unann,while_g,print,0,inline,correct,,1|1
c02667,A,numlit,1,ret_unann,while_g,print,1,inline,correct,,NUL|1
c02668,A,numlit,1,ret_ann,nenull,print,0,inline,correct,,1|1
c02669,A,numlit,1,ret_ann,nenull,print,1,inline,correct,,NUL|1
c02670,A,numlit,1,ret_ann,eqnull_else,print,0,inline,correct,,1|1
c02671,A,numlit,1,ret_ann,eqnull_else,print,1,inline,correct,,NUL|1
c02672,A,numlit,1,ret_ann,is_t,print,0,inline,correct,,1|1
c02673,A,numlit,1,ret_ann,is_t,print,1,inline,correct,,NUL|1
c02674,A,numlit,1,ret_ann,match_null,print,0,inline,loud_check_reject,"[ERROR]: match over a union with literal members is not supported — compare them with `==` in an if-chain, got 1 | 2?",1|1
c02675,A,numlit,1,ret_ann,match_null,print,1,inline,loud_check_reject,"[ERROR]: match over a union with literal members is not supported — compare them with `==` in an if-chain, got 1 | 2?",NUL|1
c02676,A,numlit,1,ret_ann,andguard,print,0,inline,correct,,true|1
c02677,A,numlit,1,ret_ann,andguard,print,1,inline,correct,,false|1
c02678,A,numlit,1,ret_ann,coalesce,print,0,inline,correct,,1|1
c02679,A,numlit,1,ret_ann,coalesce,print,1,inline,correct,,2|1
c02680,A,numlit,1,ret_ann,printdirect,print,0,inline,loud_check_reject,"[ERROR]: print of a union value (1 | 2?) is type-valid but not yet supported by codegen — narrow it first, e.g. `if v is i32 { print(v) }`",1|1
c02681,A,numlit,1,ret_ann,printdirect,print,1,inline,loud_check_reject,"[ERROR]: print of a union value (1 | 2?) is type-valid but not yet supported by codegen — narrow it first, e.g. `if v is i32 { print(v) }`",null|1
c02682,A,numlit,1,ret_ann,eqnullcmp,print,0,inline,correct,,false|1
c02683,A,numlit,1,ret_ann,eqnullcmp,print,1,inline,correct,,true|1
c02684,A,numlit,1,ret_ann,while_g,print,0,inline,correct,,1|1
c02685,A,numlit,1,ret_ann,while_g,print,1,inline,correct,,NUL|1
c02686,A,numlit,1,global,nenull,print,0,inline,correct,,1|1
c02687,A,numlit,1,global,nenull,print,1,inline,correct,,NUL|1
c02688,A,numlit,1,global,eqnull_else,print,0,inline,correct,,1|1
c02689,A,numlit,1,global,eqnull_else,print,1,inline,correct,,NUL|1
c02690,A,numlit,1,global,is_t,print,0,inline,correct,,1|1
c02691,A,numlit,1,global,is_t,print,1,inline,correct,,NUL|1
c02692,A,numlit,1,global,match_null,print,0,inline,loud_check_reject,"[ERROR]: match over a union with literal members is not supported — compare them with `==` in an if-chain, got 1 | 2?",1|1
c02693,A,numlit,1,global,match_null,print,1,inline,loud_check_reject,"[ERROR]: match over a union with literal members is not supported — compare them with `==` in an if-chain, got 1 | 2?",NUL|1
c02694,A,numlit,1,global,andguard,print,0,inline,correct,,true|1
c02695,A,numlit,1,global,andguard,print,1,inline,correct,,false|1
c02696,A,numlit,1,global,coalesce,print,0,inline,correct,,1|1
c02697,A,numlit,1,global,coalesce,print,1,inline,correct,,2|1
c02698,A,numlit,1,global,printdirect,print,0,inline,loud_check_reject,"[ERROR]: print of a union value (1 | 2?) is type-valid but not yet supported by codegen — narrow it first, e.g. `if v is i32 { print(v) }`",1|1
c02699,A,numlit,1,global,printdirect,print,1,inline,loud_check_reject,"[ERROR]: print of a union value (1 | 2?) is type-valid but not yet supported by codegen — narrow it first, e.g. `if v is i32 { print(v) }`",null|1
c02700,A,numlit,1,global,eqnullcmp,print,0,inline,correct,,false|1
c02701,A,numlit,1,global,eqnullcmp,print,1,inline,correct,,true|1
c02702,A,numlit,1,global,while_g,print,0,inline,correct,,1|1
c02703,A,numlit,1,global,while_g,print,1,inline,correct,,NUL|1
c02704,A,numlit,1,field,nenull,print,0,inline,correct,,1|1
c02705,A,numlit,1,field,nenull,print,1,inline,correct,,NUL|1
c02706,A,numlit,1,field,eqnull_else,print,0,inline,correct,,1|1
c02707,A,numlit,1,field,eqnull_else,print,1,inline,correct,,NUL|1
c02708,A,numlit,1,field,is_t,print,0,inline,correct,,1|1
c02709,A,numlit,1,field,is_t,print,1,inline,correct,,NUL|1
c02710,A,numlit,1,field,match_null,print,0,inline,loud_check_reject,"[ERROR]: match over a union with literal members is not supported — compare them with `==` in an if-chain, got 1 | 2?",1|1
c02711,A,numlit,1,field,match_null,print,1,inline,loud_check_reject,"[ERROR]: match over a union with literal members is not supported — compare them with `==` in an if-chain, got 1 | 2?",NUL|1
c02712,A,numlit,1,field,andguard,print,0,inline,correct,,true|1
c02713,A,numlit,1,field,andguard,print,1,inline,correct,,false|1
c02714,A,numlit,1,field,coalesce,print,0,inline,correct,,1|1
c02715,A,numlit,1,field,coalesce,print,1,inline,correct,,2|1
c02716,A,numlit,1,field,printdirect,print,0,inline,loud_check_reject,"[ERROR]: print of a union value (1 | 2?) is type-valid but not yet supported by codegen — narrow it first, e.g. `if v is i32 { print(v) }`",1|1
c02717,A,numlit,1,field,printdirect,print,1,inline,loud_check_reject,"[ERROR]: print of a union value (1 | 2?) is type-valid but not yet supported by codegen — narrow it first, e.g. `if v is i32 { print(v) }`",null|1
c02718,A,numlit,1,field,eqnullcmp,print,0,inline,correct,,false|1
c02719,A,numlit,1,field,eqnullcmp,print,1,inline,correct,,true|1
c02720,A,numlit,1,field,while_g,print,0,inline,correct,,1|1
c02721,A,numlit,1,field,while_g,print,1,inline,correct,,NUL|1
c02722,A,numlit,1,elem,nenull,print,0,inline,correct,,1|1
c02723,A,numlit,1,elem,nenull,print,1,inline,correct,,NUL|1
c02724,A,numlit,1,elem,eqnull_else,print,0,inline,correct,,1|1
c02725,A,numlit,1,elem,eqnull_else,print,1,inline,correct,,NUL|1
c02726,A,numlit,1,elem,is_t,print,0,inline,correct,,1|1
c02727,A,numlit,1,elem,is_t,print,1,inline,correct,,NUL|1
c02728,A,numlit,1,elem,match_null,print,0,inline,loud_check_reject,"[ERROR]: match over a union with literal members is not supported — compare them with `==` in an if-chain, got 1 | 2?",1|1
c02729,A,numlit,1,elem,match_null,print,1,inline,loud_check_reject,"[ERROR]: match over a union with literal members is not supported — compare them with `==` in an if-chain, got 1 | 2?",NUL|1
c02730,A,numlit,1,elem,andguard,print,0,inline,correct,,true|1
c02731,A,numlit,1,elem,andguard,print,1,inline,correct,,false|1
c02732,A,numlit,1,elem,coalesce,print,0,inline,correct,,1|1
c02733,A,numlit,1,elem,coalesce,print,1,inline,correct,,2|1
c02734,A,numlit,1,elem,printdirect,print,0,inline,loud_check_reject,"[ERROR]: print of a union value (1 | 2?) is type-valid but not yet supported by codegen — narrow it first, e.g. `if v is i32 { print(v) }`",1|1
c02735,A,numlit,1,elem,printdirect,print,1,inline,loud_check_reject,"[ERROR]: print of a union value (1 | 2?) is type-valid but not yet supported by codegen — narrow it first, e.g. `if v is i32 { print(v) }`",null|1
c02736,A,numlit,1,elem,eqnullcmp,print,0,inline,correct,,false|1
c02737,A,numlit,1,elem,eqnullcmp,print,1,inline,correct,,true|1
c02738,A,numlit,1,elem,while_g,print,0,inline,correct,,1|1
c02739,A,numlit,1,elem,while_g,print,1,inline,correct,,NUL|1
c02740,A,numlit,1,mapval,nenull,print,0,inline,correct,,1|1
c02741,A,numlit,1,mapval,nenull,print,1,inline,correct,,NUL|1
c02742,A,numlit,1,mapval,eqnull_else,print,0,inline,correct,,1|1
c02743,A,numlit,1,mapval,eqnull_else,print,1,inline,correct,,NUL|1
c02744,A,numlit,1,mapval,is_t,print,0,inline,correct,,1|1
c02745,A,numlit,1,mapval,is_t,print,1,inline,correct,,NUL|1
c02746,A,numlit,1,mapval,match_null,print,0,inline,loud_check_reject,"[ERROR]: match over a union with literal members is not supported — compare them with `==` in an if-chain, got 1 | 2??",1|1
c02747,A,numlit,1,mapval,match_null,print,1,inline,loud_check_reject,"[ERROR]: match over a union with literal members is not supported — compare them with `==` in an if-chain, got 1 | 2??",NUL|1
c02748,A,numlit,1,mapval,andguard,print,0,inline,correct,,true|1
c02749,A,numlit,1,mapval,andguard,print,1,inline,correct,,false|1
c02750,A,numlit,1,mapval,coalesce,print,0,inline,correct,,1|1
c02751,A,numlit,1,mapval,coalesce,print,1,inline,correct,,2|1
c02752,A,numlit,1,mapval,printdirect,print,0,inline,loud_check_reject,"[ERROR]: print of a union value (1 | 2??) is type-valid but not yet supported by codegen — narrow it first, e.g. `if v is i32 { print(v) }`",1|1
c02753,A,numlit,1,mapval,printdirect,print,1,inline,loud_check_reject,"[ERROR]: print of a union value (1 | 2??) is type-valid but not yet supported by codegen — narrow it first, e.g. `if v is i32 { print(v) }`",null|1
c02754,A,numlit,1,mapval,eqnullcmp,print,0,inline,correct,,false|1
c02755,A,numlit,1,mapval,eqnullcmp,print,1,inline,correct,,true|1
c02756,A,numlit,1,mapval,while_g,print,0,inline,correct,,1|1
c02757,A,numlit,1,mapval,while_g,print,1,inline,correct,,NUL|1
c02758,A,numlit,1,capture,nenull,print,0,inline,invalid_wasm,"1: Invalid input WebAssembly code at offset 370: type mismatch: expected i32, found (ref $type)",1|1
c02759,A,numlit,1,capture,nenull,print,1,inline,invalid_wasm,"1: Invalid input WebAssembly code at offset 367: type mismatch: expected i32, found (ref $type)",NUL|1
c02760,A,numlit,1,capture,eqnull_else,print,0,inline,invalid_wasm,"1: Invalid input WebAssembly code at offset 418: type mismatch: expected i32, found (ref $type)",1|1
c02761,A,numlit,1,capture,eqnull_else,print,1,inline,invalid_wasm,"1: Invalid input WebAssembly code at offset 415: type mismatch: expected i32, found (ref $type)",NUL|1
c02762,A,numlit,1,capture,is_t,print,0,inline,invalid_wasm,"1: Invalid input WebAssembly code at offset 446: type mismatch: expected i32, found (ref $type)",1|1
c02763,A,numlit,1,capture,is_t,print,1,inline,invalid_wasm,"1: Invalid input WebAssembly code at offset 443: type mismatch: expected i32, found (ref $type)",NUL|1
c02764,A,numlit,1,capture,match_null,print,0,inline,loud_check_reject,"[ERROR]: match over a union with literal members is not supported — compare them with `==` in an if-chain, got 1 | 2?",1|1
c02765,A,numlit,1,capture,match_null,print,1,inline,loud_check_reject,"[ERROR]: match over a union with literal members is not supported — compare them with `==` in an if-chain, got 1 | 2?",NUL|1
c02766,A,numlit,1,capture,andguard,print,0,inline,invalid_wasm,"1: Invalid input WebAssembly code at offset 308: type mismatch: expected i32, found (ref $type)",true|1
c02767,A,numlit,1,capture,andguard,print,1,inline,invalid_wasm,"1: Invalid input WebAssembly code at offset 305: type mismatch: expected i32, found (ref $type)",false|1
c02768,A,numlit,1,capture,coalesce,print,0,inline,loud_emit_reject,emitProgram: narrowed union binding is not a local or global,1|1
c02769,A,numlit,1,capture,coalesce,print,1,inline,loud_emit_reject,emitProgram: narrowed union binding is not a local or global,2|1
c02770,A,numlit,1,capture,printdirect,print,0,inline,loud_check_reject,"[ERROR]: print of a union value (1 | 2?) is type-valid but not yet supported by codegen — narrow it first, e.g. `if v is i32 { print(v) }`",1|1
c02771,A,numlit,1,capture,printdirect,print,1,inline,loud_check_reject,"[ERROR]: print of a union value (1 | 2?) is type-valid but not yet supported by codegen — narrow it first, e.g. `if v is i32 { print(v) }`",null|1
c02772,A,numlit,1,capture,eqnullcmp,print,0,inline,correct,,false|1
c02773,A,numlit,1,capture,eqnullcmp,print,1,inline,correct,,true|1
c02774,A,numlit,1,capture,while_g,print,0,inline,invalid_wasm,"1: Invalid input WebAssembly code at offset 393: type mismatch: expected i32, found (ref $type)",1|1
c02775,A,numlit,1,capture,while_g,print,1,inline,invalid_wasm,"1: Invalid input WebAssembly code at offset 390: type mismatch: expected i32, found (ref $type)",NUL|1
c02776,A,numlit,1,loopvar,nenull,print,0,inline,correct,,1|1
c02777,A,numlit,1,loopvar,nenull,print,1,inline,correct,,NUL|1
c02778,A,numlit,1,loopvar,eqnull_else,print,0,inline,correct,,1|1
c02779,A,numlit,1,loopvar,eqnull_else,print,1,inline,correct,,NUL|1
c02780,A,numlit,1,loopvar,is_t,print,0,inline,correct,,1|1
c02781,A,numlit,1,loopvar,is_t,print,1,inline,correct,,NUL|1
c02782,A,numlit,1,loopvar,match_null,print,0,inline,loud_check_reject,"[ERROR]: match over a union with literal members is not supported — compare them with `==` in an if-chain, got 1 | 2?",1|1
c02783,A,numlit,1,loopvar,match_null,print,1,inline,loud_check_reject,"[ERROR]: match over a union with literal members is not supported — compare them with `==` in an if-chain, got 1 | 2?",NUL|1
c02784,A,numlit,1,loopvar,andguard,print,0,inline,correct,,true|1
c02785,A,numlit,1,loopvar,andguard,print,1,inline,correct,,false|1
c02786,A,numlit,1,loopvar,coalesce,print,0,inline,correct,,1|1
c02787,A,numlit,1,loopvar,coalesce,print,1,inline,correct,,2|1
c02788,A,numlit,1,loopvar,printdirect,print,0,inline,loud_check_reject,"[ERROR]: print of a union value (1 | 2?) is type-valid but not yet supported by codegen — narrow it first, e.g. `if v is i32 { print(v) }`",1|1
c02789,A,numlit,1,loopvar,printdirect,print,1,inline,loud_check_reject,"[ERROR]: print of a union value (1 | 2?) is type-valid but not yet supported by codegen — narrow it first, e.g. `if v is i32 { print(v) }`",null|1
c02790,A,numlit,1,loopvar,eqnullcmp,print,0,inline,correct,,false|1
c02791,A,numlit,1,loopvar,eqnullcmp,print,1,inline,correct,,true|1
c02792,A,numlit,1,loopvar,while_g,print,0,inline,correct,,1|1
c02793,A,numlit,1,loopvar,while_g,print,1,inline,correct,,NUL|1
c02794,A,vubox,0,const_local,direct,isarm,0,inline,correct,,aa|1
c02795,A,vubox,0,const_local,direct,isarm,1,inline,correct,,7|1
c02796,A,vubox,0,const_local,is_t,isarm,0,inline,correct,,aa|1
c02797,A,vubox,0,const_local,is_t,isarm,1,inline,correct,,OTHERARM|1
c02798,A,vubox,0,let_local,direct,isarm,0,inline,correct,,aa|1
c02799,A,vubox,0,let_local,direct,isarm,1,inline,correct,,7|1
c02800,A,vubox,0,let_local,is_t,isarm,0,inline,correct,,aa|1
c02801,A,vubox,0,let_local,is_t,isarm,1,inline,correct,,OTHERARM|1
c02802,A,vubox,0,param,direct,isarm,0,inline,correct,,aa|1
c02803,A,vubox,0,param,direct,isarm,1,inline,correct,,7|1
c02804,A,vubox,0,param,is_t,isarm,0,inline,correct,,aa|1
c02805,A,vubox,0,param,is_t,isarm,1,inline,correct,,OTHERARM|1
c02806,A,vubox,0,ret_unann,direct,isarm,0,inline,correct,,aa|1
c02807,A,vubox,0,ret_unann,direct,isarm,1,inline,correct,,7|1
c02808,A,vubox,0,ret_unann,is_t,isarm,0,inline,correct,,aa|1
c02809,A,vubox,0,ret_unann,is_t,isarm,1,inline,correct,,OTHERARM|1
c02810,A,vubox,0,ret_ann,direct,isarm,0,inline,correct,,aa|1
c02811,A,vubox,0,ret_ann,direct,isarm,1,inline,correct,,7|1
c02812,A,vubox,0,ret_ann,is_t,isarm,0,inline,correct,,aa|1
c02813,A,vubox,0,ret_ann,is_t,isarm,1,inline,correct,,OTHERARM|1
c02814,A,vubox,0,global,direct,isarm,0,inline,correct,,aa|1
c02815,A,vubox,0,global,direct,isarm,1,inline,correct,,7|1
c02816,A,vubox,0,global,is_t,isarm,0,inline,correct,,aa|1
c02817,A,vubox,0,global,is_t,isarm,1,inline,correct,,OTHERARM|1
c02818,A,vubox,0,field,direct,isarm,0,inline,correct,,aa|1
c02819,A,vubox,0,field,direct,isarm,1,inline,correct,,7|1
c02820,A,vubox,0,field,is_t,isarm,0,inline,correct,,aa|1
c02821,A,vubox,0,field,is_t,isarm,1,inline,correct,,OTHERARM|1
c02822,A,vubox,0,elem,direct,isarm,0,inline,correct,,aa|1
c02823,A,vubox,0,elem,direct,isarm,1,inline,correct,,7|1
c02824,A,vubox,0,elem,is_t,isarm,0,inline,correct,,aa|1
c02825,A,vubox,0,elem,is_t,isarm,1,inline,correct,,OTHERARM|1
c02826,A,vubox,0,mapval,direct,isarm,0,inline,loud_check_reject,"[ERROR]: print of a union value (i32?) is type-valid but not yet supported by codegen — narrow it first, e.g. `if v is i32 { print(v) }`",aa|1
c02827,A,vubox,0,mapval,direct,isarm,1,inline,loud_check_reject,"[ERROR]: print of a union value (i32?) is type-valid but not yet supported by codegen — narrow it first, e.g. `if v is i32 { print(v) }`",7|1
c02828,A,vubox,0,mapval,is_t,isarm,0,inline,correct,,aa|1
c02829,A,vubox,0,mapval,is_t,isarm,1,inline,correct,,OTHERARM|1
c02830,A,vubox,0,capture,direct,isarm,0,inline,loud_emit_reject,emitProgram: narrowed union binding is not a local or global,aa|1
c02831,A,vubox,0,capture,direct,isarm,1,inline,loud_emit_reject,emitProgram: narrowed union binding is not a local or global,7|1
c02832,A,vubox,0,capture,is_t,isarm,0,inline,loud_emit_reject,emitProgram: narrowed union binding is not a local or global,aa|1
c02833,A,vubox,0,capture,is_t,isarm,1,inline,loud_emit_reject,emitProgram: narrowed union binding is not a local or global,OTHERARM|1
c02834,A,vubox,0,loopvar,direct,isarm,0,inline,correct,,aa|1
c02835,A,vubox,0,loopvar,direct,isarm,1,inline,correct,,7|1
c02836,A,vubox,0,loopvar,is_t,isarm,0,inline,correct,,aa|1
c02837,A,vubox,0,loopvar,is_t,isarm,1,inline,correct,,OTHERARM|1
c02838,A,vubox,1,const_local,nenull,isarm,0,inline,correct,,aa|1
c02839,A,vubox,1,const_local,nenull,isarm,1,inline,correct,,NUL|1
c02840,A,vubox,1,const_local,eqnull_else,isarm,0,inline,correct,,aa|1
c02841,A,vubox,1,const_local,eqnull_else,isarm,1,inline,correct,,NUL|1
c02842,A,vubox,1,const_local,is_t,isarm,0,inline,correct,,aa|1
c02843,A,vubox,1,const_local,is_t,isarm,1,inline,correct,,NUL|1
c02844,A,vubox,1,const_local,match_null,isarm,0,inline,correct,,aa|1
c02845,A,vubox,1,const_local,match_null,isarm,1,inline,correct,,NUL|1
c02846,A,vubox,1,const_local,eqnullcmp,isarm,0,inline,correct,,false|1
c02847,A,vubox,1,const_local,eqnullcmp,isarm,1,inline,correct,,true|1
c02848,A,vubox,1,const_local,while_g,isarm,0,inline,correct,,aa|1
c02849,A,vubox,1,const_local,while_g,isarm,1,inline,correct,,NUL|1
c02850,A,vubox,1,let_local,nenull,isarm,0,inline,correct,,aa|1
c02851,A,vubox,1,let_local,nenull,isarm,1,inline,correct,,NUL|1
c02852,A,vubox,1,let_local,eqnull_else,isarm,0,inline,correct,,aa|1
c02853,A,vubox,1,let_local,eqnull_else,isarm,1,inline,correct,,NUL|1
c02854,A,vubox,1,let_local,is_t,isarm,0,inline,correct,,aa|1
c02855,A,vubox,1,let_local,is_t,isarm,1,inline,correct,,NUL|1
c02856,A,vubox,1,let_local,match_null,isarm,0,inline,correct,,aa|1
c02857,A,vubox,1,let_local,match_null,isarm,1,inline,correct,,NUL|1
c02858,A,vubox,1,let_local,eqnullcmp,isarm,0,inline,correct,,false|1
c02859,A,vubox,1,let_local,eqnullcmp,isarm,1,inline,correct,,true|1
c02860,A,vubox,1,let_local,while_g,isarm,0,inline,correct,,aa|1
c02861,A,vubox,1,let_local,while_g,isarm,1,inline,correct,,NUL|1
c02862,A,vubox,1,param,nenull,isarm,0,inline,correct,,aa|1
c02863,A,vubox,1,param,nenull,isarm,1,inline,correct,,NUL|1
c02864,A,vubox,1,param,eqnull_else,isarm,0,inline,correct,,aa|1
c02865,A,vubox,1,param,eqnull_else,isarm,1,inline,correct,,NUL|1
c02866,A,vubox,1,param,is_t,isarm,0,inline,correct,,aa|1
c02867,A,vubox,1,param,is_t,isarm,1,inline,correct,,NUL|1
c02868,A,vubox,1,param,match_null,isarm,0,inline,correct,,aa|1
c02869,A,vubox,1,param,match_null,isarm,1,inline,correct,,NUL|1
c02870,A,vubox,1,param,eqnullcmp,isarm,0,inline,correct,,false|1
c02871,A,vubox,1,param,eqnullcmp,isarm,1,inline,correct,,true|1
c02872,A,vubox,1,param,while_g,isarm,0,inline,correct,,aa|1
c02873,A,vubox,1,param,while_g,isarm,1,inline,correct,,NUL|1
c02874,A,vubox,1,ret_unann,nenull,isarm,0,inline,correct,,aa|1
c02875,A,vubox,1,ret_unann,nenull,isarm,1,inline,correct,,NUL|1
c02876,A,vubox,1,ret_unann,eqnull_else,isarm,0,inline,correct,,aa|1
c02877,A,vubox,1,ret_unann,eqnull_else,isarm,1,inline,correct,,NUL|1
c02878,A,vubox,1,ret_unann,is_t,isarm,0,inline,correct,,aa|1
c02879,A,vubox,1,ret_unann,is_t,isarm,1,inline,correct,,NUL|1
c02880,A,vubox,1,ret_unann,match_null,isarm,0,inline,correct,,aa|1
c02881,A,vubox,1,ret_unann,match_null,isarm,1,inline,correct,,NUL|1
c02882,A,vubox,1,ret_unann,eqnullcmp,isarm,0,inline,correct,,false|1
c02883,A,vubox,1,ret_unann,eqnullcmp,isarm,1,inline,correct,,true|1
c02884,A,vubox,1,ret_unann,while_g,isarm,0,inline,correct,,aa|1
c02885,A,vubox,1,ret_unann,while_g,isarm,1,inline,correct,,NUL|1
c02886,A,vubox,1,ret_ann,nenull,isarm,0,inline,correct,,aa|1
c02887,A,vubox,1,ret_ann,nenull,isarm,1,inline,correct,,NUL|1
c02888,A,vubox,1,ret_ann,eqnull_else,isarm,0,inline,correct,,aa|1
c02889,A,vubox,1,ret_ann,eqnull_else,isarm,1,inline,correct,,NUL|1
c02890,A,vubox,1,ret_ann,is_t,isarm,0,inline,correct,,aa|1
c02891,A,vubox,1,ret_ann,is_t,isarm,1,inline,correct,,NUL|1
c02892,A,vubox,1,ret_ann,match_null,isarm,0,inline,correct,,aa|1
c02893,A,vubox,1,ret_ann,match_null,isarm,1,inline,correct,,NUL|1
c02894,A,vubox,1,ret_ann,eqnullcmp,isarm,0,inline,correct,,false|1
c02895,A,vubox,1,ret_ann,eqnullcmp,isarm,1,inline,correct,,true|1
c02896,A,vubox,1,ret_ann,while_g,isarm,0,inline,correct,,aa|1
c02897,A,vubox,1,ret_ann,while_g,isarm,1,inline,correct,,NUL|1
c02898,A,vubox,1,global,nenull,isarm,0,inline,correct,,aa|1
c02899,A,vubox,1,global,nenull,isarm,1,inline,correct,,NUL|1
c02900,A,vubox,1,global,eqnull_else,isarm,0,inline,correct,,aa|1
c02901,A,vubox,1,global,eqnull_else,isarm,1,inline,correct,,NUL|1
c02902,A,vubox,1,global,is_t,isarm,0,inline,correct,,aa|1
c02903,A,vubox,1,global,is_t,isarm,1,inline,correct,,NUL|1
c02904,A,vubox,1,global,match_null,isarm,0,inline,correct,,aa|1
c02905,A,vubox,1,global,match_null,isarm,1,inline,correct,,NUL|1
c02906,A,vubox,1,global,eqnullcmp,isarm,0,inline,correct,,false|1
c02907,A,vubox,1,global,eqnullcmp,isarm,1,inline,correct,,true|1
c02908,A,vubox,1,global,while_g,isarm,0,inline,correct,,aa|1
c02909,A,vubox,1,global,while_g,isarm,1,inline,correct,,NUL|1
c02910,A,vubox,1,field,nenull,isarm,0,inline,correct,,aa|1
c02911,A,vubox,1,field,nenull,isarm,1,inline,correct,,NUL|1
c02912,A,vubox,1,field,eqnull_else,isarm,0,inline,correct,,aa|1
c02913,A,vubox,1,field,eqnull_else,isarm,1,inline,correct,,NUL|1
c02914,A,vubox,1,field,is_t,isarm,0,inline,correct,,aa|1
c02915,A,vubox,1,field,is_t,isarm,1,inline,correct,,NUL|1
c02916,A,vubox,1,field,match_null,isarm,0,inline,correct,,aa|1
c02917,A,vubox,1,field,match_null,isarm,1,inline,correct,,NUL|1
c02918,A,vubox,1,field,eqnullcmp,isarm,0,inline,correct,,false|1
c02919,A,vubox,1,field,eqnullcmp,isarm,1,inline,correct,,true|1
c02920,A,vubox,1,field,while_g,isarm,0,inline,correct,,aa|1
c02921,A,vubox,1,field,while_g,isarm,1,inline,correct,,NUL|1
c02922,A,vubox,1,elem,nenull,isarm,0,inline,correct,,aa|1
c02923,A,vubox,1,elem,nenull,isarm,1,inline,correct,,NUL|1
c02924,A,vubox,1,elem,eqnull_else,isarm,0,inline,correct,,aa|1
c02925,A,vubox,1,elem,eqnull_else,isarm,1,inline,correct,,NUL|1
c02926,A,vubox,1,elem,is_t,isarm,0,inline,correct,,aa|1
c02927,A,vubox,1,elem,is_t,isarm,1,inline,correct,,NUL|1
c02928,A,vubox,1,elem,match_null,isarm,0,inline,correct,,aa|1
c02929,A,vubox,1,elem,match_null,isarm,1,inline,correct,,NUL|1
c02930,A,vubox,1,elem,eqnullcmp,isarm,0,inline,correct,,false|1
c02931,A,vubox,1,elem,eqnullcmp,isarm,1,inline,correct,,true|1
c02932,A,vubox,1,elem,while_g,isarm,0,inline,correct,,aa|1
c02933,A,vubox,1,elem,while_g,isarm,1,inline,correct,,NUL|1
c02934,A,vubox,1,mapval,nenull,isarm,0,inline,correct,,aa|1
c02935,A,vubox,1,mapval,nenull,isarm,1,inline,correct,,NUL|1
c02936,A,vubox,1,mapval,eqnull_else,isarm,0,inline,correct,,aa|1
c02937,A,vubox,1,mapval,eqnull_else,isarm,1,inline,correct,,NUL|1
c02938,A,vubox,1,mapval,is_t,isarm,0,inline,correct,,aa|1
c02939,A,vubox,1,mapval,is_t,isarm,1,inline,correct,,NUL|1
c02940,A,vubox,1,mapval,match_null,isarm,0,inline,correct,,aa|1
c02941,A,vubox,1,mapval,match_null,isarm,1,inline,correct,,NUL|1
c02942,A,vubox,1,mapval,eqnullcmp,isarm,0,inline,correct,,false|1
c02943,A,vubox,1,mapval,eqnullcmp,isarm,1,inline,correct,,true|1
c02944,A,vubox,1,mapval,while_g,isarm,0,inline,correct,,aa|1
c02945,A,vubox,1,mapval,while_g,isarm,1,inline,correct,,NUL|1
c02946,A,vubox,1,capture,nenull,isarm,0,inline,loud_emit_reject,emitProgram: narrowed union binding is not a local or global,aa|1
c02947,A,vubox,1,capture,nenull,isarm,1,inline,loud_emit_reject,emitProgram: narrowed union binding is not a local or global,NUL|1
c02948,A,vubox,1,capture,eqnull_else,isarm,0,inline,loud_emit_reject,emitProgram: narrowed union binding is not a local or global,aa|1
c02949,A,vubox,1,capture,eqnull_else,isarm,1,inline,loud_emit_reject,emitProgram: narrowed union binding is not a local or global,NUL|1
c02950,A,vubox,1,capture,is_t,isarm,0,inline,loud_emit_reject,emitProgram: narrowed union binding is not a local or global,aa|1
c02951,A,vubox,1,capture,is_t,isarm,1,inline,loud_emit_reject,emitProgram: narrowed union binding is not a local or global,NUL|1
c02952,A,vubox,1,capture,match_null,isarm,0,inline,loud_emit_reject,emitProgram: narrowed union binding is not a local or global,aa|1
c02953,A,vubox,1,capture,match_null,isarm,1,inline,loud_emit_reject,emitProgram: narrowed union binding is not a local or global,NUL|1
c02954,A,vubox,1,capture,eqnullcmp,isarm,0,inline,correct,,false|1
c02955,A,vubox,1,capture,eqnullcmp,isarm,1,inline,correct,,true|1
c02956,A,vubox,1,capture,while_g,isarm,0,inline,loud_emit_reject,emitProgram: narrowed union binding is not a local or global,aa|1
c02957,A,vubox,1,capture,while_g,isarm,1,inline,loud_emit_reject,emitProgram: narrowed union binding is not a local or global,NUL|1
c02958,A,vubox,1,loopvar,nenull,isarm,0,inline,correct,,aa|1
c02959,A,vubox,1,loopvar,nenull,isarm,1,inline,correct,,NUL|1
c02960,A,vubox,1,loopvar,eqnull_else,isarm,0,inline,correct,,aa|1
c02961,A,vubox,1,loopvar,eqnull_else,isarm,1,inline,correct,,NUL|1
c02962,A,vubox,1,loopvar,is_t,isarm,0,inline,correct,,aa|1
c02963,A,vubox,1,loopvar,is_t,isarm,1,inline,correct,,NUL|1
c02964,A,vubox,1,loopvar,match_null,isarm,0,inline,correct,,aa|1
c02965,A,vubox,1,loopvar,match_null,isarm,1,inline,correct,,NUL|1
c02966,A,vubox,1,loopvar,eqnullcmp,isarm,0,inline,correct,,false|1
c02967,A,vubox,1,loopvar,eqnullcmp,isarm,1,inline,correct,,true|1
c02968,A,vubox,1,loopvar,while_g,isarm,0,inline,correct,,aa|1
c02969,A,vubox,1,loopvar,while_g,isarm,1,inline,correct,,NUL|1
c02970,A,structunion,0,const_local,direct,isarm,0,inline,correct,,1|1
c02971,A,structunion,0,const_local,direct,isarm,1,inline,correct,,2|1
c02972,A,structunion,0,const_local,is_t,isarm,0,inline,loud_check_reject,[ERROR]: no field 'd' on {c: i32},1|1
c02973,A,structunion,0,const_local,is_t,isarm,1,inline,loud_check_reject,[ERROR]: no field 'd' on {c: i32},OTHERARM|1
c02974,A,structunion,0,let_local,direct,isarm,0,inline,correct,,1|1
c02975,A,structunion,0,let_local,direct,isarm,1,inline,correct,,2|1
c02976,A,structunion,0,let_local,is_t,isarm,0,inline,loud_check_reject,[ERROR]: no field 'd' on {c: i32},1|1
c02977,A,structunion,0,let_local,is_t,isarm,1,inline,loud_check_reject,[ERROR]: no field 'd' on {c: i32},OTHERARM|1
c02978,A,structunion,0,param,direct,isarm,0,inline,correct,,1|1
c02979,A,structunion,0,param,direct,isarm,1,inline,correct,,2|1
c02980,A,structunion,0,param,is_t,isarm,0,inline,loud_check_reject,[ERROR]: no field 'd' on {c: i32},1|1
c02981,A,structunion,0,param,is_t,isarm,1,inline,loud_check_reject,[ERROR]: no field 'd' on {c: i32},OTHERARM|1
c02982,A,structunion,0,ret_unann,direct,isarm,0,inline,correct,,1|1
c02983,A,structunion,0,ret_unann,direct,isarm,1,inline,correct,,2|1
c02984,A,structunion,0,ret_unann,is_t,isarm,0,inline,loud_check_reject,[ERROR]: no field 'd' on {c: i32},1|1
c02985,A,structunion,0,ret_unann,is_t,isarm,1,inline,loud_check_reject,[ERROR]: no field 'd' on {c: i32},OTHERARM|1
c02986,A,structunion,0,ret_ann,direct,isarm,0,inline,correct,,1|1
c02987,A,structunion,0,ret_ann,direct,isarm,1,inline,correct,,2|1
c02988,A,structunion,0,ret_ann,is_t,isarm,0,inline,loud_check_reject,[ERROR]: no field 'd' on {c: i32},1|1
c02989,A,structunion,0,ret_ann,is_t,isarm,1,inline,loud_check_reject,[ERROR]: no field 'd' on {c: i32},OTHERARM|1
c02990,A,structunion,0,global,direct,isarm,0,inline,correct,,1|1
c02991,A,structunion,0,global,direct,isarm,1,inline,correct,,2|1
c02992,A,structunion,0,global,is_t,isarm,0,inline,loud_check_reject,[ERROR]: no field 'd' on {c: i32},1|1
c02993,A,structunion,0,global,is_t,isarm,1,inline,loud_check_reject,[ERROR]: no field 'd' on {c: i32},OTHERARM|1
c02994,A,structunion,0,field,direct,isarm,0,inline,correct,,1|1
c02995,A,structunion,0,field,direct,isarm,1,inline,correct,,2|1
c02996,A,structunion,0,field,is_t,isarm,0,inline,loud_check_reject,[ERROR]: no field 'd' on {c: i32},1|1
c02997,A,structunion,0,field,is_t,isarm,1,inline,loud_check_reject,[ERROR]: no field 'd' on {c: i32},OTHERARM|1
c02998,A,structunion,0,elem,direct,isarm,0,inline,correct,,1|1
c02999,A,structunion,0,elem,direct,isarm,1,inline,correct,,2|1
c03000,A,structunion,0,elem,is_t,isarm,0,inline,loud_check_reject,[ERROR]: no field 'd' on {c: i32},1|1
c03001,A,structunion,0,elem,is_t,isarm,1,inline,loud_check_reject,[ERROR]: no field 'd' on {c: i32},OTHERARM|1
c03002,A,structunion,0,mapval,direct,isarm,0,inline,loud_check_reject,[ERROR]: member access '.d' on non-object {d: i32}?,1|1
c03003,A,structunion,0,mapval,direct,isarm,1,inline,loud_check_reject,[ERROR]: member access '.d' on non-object {d: i32}?,2|1
c03004,A,structunion,0,mapval,is_t,isarm,0,inline,loud_check_reject,[ERROR]: no field 'd' on {c: i32},1|1
c03005,A,structunion,0,mapval,is_t,isarm,1,inline,loud_check_reject,[ERROR]: no field 'd' on {c: i32},OTHERARM|1
c03006,A,structunion,0,capture,direct,isarm,0,inline,correct,,1|1
c03007,A,structunion,0,capture,direct,isarm,1,inline,correct,,2|1
c03008,A,structunion,0,capture,is_t,isarm,0,inline,loud_check_reject,[ERROR]: no field 'd' on {c: i32},1|1
c03009,A,structunion,0,capture,is_t,isarm,1,inline,loud_check_reject,[ERROR]: no field 'd' on {c: i32},OTHERARM|1
c03010,A,structunion,0,loopvar,direct,isarm,0,inline,correct,,1|1
c03011,A,structunion,0,loopvar,direct,isarm,1,inline,correct,,2|1
c03012,A,structunion,0,loopvar,is_t,isarm,0,inline,loud_check_reject,[ERROR]: no field 'd' on {c: i32},1|1
c03013,A,structunion,0,loopvar,is_t,isarm,1,inline,loud_check_reject,[ERROR]: no field 'd' on {c: i32},OTHERARM|1
c03014,A,structunion,1,const_local,nenull,isarm,0,inline,loud_emit_reject,emitProgram: narrowed receiver names no union variant,1|1
c03015,A,structunion,1,const_local,nenull,isarm,1,inline,loud_emit_reject,emitProgram: narrowed receiver names no union variant,NUL|1
c03016,A,structunion,1,const_local,eqnull_else,isarm,0,inline,loud_emit_reject,emitProgram: narrowed receiver names no union variant,1|1
c03017,A,structunion,1,const_local,eqnull_else,isarm,1,inline,loud_emit_reject,emitProgram: narrowed receiver names no union variant,NUL|1
c03018,A,structunion,1,const_local,is_t,isarm,0,inline,loud_check_reject,[ERROR]: no field 'd' on {c: i32},1|1
c03019,A,structunion,1,const_local,is_t,isarm,1,inline,loud_check_reject,[ERROR]: no field 'd' on {c: i32},NUL|1
c03020,A,structunion,1,const_local,match_null,isarm,0,inline,loud_emit_reject,emitProgram: narrowed receiver names no union variant,1|1
c03021,A,structunion,1,const_local,match_null,isarm,1,inline,loud_emit_reject,emitProgram: narrowed receiver names no union variant,NUL|1
c03022,A,structunion,1,const_local,eqnullcmp,isarm,0,inline,correct,,false|1
c03023,A,structunion,1,const_local,eqnullcmp,isarm,1,inline,correct,,true|1
c03024,A,structunion,1,const_local,while_g,isarm,0,inline,loud_emit_reject,emitProgram: narrowed receiver names no union variant,1|1
c03025,A,structunion,1,const_local,while_g,isarm,1,inline,loud_emit_reject,emitProgram: narrowed receiver names no union variant,NUL|1
c03026,A,structunion,1,let_local,nenull,isarm,0,inline,loud_emit_reject,emitProgram: narrowed receiver names no union variant,1|1
c03027,A,structunion,1,let_local,nenull,isarm,1,inline,loud_emit_reject,emitProgram: narrowed receiver names no union variant,NUL|1
c03028,A,structunion,1,let_local,eqnull_else,isarm,0,inline,loud_emit_reject,emitProgram: narrowed receiver names no union variant,1|1
c03029,A,structunion,1,let_local,eqnull_else,isarm,1,inline,loud_emit_reject,emitProgram: narrowed receiver names no union variant,NUL|1
c03030,A,structunion,1,let_local,is_t,isarm,0,inline,loud_check_reject,[ERROR]: no field 'd' on {c: i32},1|1
c03031,A,structunion,1,let_local,is_t,isarm,1,inline,loud_check_reject,[ERROR]: no field 'd' on {c: i32},NUL|1
c03032,A,structunion,1,let_local,match_null,isarm,0,inline,loud_emit_reject,emitProgram: narrowed receiver names no union variant,1|1
c03033,A,structunion,1,let_local,match_null,isarm,1,inline,loud_emit_reject,emitProgram: narrowed receiver names no union variant,NUL|1
c03034,A,structunion,1,let_local,eqnullcmp,isarm,0,inline,correct,,false|1
c03035,A,structunion,1,let_local,eqnullcmp,isarm,1,inline,correct,,true|1
c03036,A,structunion,1,let_local,while_g,isarm,0,inline,loud_emit_reject,emitProgram: narrowed receiver names no union variant,1|1
c03037,A,structunion,1,let_local,while_g,isarm,1,inline,loud_emit_reject,emitProgram: narrowed receiver names no union variant,NUL|1
c03038,A,structunion,1,param,nenull,isarm,0,inline,loud_emit_reject,emitProgram: narrowed receiver names no union variant,1|1
c03039,A,structunion,1,param,nenull,isarm,1,inline,loud_emit_reject,emitProgram: narrowed receiver names no union variant,NUL|1
c03040,A,structunion,1,param,eqnull_else,isarm,0,inline,loud_emit_reject,emitProgram: narrowed receiver names no union variant,1|1
c03041,A,structunion,1,param,eqnull_else,isarm,1,inline,loud_emit_reject,emitProgram: narrowed receiver names no union variant,NUL|1
c03042,A,structunion,1,param,is_t,isarm,0,inline,loud_check_reject,[ERROR]: no field 'd' on {c: i32},1|1
c03043,A,structunion,1,param,is_t,isarm,1,inline,loud_check_reject,[ERROR]: no field 'd' on {c: i32},NUL|1
c03044,A,structunion,1,param,match_null,isarm,0,inline,loud_emit_reject,emitProgram: narrowed receiver names no union variant,1|1
c03045,A,structunion,1,param,match_null,isarm,1,inline,loud_emit_reject,emitProgram: narrowed receiver names no union variant,NUL|1
c03046,A,structunion,1,param,eqnullcmp,isarm,0,inline,correct,,false|1
c03047,A,structunion,1,param,eqnullcmp,isarm,1,inline,correct,,true|1
c03048,A,structunion,1,param,while_g,isarm,0,inline,loud_emit_reject,emitProgram: narrowed receiver names no union variant,1|1
c03049,A,structunion,1,param,while_g,isarm,1,inline,loud_emit_reject,emitProgram: narrowed receiver names no union variant,NUL|1
c03050,A,structunion,1,ret_unann,nenull,isarm,0,inline,loud_emit_reject,emitProgram: narrowed receiver names no union variant,1|1
c03051,A,structunion,1,ret_unann,nenull,isarm,1,inline,loud_emit_reject,emitProgram: narrowed receiver names no union variant,NUL|1
c03052,A,structunion,1,ret_unann,eqnull_else,isarm,0,inline,loud_emit_reject,emitProgram: narrowed receiver names no union variant,1|1
c03053,A,structunion,1,ret_unann,eqnull_else,isarm,1,inline,loud_emit_reject,emitProgram: narrowed receiver names no union variant,NUL|1
c03054,A,structunion,1,ret_unann,is_t,isarm,0,inline,loud_check_reject,[ERROR]: no field 'd' on {c: i32},1|1
c03055,A,structunion,1,ret_unann,is_t,isarm,1,inline,loud_check_reject,[ERROR]: no field 'd' on {c: i32},NUL|1
c03056,A,structunion,1,ret_unann,match_null,isarm,0,inline,loud_emit_reject,emitProgram: narrowed receiver names no union variant,1|1
c03057,A,structunion,1,ret_unann,match_null,isarm,1,inline,loud_emit_reject,emitProgram: narrowed receiver names no union variant,NUL|1
c03058,A,structunion,1,ret_unann,eqnullcmp,isarm,0,inline,correct,,false|1
c03059,A,structunion,1,ret_unann,eqnullcmp,isarm,1,inline,correct,,true|1
c03060,A,structunion,1,ret_unann,while_g,isarm,0,inline,loud_emit_reject,emitProgram: narrowed receiver names no union variant,1|1
c03061,A,structunion,1,ret_unann,while_g,isarm,1,inline,loud_emit_reject,emitProgram: narrowed receiver names no union variant,NUL|1
c03062,A,structunion,1,ret_ann,nenull,isarm,0,inline,loud_emit_reject,emitProgram: narrowed receiver names no union variant,1|1
c03063,A,structunion,1,ret_ann,nenull,isarm,1,inline,loud_emit_reject,emitProgram: narrowed receiver names no union variant,NUL|1
c03064,A,structunion,1,ret_ann,eqnull_else,isarm,0,inline,loud_emit_reject,emitProgram: narrowed receiver names no union variant,1|1
c03065,A,structunion,1,ret_ann,eqnull_else,isarm,1,inline,loud_emit_reject,emitProgram: narrowed receiver names no union variant,NUL|1
c03066,A,structunion,1,ret_ann,is_t,isarm,0,inline,loud_check_reject,[ERROR]: no field 'd' on {c: i32},1|1
c03067,A,structunion,1,ret_ann,is_t,isarm,1,inline,loud_check_reject,[ERROR]: no field 'd' on {c: i32},NUL|1
c03068,A,structunion,1,ret_ann,match_null,isarm,0,inline,loud_emit_reject,emitProgram: narrowed receiver names no union variant,1|1
c03069,A,structunion,1,ret_ann,match_null,isarm,1,inline,loud_emit_reject,emitProgram: narrowed receiver names no union variant,NUL|1
c03070,A,structunion,1,ret_ann,eqnullcmp,isarm,0,inline,correct,,false|1
c03071,A,structunion,1,ret_ann,eqnullcmp,isarm,1,inline,correct,,true|1
c03072,A,structunion,1,ret_ann,while_g,isarm,0,inline,loud_emit_reject,emitProgram: narrowed receiver names no union variant,1|1
c03073,A,structunion,1,ret_ann,while_g,isarm,1,inline,loud_emit_reject,emitProgram: narrowed receiver names no union variant,NUL|1
c03074,A,structunion,1,global,nenull,isarm,0,inline,loud_emit_reject,emitProgram: narrowed receiver names no union variant,1|1
c03075,A,structunion,1,global,nenull,isarm,1,inline,loud_emit_reject,emitProgram: narrowed receiver names no union variant,NUL|1
c03076,A,structunion,1,global,eqnull_else,isarm,0,inline,loud_emit_reject,emitProgram: narrowed receiver names no union variant,1|1
c03077,A,structunion,1,global,eqnull_else,isarm,1,inline,loud_emit_reject,emitProgram: narrowed receiver names no union variant,NUL|1
c03078,A,structunion,1,global,is_t,isarm,0,inline,loud_check_reject,[ERROR]: no field 'd' on {c: i32},1|1
c03079,A,structunion,1,global,is_t,isarm,1,inline,loud_check_reject,[ERROR]: no field 'd' on {c: i32},NUL|1
c03080,A,structunion,1,global,match_null,isarm,0,inline,loud_emit_reject,emitProgram: narrowed receiver names no union variant,1|1
c03081,A,structunion,1,global,match_null,isarm,1,inline,loud_emit_reject,emitProgram: narrowed receiver names no union variant,NUL|1
c03082,A,structunion,1,global,eqnullcmp,isarm,0,inline,correct,,false|1
c03083,A,structunion,1,global,eqnullcmp,isarm,1,inline,correct,,true|1
c03084,A,structunion,1,global,while_g,isarm,0,inline,loud_emit_reject,emitProgram: narrowed receiver names no union variant,1|1
c03085,A,structunion,1,global,while_g,isarm,1,inline,loud_emit_reject,emitProgram: narrowed receiver names no union variant,NUL|1
c03086,A,structunion,1,field,nenull,isarm,0,inline,loud_emit_reject,emitProgram: narrowed receiver names no union variant,1|1
c03087,A,structunion,1,field,nenull,isarm,1,inline,loud_emit_reject,emitProgram: narrowed receiver names no union variant,NUL|1
c03088,A,structunion,1,field,eqnull_else,isarm,0,inline,loud_emit_reject,emitProgram: narrowed receiver names no union variant,1|1
c03089,A,structunion,1,field,eqnull_else,isarm,1,inline,loud_emit_reject,emitProgram: narrowed receiver names no union variant,NUL|1
c03090,A,structunion,1,field,is_t,isarm,0,inline,loud_check_reject,[ERROR]: no field 'd' on {c: i32},1|1
c03091,A,structunion,1,field,is_t,isarm,1,inline,loud_check_reject,[ERROR]: no field 'd' on {c: i32},NUL|1
c03092,A,structunion,1,field,match_null,isarm,0,inline,loud_emit_reject,emitProgram: narrowed receiver names no union variant,1|1
c03093,A,structunion,1,field,match_null,isarm,1,inline,loud_emit_reject,emitProgram: narrowed receiver names no union variant,NUL|1
c03094,A,structunion,1,field,eqnullcmp,isarm,0,inline,correct,,false|1
c03095,A,structunion,1,field,eqnullcmp,isarm,1,inline,correct,,true|1
c03096,A,structunion,1,field,while_g,isarm,0,inline,loud_emit_reject,emitProgram: narrowed receiver names no union variant,1|1
c03097,A,structunion,1,field,while_g,isarm,1,inline,loud_emit_reject,emitProgram: narrowed receiver names no union variant,NUL|1
c03098,A,structunion,1,elem,nenull,isarm,0,inline,loud_emit_reject,emitProgram: narrowed receiver names no union variant,1|1
c03099,A,structunion,1,elem,nenull,isarm,1,inline,loud_emit_reject,emitProgram: narrowed receiver names no union variant,NUL|1
c03100,A,structunion,1,elem,eqnull_else,isarm,0,inline,loud_emit_reject,emitProgram: narrowed receiver names no union variant,1|1
c03101,A,structunion,1,elem,eqnull_else,isarm,1,inline,loud_emit_reject,emitProgram: narrowed receiver names no union variant,NUL|1
c03102,A,structunion,1,elem,is_t,isarm,0,inline,loud_check_reject,[ERROR]: no field 'd' on {c: i32},1|1
c03103,A,structunion,1,elem,is_t,isarm,1,inline,loud_check_reject,[ERROR]: no field 'd' on {c: i32},NUL|1
c03104,A,structunion,1,elem,match_null,isarm,0,inline,loud_emit_reject,emitProgram: narrowed receiver names no union variant,1|1
c03105,A,structunion,1,elem,match_null,isarm,1,inline,loud_emit_reject,emitProgram: narrowed receiver names no union variant,NUL|1
c03106,A,structunion,1,elem,eqnullcmp,isarm,0,inline,correct,,false|1
c03107,A,structunion,1,elem,eqnullcmp,isarm,1,inline,correct,,true|1
c03108,A,structunion,1,elem,while_g,isarm,0,inline,loud_emit_reject,emitProgram: narrowed receiver names no union variant,1|1
c03109,A,structunion,1,elem,while_g,isarm,1,inline,loud_emit_reject,emitProgram: narrowed receiver names no union variant,NUL|1
c03110,A,structunion,1,mapval,nenull,isarm,0,inline,loud_emit_reject,emitProgram: narrowed receiver names no union variant,1|1
c03111,A,structunion,1,mapval,nenull,isarm,1,inline,loud_emit_reject,emitProgram: narrowed receiver names no union variant,NUL|1
c03112,A,structunion,1,mapval,eqnull_else,isarm,0,inline,loud_emit_reject,emitProgram: narrowed receiver names no union variant,1|1
c03113,A,structunion,1,mapval,eqnull_else,isarm,1,inline,loud_emit_reject,emitProgram: narrowed receiver names no union variant,NUL|1
c03114,A,structunion,1,mapval,is_t,isarm,0,inline,loud_check_reject,[ERROR]: no field 'd' on {c: i32},1|1
c03115,A,structunion,1,mapval,is_t,isarm,1,inline,loud_check_reject,[ERROR]: no field 'd' on {c: i32},NUL|1
c03116,A,structunion,1,mapval,match_null,isarm,0,inline,loud_emit_reject,emitProgram: narrowed receiver names no union variant,1|1
c03117,A,structunion,1,mapval,match_null,isarm,1,inline,loud_emit_reject,emitProgram: narrowed receiver names no union variant,NUL|1
c03118,A,structunion,1,mapval,eqnullcmp,isarm,0,inline,correct,,false|1
c03119,A,structunion,1,mapval,eqnullcmp,isarm,1,inline,correct,,true|1
c03120,A,structunion,1,mapval,while_g,isarm,0,inline,loud_emit_reject,emitProgram: narrowed receiver names no union variant,1|1
c03121,A,structunion,1,mapval,while_g,isarm,1,inline,loud_emit_reject,emitProgram: narrowed receiver names no union variant,NUL|1
c03122,A,structunion,1,capture,nenull,isarm,0,inline,loud_emit_reject,emitProgram: narrowed receiver names no union variant,1|1
c03123,A,structunion,1,capture,nenull,isarm,1,inline,loud_emit_reject,emitProgram: narrowed receiver names no union variant,NUL|1
c03124,A,structunion,1,capture,eqnull_else,isarm,0,inline,loud_emit_reject,emitProgram: narrowed receiver names no union variant,1|1
c03125,A,structunion,1,capture,eqnull_else,isarm,1,inline,loud_emit_reject,emitProgram: narrowed receiver names no union variant,NUL|1
c03126,A,structunion,1,capture,is_t,isarm,0,inline,loud_check_reject,[ERROR]: no field 'd' on {c: i32},1|1
c03127,A,structunion,1,capture,is_t,isarm,1,inline,loud_check_reject,[ERROR]: no field 'd' on {c: i32},NUL|1
c03128,A,structunion,1,capture,match_null,isarm,0,inline,loud_emit_reject,emitProgram: narrowed union binding is not a local or global,1|1
c03129,A,structunion,1,capture,match_null,isarm,1,inline,loud_emit_reject,emitProgram: narrowed union binding is not a local or global,NUL|1
c03130,A,structunion,1,capture,eqnullcmp,isarm,0,inline,correct,,false|1
c03131,A,structunion,1,capture,eqnullcmp,isarm,1,inline,correct,,true|1
c03132,A,structunion,1,capture,while_g,isarm,0,inline,loud_emit_reject,emitProgram: narrowed receiver names no union variant,1|1
c03133,A,structunion,1,capture,while_g,isarm,1,inline,loud_emit_reject,emitProgram: narrowed receiver names no union variant,NUL|1
c03134,A,structunion,1,loopvar,nenull,isarm,0,inline,loud_emit_reject,emitProgram: narrowed receiver names no union variant,1|1
c03135,A,structunion,1,loopvar,nenull,isarm,1,inline,loud_emit_reject,emitProgram: narrowed receiver names no union variant,NUL|1
c03136,A,structunion,1,loopvar,eqnull_else,isarm,0,inline,loud_emit_reject,emitProgram: narrowed receiver names no union variant,1|1
c03137,A,structunion,1,loopvar,eqnull_else,isarm,1,inline,loud_emit_reject,emitProgram: narrowed receiver names no union variant,NUL|1
c03138,A,structunion,1,loopvar,is_t,isarm,0,inline,loud_check_reject,[ERROR]: no field 'd' on {c: i32},1|1
c03139,A,structunion,1,loopvar,is_t,isarm,1,inline,loud_check_reject,[ERROR]: no field 'd' on {c: i32},NUL|1
c03140,A,structunion,1,loopvar,match_null,isarm,0,inline,loud_emit_reject,emitProgram: narrowed receiver names no union variant,1|1
c03141,A,structunion,1,loopvar,match_null,isarm,1,inline,loud_emit_reject,emitProgram: narrowed receiver names no union variant,NUL|1
c03142,A,structunion,1,loopvar,eqnullcmp,isarm,0,inline,correct,,false|1
c03143,A,structunion,1,loopvar,eqnullcmp,isarm,1,inline,correct,,true|1
c03144,A,structunion,1,loopvar,while_g,isarm,0,inline,loud_emit_reject,emitProgram: narrowed receiver names no union variant,1|1
c03145,A,structunion,1,loopvar,while_g,isarm,1,inline,loud_emit_reject,emitProgram: narrowed receiver names no union variant,NUL|1
c03146,A,struct,0,const_local,direct,field,0,inline,correct,,5|1
c03147,A,struct,0,const_local,direct,field,1,inline,correct,,6|1
c03148,A,struct,0,const_local,is_t,field,0,inline,correct,,5|1
c03149,A,struct,0,const_local,is_t,field,1,inline,correct,,6|1
c03150,A,struct,0,let_local,direct,field,0,inline,correct,,5|1
c03151,A,struct,0,let_local,direct,field,1,inline,correct,,6|1
c03152,A,struct,0,let_local,is_t,field,0,inline,correct,,5|1
c03153,A,struct,0,let_local,is_t,field,1,inline,correct,,6|1
c03154,A,struct,0,param,direct,field,0,inline,correct,,5|1
c03155,A,struct,0,param,direct,field,1,inline,correct,,6|1
c03156,A,struct,0,param,is_t,field,0,inline,correct,,5|1
c03157,A,struct,0,param,is_t,field,1,inline,correct,,6|1
c03158,A,struct,0,ret_unann,direct,field,0,inline,correct,,5|1
c03159,A,struct,0,ret_unann,direct,field,1,inline,correct,,6|1
c03160,A,struct,0,ret_unann,is_t,field,0,inline,correct,,5|1
c03161,A,struct,0,ret_unann,is_t,field,1,inline,correct,,6|1
c03162,A,struct,0,ret_ann,direct,field,0,inline,correct,,5|1
c03163,A,struct,0,ret_ann,direct,field,1,inline,correct,,6|1
c03164,A,struct,0,ret_ann,is_t,field,0,inline,correct,,5|1
c03165,A,struct,0,ret_ann,is_t,field,1,inline,correct,,6|1
c03166,A,struct,0,global,direct,field,0,inline,correct,,5|1
c03167,A,struct,0,global,direct,field,1,inline,correct,,6|1
c03168,A,struct,0,global,is_t,field,0,inline,correct,,5|1
c03169,A,struct,0,global,is_t,field,1,inline,correct,,6|1
c03170,A,struct,0,field,direct,field,0,inline,correct,,5|1
c03171,A,struct,0,field,direct,field,1,inline,correct,,6|1
c03172,A,struct,0,field,is_t,field,0,inline,correct,,5|1
c03173,A,struct,0,field,is_t,field,1,inline,correct,,6|1
c03174,A,struct,0,elem,direct,field,0,inline,correct,,5|1
c03175,A,struct,0,elem,direct,field,1,inline,correct,,6|1
c03176,A,struct,0,elem,is_t,field,0,inline,correct,,5|1
c03177,A,struct,0,elem,is_t,field,1,inline,correct,,6|1
c03178,A,struct,0,mapval,direct,field,0,inline,loud_check_reject,[ERROR]: member access '.w' on non-object {w: i32}?,5|1
c03179,A,struct,0,mapval,direct,field,1,inline,loud_check_reject,[ERROR]: member access '.w' on non-object {w: i32}?,6|1
c03180,A,struct,0,mapval,is_t,field,0,inline,correct,,5|1
c03181,A,struct,0,mapval,is_t,field,1,inline,correct,,6|1
c03182,A,struct,0,capture,direct,field,0,inline,correct,,5|1
c03183,A,struct,0,capture,direct,field,1,inline,correct,,6|1
c03184,A,struct,0,capture,is_t,field,0,inline,correct,,5|1
c03185,A,struct,0,capture,is_t,field,1,inline,correct,,6|1
c03186,A,struct,0,loopvar,direct,field,0,inline,correct,,5|1
c03187,A,struct,0,loopvar,direct,field,1,inline,correct,,6|1
c03188,A,struct,0,loopvar,is_t,field,0,inline,correct,,5|1
c03189,A,struct,0,loopvar,is_t,field,1,inline,correct,,6|1
c03190,A,struct,1,const_local,nenull,field,0,inline,correct,,5|1
c03191,A,struct,1,const_local,nenull,field,1,inline,correct,,NUL|1
c03192,A,struct,1,const_local,eqnull_else,field,0,inline,correct,,5|1
c03193,A,struct,1,const_local,eqnull_else,field,1,inline,correct,,NUL|1
c03194,A,struct,1,const_local,is_t,field,0,inline,correct,,5|1
c03195,A,struct,1,const_local,is_t,field,1,inline,correct,,NUL|1
c03196,A,struct,1,const_local,match_null,field,0,inline,correct,,5|1
c03197,A,struct,1,const_local,match_null,field,1,inline,correct,,NUL|1
c03198,A,struct,1,const_local,eqnullcmp,field,0,inline,correct,,false|1
c03199,A,struct,1,const_local,eqnullcmp,field,1,inline,correct,,true|1
c03200,A,struct,1,const_local,while_g,field,0,inline,correct,,5|1
c03201,A,struct,1,const_local,while_g,field,1,inline,correct,,NUL|1
c03202,A,struct,1,const_local,optchain,field,0,inline,loud_emit_reject,emitProgram: unsupported expression in return,5|1
c03203,A,struct,1,const_local,optchain,field,1,inline,loud_emit_reject,emitProgram: unsupported expression in return,0|1
c03204,A,struct,1,let_local,nenull,field,0,inline,correct,,5|1
c03205,A,struct,1,let_local,nenull,field,1,inline,correct,,NUL|1
c03206,A,struct,1,let_local,eqnull_else,field,0,inline,correct,,5|1
c03207,A,struct,1,let_local,eqnull_else,field,1,inline,correct,,NUL|1
c03208,A,struct,1,let_local,is_t,field,0,inline,correct,,5|1
c03209,A,struct,1,let_local,is_t,field,1,inline,correct,,NUL|1
c03210,A,struct,1,let_local,match_null,field,0,inline,correct,,5|1
c03211,A,struct,1,let_local,match_null,field,1,inline,correct,,NUL|1
c03212,A,struct,1,let_local,eqnullcmp,field,0,inline,correct,,false|1
c03213,A,struct,1,let_local,eqnullcmp,field,1,inline,correct,,true|1
c03214,A,struct,1,let_local,while_g,field,0,inline,correct,,5|1
c03215,A,struct,1,let_local,while_g,field,1,inline,correct,,NUL|1
c03216,A,struct,1,let_local,optchain,field,0,inline,loud_emit_reject,emitProgram: unsupported expression in return,5|1
c03217,A,struct,1,let_local,optchain,field,1,inline,loud_emit_reject,emitProgram: unsupported expression in return,0|1
c03218,A,struct,1,param,nenull,field,0,inline,correct,,5|1
c03219,A,struct,1,param,nenull,field,1,inline,correct,,NUL|1
c03220,A,struct,1,param,eqnull_else,field,0,inline,correct,,5|1
c03221,A,struct,1,param,eqnull_else,field,1,inline,correct,,NUL|1
c03222,A,struct,1,param,is_t,field,0,inline,correct,,5|1
c03223,A,struct,1,param,is_t,field,1,inline,correct,,NUL|1
c03224,A,struct,1,param,match_null,field,0,inline,correct,,5|1
c03225,A,struct,1,param,match_null,field,1,inline,correct,,NUL|1
c03226,A,struct,1,param,eqnullcmp,field,0,inline,correct,,false|1
c03227,A,struct,1,param,eqnullcmp,field,1,inline,correct,,true|1
c03228,A,struct,1,param,while_g,field,0,inline,correct,,5|1
c03229,A,struct,1,param,while_g,field,1,inline,correct,,NUL|1
c03230,A,struct,1,param,optchain,field,0,inline,loud_emit_reject,emitProgram: unsupported expression in return,5|1
c03231,A,struct,1,param,optchain,field,1,inline,loud_emit_reject,emitProgram: unsupported expression in return,0|1
c03232,A,struct,1,ret_unann,nenull,field,0,inline,correct,,5|1
c03233,A,struct,1,ret_unann,nenull,field,1,inline,correct,,NUL|1
c03234,A,struct,1,ret_unann,eqnull_else,field,0,inline,correct,,5|1
c03235,A,struct,1,ret_unann,eqnull_else,field,1,inline,correct,,NUL|1
c03236,A,struct,1,ret_unann,is_t,field,0,inline,correct,,5|1
c03237,A,struct,1,ret_unann,is_t,field,1,inline,correct,,NUL|1
c03238,A,struct,1,ret_unann,match_null,field,0,inline,correct,,5|1
c03239,A,struct,1,ret_unann,match_null,field,1,inline,correct,,NUL|1
c03240,A,struct,1,ret_unann,eqnullcmp,field,0,inline,correct,,false|1
c03241,A,struct,1,ret_unann,eqnullcmp,field,1,inline,correct,,true|1
c03242,A,struct,1,ret_unann,while_g,field,0,inline,correct,,5|1
c03243,A,struct,1,ret_unann,while_g,field,1,inline,correct,,NUL|1
c03244,A,struct,1,ret_unann,optchain,field,0,inline,loud_emit_reject,emitProgram: unsupported expression in return,5|1
c03245,A,struct,1,ret_unann,optchain,field,1,inline,loud_emit_reject,emitProgram: unsupported expression in return,0|1
c03246,A,struct,1,ret_ann,nenull,field,0,inline,correct,,5|1
c03247,A,struct,1,ret_ann,nenull,field,1,inline,correct,,NUL|1
c03248,A,struct,1,ret_ann,eqnull_else,field,0,inline,correct,,5|1
c03249,A,struct,1,ret_ann,eqnull_else,field,1,inline,correct,,NUL|1
c03250,A,struct,1,ret_ann,is_t,field,0,inline,correct,,5|1
c03251,A,struct,1,ret_ann,is_t,field,1,inline,correct,,NUL|1
c03252,A,struct,1,ret_ann,match_null,field,0,inline,correct,,5|1
c03253,A,struct,1,ret_ann,match_null,field,1,inline,correct,,NUL|1
c03254,A,struct,1,ret_ann,eqnullcmp,field,0,inline,correct,,false|1
c03255,A,struct,1,ret_ann,eqnullcmp,field,1,inline,correct,,true|1
c03256,A,struct,1,ret_ann,while_g,field,0,inline,correct,,5|1
c03257,A,struct,1,ret_ann,while_g,field,1,inline,correct,,NUL|1
c03258,A,struct,1,ret_ann,optchain,field,0,inline,loud_emit_reject,emitProgram: unsupported expression in return,5|1
c03259,A,struct,1,ret_ann,optchain,field,1,inline,loud_emit_reject,emitProgram: unsupported expression in return,0|1
c03260,A,struct,1,global,nenull,field,0,inline,correct,,5|1
c03261,A,struct,1,global,nenull,field,1,inline,correct,,NUL|1
c03262,A,struct,1,global,eqnull_else,field,0,inline,correct,,5|1
c03263,A,struct,1,global,eqnull_else,field,1,inline,correct,,NUL|1
c03264,A,struct,1,global,is_t,field,0,inline,correct,,5|1
c03265,A,struct,1,global,is_t,field,1,inline,correct,,NUL|1
c03266,A,struct,1,global,match_null,field,0,inline,correct,,5|1
c03267,A,struct,1,global,match_null,field,1,inline,correct,,NUL|1
c03268,A,struct,1,global,eqnullcmp,field,0,inline,correct,,false|1
c03269,A,struct,1,global,eqnullcmp,field,1,inline,correct,,true|1
c03270,A,struct,1,global,while_g,field,0,inline,correct,,5|1
c03271,A,struct,1,global,while_g,field,1,inline,correct,,NUL|1
c03272,A,struct,1,global,optchain,field,0,inline,loud_emit_reject,emitProgram: unsupported expression in return,5|1
c03273,A,struct,1,global,optchain,field,1,inline,loud_emit_reject,emitProgram: unsupported expression in return,0|1
c03274,A,struct,1,field,nenull,field,0,inline,correct,,5|1
c03275,A,struct,1,field,nenull,field,1,inline,correct,,NUL|1
c03276,A,struct,1,field,eqnull_else,field,0,inline,correct,,5|1
c03277,A,struct,1,field,eqnull_else,field,1,inline,correct,,NUL|1
c03278,A,struct,1,field,is_t,field,0,inline,correct,,5|1
c03279,A,struct,1,field,is_t,field,1,inline,correct,,NUL|1
c03280,A,struct,1,field,match_null,field,0,inline,correct,,5|1
c03281,A,struct,1,field,match_null,field,1,inline,correct,,NUL|1
c03282,A,struct,1,field,eqnullcmp,field,0,inline,correct,,false|1
c03283,A,struct,1,field,eqnullcmp,field,1,inline,correct,,true|1
c03284,A,struct,1,field,while_g,field,0,inline,correct,,5|1
c03285,A,struct,1,field,while_g,field,1,inline,correct,,NUL|1
c03286,A,struct,1,field,optchain,field,0,inline,loud_emit_reject,emitProgram: unsupported expression in return,5|1
c03287,A,struct,1,field,optchain,field,1,inline,loud_emit_reject,emitProgram: unsupported expression in return,0|1
c03288,A,struct,1,elem,nenull,field,0,inline,correct,,5|1
c03289,A,struct,1,elem,nenull,field,1,inline,correct,,NUL|1
c03290,A,struct,1,elem,eqnull_else,field,0,inline,correct,,5|1
c03291,A,struct,1,elem,eqnull_else,field,1,inline,correct,,NUL|1
c03292,A,struct,1,elem,is_t,field,0,inline,correct,,5|1
c03293,A,struct,1,elem,is_t,field,1,inline,correct,,NUL|1
c03294,A,struct,1,elem,match_null,field,0,inline,correct,,5|1
c03295,A,struct,1,elem,match_null,field,1,inline,correct,,NUL|1
c03296,A,struct,1,elem,eqnullcmp,field,0,inline,correct,,false|1
c03297,A,struct,1,elem,eqnullcmp,field,1,inline,correct,,true|1
c03298,A,struct,1,elem,while_g,field,0,inline,correct,,5|1
c03299,A,struct,1,elem,while_g,field,1,inline,correct,,NUL|1
c03300,A,struct,1,elem,optchain,field,0,inline,loud_emit_reject,emitProgram: unsupported expression in return,5|1
c03301,A,struct,1,elem,optchain,field,1,inline,loud_emit_reject,emitProgram: unsupported expression in return,0|1
c03302,A,struct,1,mapval,nenull,field,0,inline,correct,,5|1
c03303,A,struct,1,mapval,nenull,field,1,inline,correct,,NUL|1
c03304,A,struct,1,mapval,eqnull_else,field,0,inline,correct,,5|1
c03305,A,struct,1,mapval,eqnull_else,field,1,inline,correct,,NUL|1
c03306,A,struct,1,mapval,is_t,field,0,inline,correct,,5|1
c03307,A,struct,1,mapval,is_t,field,1,inline,correct,,NUL|1
c03308,A,struct,1,mapval,match_null,field,0,inline,correct,,5|1
c03309,A,struct,1,mapval,match_null,field,1,inline,correct,,NUL|1
c03310,A,struct,1,mapval,eqnullcmp,field,0,inline,correct,,false|1
c03311,A,struct,1,mapval,eqnullcmp,field,1,inline,correct,,true|1
c03312,A,struct,1,mapval,while_g,field,0,inline,correct,,5|1
c03313,A,struct,1,mapval,while_g,field,1,inline,correct,,NUL|1
c03314,A,struct,1,mapval,optchain,field,0,inline,loud_emit_reject,emitProgram: unsupported expression in return,5|1
c03315,A,struct,1,mapval,optchain,field,1,inline,loud_emit_reject,emitProgram: unsupported expression in return,0|1
c03316,A,struct,1,capture,nenull,field,0,inline,correct,,5|1
c03317,A,struct,1,capture,nenull,field,1,inline,correct,,NUL|1
c03318,A,struct,1,capture,eqnull_else,field,0,inline,correct,,5|1
c03319,A,struct,1,capture,eqnull_else,field,1,inline,correct,,NUL|1
c03320,A,struct,1,capture,is_t,field,0,inline,correct,,5|1
c03321,A,struct,1,capture,is_t,field,1,inline,correct,,NUL|1
c03322,A,struct,1,capture,match_null,field,0,inline,correct,,5|1
c03323,A,struct,1,capture,match_null,field,1,inline,correct,,NUL|1
c03324,A,struct,1,capture,eqnullcmp,field,0,inline,correct,,false|1
c03325,A,struct,1,capture,eqnullcmp,field,1,inline,correct,,true|1
c03326,A,struct,1,capture,while_g,field,0,inline,correct,,5|1
c03327,A,struct,1,capture,while_g,field,1,inline,correct,,NUL|1
c03328,A,struct,1,capture,optchain,field,0,inline,loud_emit_reject,emitProgram: unsupported expression in return,5|1
c03329,A,struct,1,capture,optchain,field,1,inline,loud_emit_reject,emitProgram: unsupported expression in return,0|1
c03330,A,struct,1,loopvar,nenull,field,0,inline,correct,,5|1
c03331,A,struct,1,loopvar,nenull,field,1,inline,correct,,NUL|1
c03332,A,struct,1,loopvar,eqnull_else,field,0,inline,correct,,5|1
c03333,A,struct,1,loopvar,eqnull_else,field,1,inline,correct,,NUL|1
c03334,A,struct,1,loopvar,is_t,field,0,inline,correct,,5|1
c03335,A,struct,1,loopvar,is_t,field,1,inline,correct,,NUL|1
c03336,A,struct,1,loopvar,match_null,field,0,inline,correct,,5|1
c03337,A,struct,1,loopvar,match_null,field,1,inline,correct,,NUL|1
c03338,A,struct,1,loopvar,eqnullcmp,field,0,inline,correct,,false|1
c03339,A,struct,1,loopvar,eqnullcmp,field,1,inline,correct,,true|1
c03340,A,struct,1,loopvar,while_g,field,0,inline,correct,,5|1
c03341,A,struct,1,loopvar,while_g,field,1,inline,correct,,NUL|1
c03342,A,struct,1,loopvar,optchain,field,0,inline,loud_emit_reject,emitProgram: unsupported expression in return,5|1
c03343,A,struct,1,loopvar,optchain,field,1,inline,loud_emit_reject,emitProgram: unsupported expression in return,0|1
c03344,A,list_i32,0,const_local,direct,len,0,inline,correct,,2|1
c03345,A,list_i32,0,const_local,direct,len,1,inline,correct,,1|1
c03346,A,list_i32,0,const_local,is_t,len,0,inline,correct,,2|1
c03347,A,list_i32,0,const_local,is_t,len,1,inline,correct,,1|1
c03348,A,list_i32,0,let_local,direct,len,0,inline,correct,,2|1
c03349,A,list_i32,0,let_local,direct,len,1,inline,correct,,1|1
c03350,A,list_i32,0,let_local,is_t,len,0,inline,correct,,2|1
c03351,A,list_i32,0,let_local,is_t,len,1,inline,correct,,1|1
c03352,A,list_i32,0,param,direct,len,0,inline,correct,,2|1
c03353,A,list_i32,0,param,direct,len,1,inline,correct,,1|1
c03354,A,list_i32,0,param,is_t,len,0,inline,correct,,2|1
c03355,A,list_i32,0,param,is_t,len,1,inline,correct,,1|1
c03356,A,list_i32,0,ret_unann,direct,len,0,inline,correct,,2|1
c03357,A,list_i32,0,ret_unann,direct,len,1,inline,correct,,1|1
c03358,A,list_i32,0,ret_unann,is_t,len,0,inline,correct,,2|1
c03359,A,list_i32,0,ret_unann,is_t,len,1,inline,correct,,1|1
c03360,A,list_i32,0,ret_ann,direct,len,0,inline,correct,,2|1
c03361,A,list_i32,0,ret_ann,direct,len,1,inline,correct,,1|1
c03362,A,list_i32,0,ret_ann,is_t,len,0,inline,correct,,2|1
c03363,A,list_i32,0,ret_ann,is_t,len,1,inline,correct,,1|1
c03364,A,list_i32,0,global,direct,len,0,inline,correct,,2|1
c03365,A,list_i32,0,global,direct,len,1,inline,correct,,1|1
c03366,A,list_i32,0,global,is_t,len,0,inline,correct,,2|1
c03367,A,list_i32,0,global,is_t,len,1,inline,correct,,1|1
c03368,A,list_i32,0,field,direct,len,0,inline,correct,,2|1
c03369,A,list_i32,0,field,direct,len,1,inline,correct,,1|1
c03370,A,list_i32,0,field,is_t,len,0,inline,correct,,2|1
c03371,A,list_i32,0,field,is_t,len,1,inline,correct,,1|1
c03372,A,list_i32,0,elem,direct,len,0,inline,correct,,2|1
c03373,A,list_i32,0,elem,direct,len,1,inline,correct,,1|1
c03374,A,list_i32,0,elem,is_t,len,0,inline,correct,,2|1
c03375,A,list_i32,0,elem,is_t,len,1,inline,correct,,1|1
c03376,A,list_i32,0,mapval,direct,len,0,inline,loud_check_reject,[ERROR]: member access '.length' on non-object i32[]?,2|1
c03377,A,list_i32,0,mapval,direct,len,1,inline,loud_check_reject,[ERROR]: member access '.length' on non-object i32[]?,1|1
c03378,A,list_i32,0,mapval,is_t,len,0,inline,correct,,2|1
c03379,A,list_i32,0,mapval,is_t,len,1,inline,correct,,1|1
c03380,A,list_i32,0,capture,direct,len,0,inline,correct,,2|1
c03381,A,list_i32,0,capture,direct,len,1,inline,correct,,1|1
c03382,A,list_i32,0,capture,is_t,len,0,inline,correct,,2|1
c03383,A,list_i32,0,capture,is_t,len,1,inline,correct,,1|1
c03384,A,list_i32,0,loopvar,direct,len,0,inline,correct,,2|1
c03385,A,list_i32,0,loopvar,direct,len,1,inline,correct,,1|1
c03386,A,list_i32,0,loopvar,is_t,len,0,inline,correct,,2|1
c03387,A,list_i32,0,loopvar,is_t,len,1,inline,correct,,1|1
c03388,A,list_i32,1,const_local,nenull,len,0,inline,correct,,2|1
c03389,A,list_i32,1,const_local,nenull,len,1,inline,correct,,NUL|1
c03390,A,list_i32,1,const_local,eqnull_else,len,0,inline,correct,,2|1
c03391,A,list_i32,1,const_local,eqnull_else,len,1,inline,correct,,NUL|1
c03392,A,list_i32,1,const_local,is_t,len,0,inline,correct,,2|1
c03393,A,list_i32,1,const_local,is_t,len,1,inline,correct,,NUL|1
c03394,A,list_i32,1,const_local,match_null,len,0,inline,correct,,2|1
c03395,A,list_i32,1,const_local,match_null,len,1,inline,correct,,NUL|1
c03396,A,list_i32,1,const_local,eqnullcmp,len,0,inline,correct,,false|1
c03397,A,list_i32,1,const_local,eqnullcmp,len,1,inline,correct,,true|1
c03398,A,list_i32,1,const_local,while_g,len,0,inline,correct,,2|1
c03399,A,list_i32,1,const_local,while_g,len,1,inline,correct,,NUL|1
c03400,A,list_i32,1,const_local,optchain,len,0,inline,loud_check_reject,[ERROR]: member access '?.length' on non-object i32[]?,2|1
c03401,A,list_i32,1,const_local,optchain,len,1,inline,loud_check_reject,[ERROR]: member access '?.length' on non-object i32[]?,0|1
c03402,A,list_i32,1,let_local,nenull,len,0,inline,correct,,2|1
c03403,A,list_i32,1,let_local,nenull,len,1,inline,correct,,NUL|1
c03404,A,list_i32,1,let_local,eqnull_else,len,0,inline,correct,,2|1
c03405,A,list_i32,1,let_local,eqnull_else,len,1,inline,correct,,NUL|1
c03406,A,list_i32,1,let_local,is_t,len,0,inline,correct,,2|1
c03407,A,list_i32,1,let_local,is_t,len,1,inline,correct,,NUL|1
c03408,A,list_i32,1,let_local,match_null,len,0,inline,correct,,2|1
c03409,A,list_i32,1,let_local,match_null,len,1,inline,correct,,NUL|1
c03410,A,list_i32,1,let_local,eqnullcmp,len,0,inline,correct,,false|1
c03411,A,list_i32,1,let_local,eqnullcmp,len,1,inline,correct,,true|1
c03412,A,list_i32,1,let_local,while_g,len,0,inline,correct,,2|1
c03413,A,list_i32,1,let_local,while_g,len,1,inline,correct,,NUL|1
c03414,A,list_i32,1,let_local,optchain,len,0,inline,loud_check_reject,[ERROR]: member access '?.length' on non-object i32[]?,2|1
c03415,A,list_i32,1,let_local,optchain,len,1,inline,loud_check_reject,[ERROR]: member access '?.length' on non-object i32[]?,0|1
c03416,A,list_i32,1,param,nenull,len,0,inline,correct,,2|1
c03417,A,list_i32,1,param,nenull,len,1,inline,correct,,NUL|1
c03418,A,list_i32,1,param,eqnull_else,len,0,inline,correct,,2|1
c03419,A,list_i32,1,param,eqnull_else,len,1,inline,correct,,NUL|1
c03420,A,list_i32,1,param,is_t,len,0,inline,correct,,2|1
c03421,A,list_i32,1,param,is_t,len,1,inline,correct,,NUL|1
c03422,A,list_i32,1,param,match_null,len,0,inline,correct,,2|1
c03423,A,list_i32,1,param,match_null,len,1,inline,correct,,NUL|1
c03424,A,list_i32,1,param,eqnullcmp,len,0,inline,correct,,false|1
c03425,A,list_i32,1,param,eqnullcmp,len,1,inline,correct,,true|1
c03426,A,list_i32,1,param,while_g,len,0,inline,correct,,2|1
c03427,A,list_i32,1,param,while_g,len,1,inline,correct,,NUL|1
c03428,A,list_i32,1,param,optchain,len,0,inline,loud_check_reject,[ERROR]: member access '?.length' on non-object i32[]?,2|1
c03429,A,list_i32,1,param,optchain,len,1,inline,loud_check_reject,[ERROR]: member access '?.length' on non-object i32[]?,0|1
c03430,A,list_i32,1,ret_unann,nenull,len,0,inline,correct,,2|1
c03431,A,list_i32,1,ret_unann,nenull,len,1,inline,correct,,NUL|1
c03432,A,list_i32,1,ret_unann,eqnull_else,len,0,inline,correct,,2|1
c03433,A,list_i32,1,ret_unann,eqnull_else,len,1,inline,correct,,NUL|1
c03434,A,list_i32,1,ret_unann,is_t,len,0,inline,correct,,2|1
c03435,A,list_i32,1,ret_unann,is_t,len,1,inline,correct,,NUL|1
c03436,A,list_i32,1,ret_unann,match_null,len,0,inline,correct,,2|1
c03437,A,list_i32,1,ret_unann,match_null,len,1,inline,correct,,NUL|1
c03438,A,list_i32,1,ret_unann,eqnullcmp,len,0,inline,correct,,false|1
c03439,A,list_i32,1,ret_unann,eqnullcmp,len,1,inline,correct,,true|1
c03440,A,list_i32,1,ret_unann,while_g,len,0,inline,correct,,2|1
c03441,A,list_i32,1,ret_unann,while_g,len,1,inline,correct,,NUL|1
c03442,A,list_i32,1,ret_unann,optchain,len,0,inline,loud_check_reject,[ERROR]: member access '?.length' on non-object i32[]?,2|1
c03443,A,list_i32,1,ret_unann,optchain,len,1,inline,loud_check_reject,[ERROR]: member access '?.length' on non-object i32[]?,0|1
c03444,A,list_i32,1,ret_ann,nenull,len,0,inline,correct,,2|1
c03445,A,list_i32,1,ret_ann,nenull,len,1,inline,correct,,NUL|1
c03446,A,list_i32,1,ret_ann,eqnull_else,len,0,inline,correct,,2|1
c03447,A,list_i32,1,ret_ann,eqnull_else,len,1,inline,correct,,NUL|1
c03448,A,list_i32,1,ret_ann,is_t,len,0,inline,correct,,2|1
c03449,A,list_i32,1,ret_ann,is_t,len,1,inline,correct,,NUL|1
c03450,A,list_i32,1,ret_ann,match_null,len,0,inline,correct,,2|1
c03451,A,list_i32,1,ret_ann,match_null,len,1,inline,correct,,NUL|1
c03452,A,list_i32,1,ret_ann,eqnullcmp,len,0,inline,correct,,false|1
c03453,A,list_i32,1,ret_ann,eqnullcmp,len,1,inline,correct,,true|1
c03454,A,list_i32,1,ret_ann,while_g,len,0,inline,correct,,2|1
c03455,A,list_i32,1,ret_ann,while_g,len,1,inline,correct,,NUL|1
c03456,A,list_i32,1,ret_ann,optchain,len,0,inline,loud_check_reject,[ERROR]: member access '?.length' on non-object i32[]?,2|1
c03457,A,list_i32,1,ret_ann,optchain,len,1,inline,loud_check_reject,[ERROR]: member access '?.length' on non-object i32[]?,0|1
c03458,A,list_i32,1,global,nenull,len,0,inline,correct,,2|1
c03459,A,list_i32,1,global,nenull,len,1,inline,correct,,NUL|1
c03460,A,list_i32,1,global,eqnull_else,len,0,inline,correct,,2|1
c03461,A,list_i32,1,global,eqnull_else,len,1,inline,correct,,NUL|1
c03462,A,list_i32,1,global,is_t,len,0,inline,correct,,2|1
c03463,A,list_i32,1,global,is_t,len,1,inline,correct,,NUL|1
c03464,A,list_i32,1,global,match_null,len,0,inline,correct,,2|1
c03465,A,list_i32,1,global,match_null,len,1,inline,correct,,NUL|1
c03466,A,list_i32,1,global,eqnullcmp,len,0,inline,correct,,false|1
c03467,A,list_i32,1,global,eqnullcmp,len,1,inline,correct,,true|1
c03468,A,list_i32,1,global,while_g,len,0,inline,correct,,2|1
c03469,A,list_i32,1,global,while_g,len,1,inline,correct,,NUL|1
c03470,A,list_i32,1,global,optchain,len,0,inline,loud_check_reject,[ERROR]: member access '?.length' on non-object i32[]?,2|1
c03471,A,list_i32,1,global,optchain,len,1,inline,loud_check_reject,[ERROR]: member access '?.length' on non-object i32[]?,0|1
c03472,A,list_i32,1,field,nenull,len,0,inline,correct,,2|1
c03473,A,list_i32,1,field,nenull,len,1,inline,correct,,NUL|1
c03474,A,list_i32,1,field,eqnull_else,len,0,inline,correct,,2|1
c03475,A,list_i32,1,field,eqnull_else,len,1,inline,correct,,NUL|1
c03476,A,list_i32,1,field,is_t,len,0,inline,correct,,2|1
c03477,A,list_i32,1,field,is_t,len,1,inline,correct,,NUL|1
c03478,A,list_i32,1,field,match_null,len,0,inline,correct,,2|1
c03479,A,list_i32,1,field,match_null,len,1,inline,correct,,NUL|1
c03480,A,list_i32,1,field,eqnullcmp,len,0,inline,correct,,false|1
c03481,A,list_i32,1,field,eqnullcmp,len,1,inline,correct,,true|1
c03482,A,list_i32,1,field,while_g,len,0,inline,correct,,2|1
c03483,A,list_i32,1,field,while_g,len,1,inline,correct,,NUL|1
c03484,A,list_i32,1,field,optchain,len,0,inline,loud_check_reject,[ERROR]: member access '?.length' on non-object i32[]?,2|1
c03485,A,list_i32,1,field,optchain,len,1,inline,loud_check_reject,[ERROR]: member access '?.length' on non-object i32[]?,0|1
c03486,A,list_i32,1,elem,nenull,len,0,inline,correct,,2|1
c03487,A,list_i32,1,elem,nenull,len,1,inline,correct,,NUL|1
c03488,A,list_i32,1,elem,eqnull_else,len,0,inline,correct,,2|1
c03489,A,list_i32,1,elem,eqnull_else,len,1,inline,correct,,NUL|1
c03490,A,list_i32,1,elem,is_t,len,0,inline,correct,,2|1
c03491,A,list_i32,1,elem,is_t,len,1,inline,correct,,NUL|1
c03492,A,list_i32,1,elem,match_null,len,0,inline,correct,,2|1
c03493,A,list_i32,1,elem,match_null,len,1,inline,correct,,NUL|1
c03494,A,list_i32,1,elem,eqnullcmp,len,0,inline,correct,,false|1
c03495,A,list_i32,1,elem,eqnullcmp,len,1,inline,correct,,true|1
c03496,A,list_i32,1,elem,while_g,len,0,inline,correct,,2|1
c03497,A,list_i32,1,elem,while_g,len,1,inline,correct,,NUL|1
c03498,A,list_i32,1,elem,optchain,len,0,inline,loud_check_reject,[ERROR]: member access '?.length' on non-object i32[]?,2|1
c03499,A,list_i32,1,elem,optchain,len,1,inline,loud_check_reject,[ERROR]: member access '?.length' on non-object i32[]?,0|1
c03500,A,list_i32,1,mapval,nenull,len,0,inline,loud_emit_reject,"emitProgram: unsupported map value type (no rep for a union-member struct, a nullable list, or a nullable litunion-result closure; any other value type here interned no mv slot)",2|1
c03501,A,list_i32,1,mapval,nenull,len,1,inline,loud_emit_reject,"emitProgram: unsupported map value type (no rep for a union-member struct, a nullable list, or a nullable litunion-result closure; any other value type here interned no mv slot)",NUL|1
c03502,A,list_i32,1,mapval,eqnull_else,len,0,inline,loud_emit_reject,"emitProgram: unsupported map value type (no rep for a union-member struct, a nullable list, or a nullable litunion-result closure; any other value type here interned no mv slot)",2|1
c03503,A,list_i32,1,mapval,eqnull_else,len,1,inline,loud_emit_reject,"emitProgram: unsupported map value type (no rep for a union-member struct, a nullable list, or a nullable litunion-result closure; any other value type here interned no mv slot)",NUL|1
c03504,A,list_i32,1,mapval,is_t,len,0,inline,loud_emit_reject,"emitProgram: unsupported map value type (no rep for a union-member struct, a nullable list, or a nullable litunion-result closure; any other value type here interned no mv slot)",2|1
c03505,A,list_i32,1,mapval,is_t,len,1,inline,loud_emit_reject,"emitProgram: unsupported map value type (no rep for a union-member struct, a nullable list, or a nullable litunion-result closure; any other value type here interned no mv slot)",NUL|1
c03506,A,list_i32,1,mapval,match_null,len,0,inline,loud_emit_reject,"emitProgram: unsupported map value type (no rep for a union-member struct, a nullable list, or a nullable litunion-result closure; any other value type here interned no mv slot)",2|1
c03507,A,list_i32,1,mapval,match_null,len,1,inline,loud_emit_reject,"emitProgram: unsupported map value type (no rep for a union-member struct, a nullable list, or a nullable litunion-result closure; any other value type here interned no mv slot)",NUL|1
c03508,A,list_i32,1,mapval,eqnullcmp,len,0,inline,loud_emit_reject,"emitProgram: unsupported map value type (no rep for a union-member struct, a nullable list, or a nullable litunion-result closure; any other value type here interned no mv slot)",false|1
c03509,A,list_i32,1,mapval,eqnullcmp,len,1,inline,loud_emit_reject,"emitProgram: unsupported map value type (no rep for a union-member struct, a nullable list, or a nullable litunion-result closure; any other value type here interned no mv slot)",true|1
c03510,A,list_i32,1,mapval,while_g,len,0,inline,loud_emit_reject,"emitProgram: unsupported map value type (no rep for a union-member struct, a nullable list, or a nullable litunion-result closure; any other value type here interned no mv slot)",2|1
c03511,A,list_i32,1,mapval,while_g,len,1,inline,loud_emit_reject,"emitProgram: unsupported map value type (no rep for a union-member struct, a nullable list, or a nullable litunion-result closure; any other value type here interned no mv slot)",NUL|1
c03512,A,list_i32,1,mapval,optchain,len,0,inline,loud_check_reject,[ERROR]: member access '?.length' on non-object i32[]??,2|1
c03513,A,list_i32,1,mapval,optchain,len,1,inline,loud_check_reject,[ERROR]: member access '?.length' on non-object i32[]??,0|1
c03514,A,list_i32,1,capture,nenull,len,0,inline,correct,,2|1
c03515,A,list_i32,1,capture,nenull,len,1,inline,correct,,NUL|1
c03516,A,list_i32,1,capture,eqnull_else,len,0,inline,correct,,2|1
c03517,A,list_i32,1,capture,eqnull_else,len,1,inline,correct,,NUL|1
c03518,A,list_i32,1,capture,is_t,len,0,inline,correct,,2|1
c03519,A,list_i32,1,capture,is_t,len,1,inline,correct,,NUL|1
c03520,A,list_i32,1,capture,match_null,len,0,inline,correct,,2|1
c03521,A,list_i32,1,capture,match_null,len,1,inline,correct,,NUL|1
c03522,A,list_i32,1,capture,eqnullcmp,len,0,inline,correct,,false|1
c03523,A,list_i32,1,capture,eqnullcmp,len,1,inline,correct,,true|1
c03524,A,list_i32,1,capture,while_g,len,0,inline,correct,,2|1
c03525,A,list_i32,1,capture,while_g,len,1,inline,correct,,NUL|1
c03526,A,list_i32,1,capture,optchain,len,0,inline,loud_check_reject,[ERROR]: member access '?.length' on non-object i32[]?,2|1
c03527,A,list_i32,1,capture,optchain,len,1,inline,loud_check_reject,[ERROR]: member access '?.length' on non-object i32[]?,0|1
c03528,A,list_i32,1,loopvar,nenull,len,0,inline,correct,,2|1
c03529,A,list_i32,1,loopvar,nenull,len,1,inline,correct,,NUL|1
c03530,A,list_i32,1,loopvar,eqnull_else,len,0,inline,correct,,2|1
c03531,A,list_i32,1,loopvar,eqnull_else,len,1,inline,correct,,NUL|1
c03532,A,list_i32,1,loopvar,is_t,len,0,inline,correct,,2|1
c03533,A,list_i32,1,loopvar,is_t,len,1,inline,correct,,NUL|1
c03534,A,list_i32,1,loopvar,match_null,len,0,inline,correct,,2|1
c03535,A,list_i32,1,loopvar,match_null,len,1,inline,correct,,NUL|1
c03536,A,list_i32,1,loopvar,eqnullcmp,len,0,inline,correct,,false|1
c03537,A,list_i32,1,loopvar,eqnullcmp,len,1,inline,correct,,true|1
c03538,A,list_i32,1,loopvar,while_g,len,0,inline,correct,,2|1
c03539,A,list_i32,1,loopvar,while_g,len,1,inline,correct,,NUL|1
c03540,A,list_i32,1,loopvar,optchain,len,0,inline,loud_check_reject,[ERROR]: member access '?.length' on non-object i32[]?,2|1
c03541,A,list_i32,1,loopvar,optchain,len,1,inline,loud_check_reject,[ERROR]: member access '?.length' on non-object i32[]?,0|1
c03542,A,list_str,0,const_local,direct,len,0,inline,correct,,2|1
c03543,A,list_str,0,const_local,direct,len,1,inline,correct,,1|1
c03544,A,list_str,0,const_local,is_t,len,0,inline,correct,,2|1
c03545,A,list_str,0,const_local,is_t,len,1,inline,correct,,1|1
c03546,A,list_str,0,let_local,direct,len,0,inline,correct,,2|1
c03547,A,list_str,0,let_local,direct,len,1,inline,correct,,1|1
c03548,A,list_str,0,let_local,is_t,len,0,inline,correct,,2|1
c03549,A,list_str,0,let_local,is_t,len,1,inline,correct,,1|1
c03550,A,list_str,0,param,direct,len,0,inline,correct,,2|1
c03551,A,list_str,0,param,direct,len,1,inline,correct,,1|1
c03552,A,list_str,0,param,is_t,len,0,inline,correct,,2|1
c03553,A,list_str,0,param,is_t,len,1,inline,correct,,1|1
c03554,A,list_str,0,ret_unann,direct,len,0,inline,correct,,2|1
c03555,A,list_str,0,ret_unann,direct,len,1,inline,correct,,1|1
c03556,A,list_str,0,ret_unann,is_t,len,0,inline,correct,,2|1
c03557,A,list_str,0,ret_unann,is_t,len,1,inline,correct,,1|1
c03558,A,list_str,0,ret_ann,direct,len,0,inline,correct,,2|1
c03559,A,list_str,0,ret_ann,direct,len,1,inline,correct,,1|1
c03560,A,list_str,0,ret_ann,is_t,len,0,inline,correct,,2|1
c03561,A,list_str,0,ret_ann,is_t,len,1,inline,correct,,1|1
c03562,A,list_str,0,global,direct,len,0,inline,correct,,2|1
c03563,A,list_str,0,global,direct,len,1,inline,correct,,1|1
c03564,A,list_str,0,global,is_t,len,0,inline,correct,,2|1
c03565,A,list_str,0,global,is_t,len,1,inline,correct,,1|1
c03566,A,list_str,0,field,direct,len,0,inline,correct,,2|1
c03567,A,list_str,0,field,direct,len,1,inline,correct,,1|1
c03568,A,list_str,0,field,is_t,len,0,inline,correct,,2|1
c03569,A,list_str,0,field,is_t,len,1,inline,correct,,1|1
c03570,A,list_str,0,elem,direct,len,0,inline,correct,,2|1
c03571,A,list_str,0,elem,direct,len,1,inline,correct,,1|1
c03572,A,list_str,0,elem,is_t,len,0,inline,correct,,2|1
c03573,A,list_str,0,elem,is_t,len,1,inline,correct,,1|1
c03574,A,list_str,0,mapval,direct,len,0,inline,loud_check_reject,[ERROR]: member access '.length' on non-object string[]?,2|1
c03575,A,list_str,0,mapval,direct,len,1,inline,loud_check_reject,[ERROR]: member access '.length' on non-object string[]?,1|1
c03576,A,list_str,0,mapval,is_t,len,0,inline,correct,,2|1
c03577,A,list_str,0,mapval,is_t,len,1,inline,correct,,1|1
c03578,A,list_str,0,capture,direct,len,0,inline,correct,,2|1
c03579,A,list_str,0,capture,direct,len,1,inline,correct,,1|1
c03580,A,list_str,0,capture,is_t,len,0,inline,correct,,2|1
c03581,A,list_str,0,capture,is_t,len,1,inline,correct,,1|1
c03582,A,list_str,0,loopvar,direct,len,0,inline,correct,,2|1
c03583,A,list_str,0,loopvar,direct,len,1,inline,correct,,1|1
c03584,A,list_str,0,loopvar,is_t,len,0,inline,correct,,2|1
c03585,A,list_str,0,loopvar,is_t,len,1,inline,correct,,1|1
c03586,A,list_str,1,const_local,nenull,len,0,inline,correct,,2|1
c03587,A,list_str,1,const_local,nenull,len,1,inline,correct,,NUL|1
c03588,A,list_str,1,const_local,eqnull_else,len,0,inline,correct,,2|1
c03589,A,list_str,1,const_local,eqnull_else,len,1,inline,correct,,NUL|1
c03590,A,list_str,1,const_local,is_t,len,0,inline,correct,,2|1
c03591,A,list_str,1,const_local,is_t,len,1,inline,correct,,NUL|1
c03592,A,list_str,1,const_local,match_null,len,0,inline,correct,,2|1
c03593,A,list_str,1,const_local,match_null,len,1,inline,correct,,NUL|1
c03594,A,list_str,1,const_local,eqnullcmp,len,0,inline,correct,,false|1
c03595,A,list_str,1,const_local,eqnullcmp,len,1,inline,correct,,true|1
c03596,A,list_str,1,const_local,while_g,len,0,inline,correct,,2|1
c03597,A,list_str,1,const_local,while_g,len,1,inline,correct,,NUL|1
c03598,A,list_str,1,const_local,optchain,len,0,inline,loud_check_reject,[ERROR]: member access '?.length' on non-object string[]?,2|1
c03599,A,list_str,1,const_local,optchain,len,1,inline,loud_check_reject,[ERROR]: member access '?.length' on non-object string[]?,0|1
c03600,A,list_str,1,let_local,nenull,len,0,inline,correct,,2|1
c03601,A,list_str,1,let_local,nenull,len,1,inline,correct,,NUL|1
c03602,A,list_str,1,let_local,eqnull_else,len,0,inline,correct,,2|1
c03603,A,list_str,1,let_local,eqnull_else,len,1,inline,correct,,NUL|1
c03604,A,list_str,1,let_local,is_t,len,0,inline,correct,,2|1
c03605,A,list_str,1,let_local,is_t,len,1,inline,correct,,NUL|1
c03606,A,list_str,1,let_local,match_null,len,0,inline,correct,,2|1
c03607,A,list_str,1,let_local,match_null,len,1,inline,correct,,NUL|1
c03608,A,list_str,1,let_local,eqnullcmp,len,0,inline,correct,,false|1
c03609,A,list_str,1,let_local,eqnullcmp,len,1,inline,correct,,true|1
c03610,A,list_str,1,let_local,while_g,len,0,inline,correct,,2|1
c03611,A,list_str,1,let_local,while_g,len,1,inline,correct,,NUL|1
c03612,A,list_str,1,let_local,optchain,len,0,inline,loud_check_reject,[ERROR]: member access '?.length' on non-object string[]?,2|1
c03613,A,list_str,1,let_local,optchain,len,1,inline,loud_check_reject,[ERROR]: member access '?.length' on non-object string[]?,0|1
c03614,A,list_str,1,param,nenull,len,0,inline,correct,,2|1
c03615,A,list_str,1,param,nenull,len,1,inline,correct,,NUL|1
c03616,A,list_str,1,param,eqnull_else,len,0,inline,correct,,2|1
c03617,A,list_str,1,param,eqnull_else,len,1,inline,correct,,NUL|1
c03618,A,list_str,1,param,is_t,len,0,inline,correct,,2|1
c03619,A,list_str,1,param,is_t,len,1,inline,correct,,NUL|1
c03620,A,list_str,1,param,match_null,len,0,inline,correct,,2|1
c03621,A,list_str,1,param,match_null,len,1,inline,correct,,NUL|1
c03622,A,list_str,1,param,eqnullcmp,len,0,inline,correct,,false|1
c03623,A,list_str,1,param,eqnullcmp,len,1,inline,correct,,true|1
c03624,A,list_str,1,param,while_g,len,0,inline,correct,,2|1
c03625,A,list_str,1,param,while_g,len,1,inline,correct,,NUL|1
c03626,A,list_str,1,param,optchain,len,0,inline,loud_check_reject,[ERROR]: member access '?.length' on non-object string[]?,2|1
c03627,A,list_str,1,param,optchain,len,1,inline,loud_check_reject,[ERROR]: member access '?.length' on non-object string[]?,0|1
c03628,A,list_str,1,ret_unann,nenull,len,0,inline,correct,,2|1
c03629,A,list_str,1,ret_unann,nenull,len,1,inline,correct,,NUL|1
c03630,A,list_str,1,ret_unann,eqnull_else,len,0,inline,correct,,2|1
c03631,A,list_str,1,ret_unann,eqnull_else,len,1,inline,correct,,NUL|1
c03632,A,list_str,1,ret_unann,is_t,len,0,inline,correct,,2|1
c03633,A,list_str,1,ret_unann,is_t,len,1,inline,correct,,NUL|1
c03634,A,list_str,1,ret_unann,match_null,len,0,inline,correct,,2|1
c03635,A,list_str,1,ret_unann,match_null,len,1,inline,correct,,NUL|1
c03636,A,list_str,1,ret_unann,eqnullcmp,len,0,inline,correct,,false|1
c03637,A,list_str,1,ret_unann,eqnullcmp,len,1,inline,correct,,true|1
c03638,A,list_str,1,ret_unann,while_g,len,0,inline,correct,,2|1
c03639,A,list_str,1,ret_unann,while_g,len,1,inline,correct,,NUL|1
c03640,A,list_str,1,ret_unann,optchain,len,0,inline,loud_check_reject,[ERROR]: member access '?.length' on non-object string[]?,2|1
c03641,A,list_str,1,ret_unann,optchain,len,1,inline,loud_check_reject,[ERROR]: member access '?.length' on non-object string[]?,0|1
c03642,A,list_str,1,ret_ann,nenull,len,0,inline,correct,,2|1
c03643,A,list_str,1,ret_ann,nenull,len,1,inline,correct,,NUL|1
c03644,A,list_str,1,ret_ann,eqnull_else,len,0,inline,correct,,2|1
c03645,A,list_str,1,ret_ann,eqnull_else,len,1,inline,correct,,NUL|1
c03646,A,list_str,1,ret_ann,is_t,len,0,inline,correct,,2|1
c03647,A,list_str,1,ret_ann,is_t,len,1,inline,correct,,NUL|1
c03648,A,list_str,1,ret_ann,match_null,len,0,inline,correct,,2|1
c03649,A,list_str,1,ret_ann,match_null,len,1,inline,correct,,NUL|1
c03650,A,list_str,1,ret_ann,eqnullcmp,len,0,inline,correct,,false|1
c03651,A,list_str,1,ret_ann,eqnullcmp,len,1,inline,correct,,true|1
c03652,A,list_str,1,ret_ann,while_g,len,0,inline,correct,,2|1
c03653,A,list_str,1,ret_ann,while_g,len,1,inline,correct,,NUL|1
c03654,A,list_str,1,ret_ann,optchain,len,0,inline,loud_check_reject,[ERROR]: member access '?.length' on non-object string[]?,2|1
c03655,A,list_str,1,ret_ann,optchain,len,1,inline,loud_check_reject,[ERROR]: member access '?.length' on non-object string[]?,0|1
c03656,A,list_str,1,global,nenull,len,0,inline,correct,,2|1
c03657,A,list_str,1,global,nenull,len,1,inline,correct,,NUL|1
c03658,A,list_str,1,global,eqnull_else,len,0,inline,correct,,2|1
c03659,A,list_str,1,global,eqnull_else,len,1,inline,correct,,NUL|1
c03660,A,list_str,1,global,is_t,len,0,inline,correct,,2|1
c03661,A,list_str,1,global,is_t,len,1,inline,correct,,NUL|1
c03662,A,list_str,1,global,match_null,len,0,inline,correct,,2|1
c03663,A,list_str,1,global,match_null,len,1,inline,correct,,NUL|1
c03664,A,list_str,1,global,eqnullcmp,len,0,inline,correct,,false|1
c03665,A,list_str,1,global,eqnullcmp,len,1,inline,correct,,true|1
c03666,A,list_str,1,global,while_g,len,0,inline,correct,,2|1
c03667,A,list_str,1,global,while_g,len,1,inline,correct,,NUL|1
c03668,A,list_str,1,global,optchain,len,0,inline,loud_check_reject,[ERROR]: member access '?.length' on non-object string[]?,2|1
c03669,A,list_str,1,global,optchain,len,1,inline,loud_check_reject,[ERROR]: member access '?.length' on non-object string[]?,0|1
c03670,A,list_str,1,field,nenull,len,0,inline,correct,,2|1
c03671,A,list_str,1,field,nenull,len,1,inline,correct,,NUL|1
c03672,A,list_str,1,field,eqnull_else,len,0,inline,correct,,2|1
c03673,A,list_str,1,field,eqnull_else,len,1,inline,correct,,NUL|1
c03674,A,list_str,1,field,is_t,len,0,inline,correct,,2|1
c03675,A,list_str,1,field,is_t,len,1,inline,correct,,NUL|1
c03676,A,list_str,1,field,match_null,len,0,inline,correct,,2|1
c03677,A,list_str,1,field,match_null,len,1,inline,correct,,NUL|1
c03678,A,list_str,1,field,eqnullcmp,len,0,inline,correct,,false|1
c03679,A,list_str,1,field,eqnullcmp,len,1,inline,correct,,true|1
c03680,A,list_str,1,field,while_g,len,0,inline,correct,,2|1
c03681,A,list_str,1,field,while_g,len,1,inline,correct,,NUL|1
c03682,A,list_str,1,field,optchain,len,0,inline,loud_check_reject,[ERROR]: member access '?.length' on non-object string[]?,2|1
c03683,A,list_str,1,field,optchain,len,1,inline,loud_check_reject,[ERROR]: member access '?.length' on non-object string[]?,0|1
c03684,A,list_str,1,elem,nenull,len,0,inline,correct,,2|1
c03685,A,list_str,1,elem,nenull,len,1,inline,correct,,NUL|1
c03686,A,list_str,1,elem,eqnull_else,len,0,inline,correct,,2|1
c03687,A,list_str,1,elem,eqnull_else,len,1,inline,correct,,NUL|1
c03688,A,list_str,1,elem,is_t,len,0,inline,correct,,2|1
c03689,A,list_str,1,elem,is_t,len,1,inline,correct,,NUL|1
c03690,A,list_str,1,elem,match_null,len,0,inline,correct,,2|1
c03691,A,list_str,1,elem,match_null,len,1,inline,correct,,NUL|1
c03692,A,list_str,1,elem,eqnullcmp,len,0,inline,correct,,false|1
c03693,A,list_str,1,elem,eqnullcmp,len,1,inline,correct,,true|1
c03694,A,list_str,1,elem,while_g,len,0,inline,correct,,2|1
c03695,A,list_str,1,elem,while_g,len,1,inline,correct,,NUL|1
c03696,A,list_str,1,elem,optchain,len,0,inline,loud_check_reject,[ERROR]: member access '?.length' on non-object string[]?,2|1
c03697,A,list_str,1,elem,optchain,len,1,inline,loud_check_reject,[ERROR]: member access '?.length' on non-object string[]?,0|1
c03698,A,list_str,1,mapval,nenull,len,0,inline,loud_emit_reject,"emitProgram: unsupported map value type (no rep for a union-member struct, a nullable list, or a nullable litunion-result closure; any other value type here interned no mv slot)",2|1
c03699,A,list_str,1,mapval,nenull,len,1,inline,loud_emit_reject,"emitProgram: unsupported map value type (no rep for a union-member struct, a nullable list, or a nullable litunion-result closure; any other value type here interned no mv slot)",NUL|1
c03700,A,list_str,1,mapval,eqnull_else,len,0,inline,loud_emit_reject,"emitProgram: unsupported map value type (no rep for a union-member struct, a nullable list, or a nullable litunion-result closure; any other value type here interned no mv slot)",2|1
c03701,A,list_str,1,mapval,eqnull_else,len,1,inline,loud_emit_reject,"emitProgram: unsupported map value type (no rep for a union-member struct, a nullable list, or a nullable litunion-result closure; any other value type here interned no mv slot)",NUL|1
c03702,A,list_str,1,mapval,is_t,len,0,inline,loud_emit_reject,"emitProgram: unsupported map value type (no rep for a union-member struct, a nullable list, or a nullable litunion-result closure; any other value type here interned no mv slot)",2|1
c03703,A,list_str,1,mapval,is_t,len,1,inline,loud_emit_reject,"emitProgram: unsupported map value type (no rep for a union-member struct, a nullable list, or a nullable litunion-result closure; any other value type here interned no mv slot)",NUL|1
c03704,A,list_str,1,mapval,match_null,len,0,inline,loud_emit_reject,"emitProgram: unsupported map value type (no rep for a union-member struct, a nullable list, or a nullable litunion-result closure; any other value type here interned no mv slot)",2|1
c03705,A,list_str,1,mapval,match_null,len,1,inline,loud_emit_reject,"emitProgram: unsupported map value type (no rep for a union-member struct, a nullable list, or a nullable litunion-result closure; any other value type here interned no mv slot)",NUL|1
c03706,A,list_str,1,mapval,eqnullcmp,len,0,inline,loud_emit_reject,"emitProgram: unsupported map value type (no rep for a union-member struct, a nullable list, or a nullable litunion-result closure; any other value type here interned no mv slot)",false|1
c03707,A,list_str,1,mapval,eqnullcmp,len,1,inline,loud_emit_reject,"emitProgram: unsupported map value type (no rep for a union-member struct, a nullable list, or a nullable litunion-result closure; any other value type here interned no mv slot)",true|1
c03708,A,list_str,1,mapval,while_g,len,0,inline,loud_emit_reject,"emitProgram: unsupported map value type (no rep for a union-member struct, a nullable list, or a nullable litunion-result closure; any other value type here interned no mv slot)",2|1
c03709,A,list_str,1,mapval,while_g,len,1,inline,loud_emit_reject,"emitProgram: unsupported map value type (no rep for a union-member struct, a nullable list, or a nullable litunion-result closure; any other value type here interned no mv slot)",NUL|1
c03710,A,list_str,1,mapval,optchain,len,0,inline,loud_check_reject,[ERROR]: member access '?.length' on non-object string[]??,2|1
c03711,A,list_str,1,mapval,optchain,len,1,inline,loud_check_reject,[ERROR]: member access '?.length' on non-object string[]??,0|1
c03712,A,list_str,1,capture,nenull,len,0,inline,loud_emit_reject,emitProgram: bare null needs a struct-typed context,2|1
c03713,A,list_str,1,capture,nenull,len,1,inline,loud_emit_reject,emitProgram: bare null needs a struct-typed context,NUL|1
c03714,A,list_str,1,capture,eqnull_else,len,0,inline,loud_emit_reject,emitProgram: bare null needs a struct-typed context,2|1
c03715,A,list_str,1,capture,eqnull_else,len,1,inline,loud_emit_reject,emitProgram: bare null needs a struct-typed context,NUL|1
c03716,A,list_str,1,capture,is_t,len,0,inline,loud_emit_reject,emitProgram: `is` test but no union type declared,2|1
c03717,A,list_str,1,capture,is_t,len,1,inline,loud_emit_reject,emitProgram: `is` test but no union type declared,NUL|1
c03718,A,list_str,1,capture,match_null,len,0,inline,loud_emit_reject,emitProgram: `is` test but no union type declared,2|1
c03719,A,list_str,1,capture,match_null,len,1,inline,loud_emit_reject,emitProgram: `is` test but no union type declared,NUL|1
c03720,A,list_str,1,capture,eqnullcmp,len,0,inline,loud_emit_reject,emitProgram: bare null needs a struct-typed context,false|1
c03721,A,list_str,1,capture,eqnullcmp,len,1,inline,loud_emit_reject,emitProgram: bare null needs a struct-typed context,true|1
c03722,A,list_str,1,capture,while_g,len,0,inline,loud_emit_reject,emitProgram: bare null needs a struct-typed context,2|1
c03723,A,list_str,1,capture,while_g,len,1,inline,loud_emit_reject,emitProgram: bare null needs a struct-typed context,NUL|1
c03724,A,list_str,1,capture,optchain,len,0,inline,loud_check_reject,[ERROR]: member access '?.length' on non-object string[]?,2|1
c03725,A,list_str,1,capture,optchain,len,1,inline,loud_check_reject,[ERROR]: member access '?.length' on non-object string[]?,0|1
c03726,A,list_str,1,loopvar,nenull,len,0,inline,loud_emit_reject,emitProgram: bare null needs a struct-typed context,2|1
c03727,A,list_str,1,loopvar,nenull,len,1,inline,loud_emit_reject,emitProgram: bare null needs a struct-typed context,NUL|1
c03728,A,list_str,1,loopvar,eqnull_else,len,0,inline,loud_emit_reject,emitProgram: bare null needs a struct-typed context,2|1
c03729,A,list_str,1,loopvar,eqnull_else,len,1,inline,loud_emit_reject,emitProgram: bare null needs a struct-typed context,NUL|1
c03730,A,list_str,1,loopvar,is_t,len,0,inline,loud_emit_reject,emitProgram: `is` test but no union type declared,2|1
c03731,A,list_str,1,loopvar,is_t,len,1,inline,loud_emit_reject,emitProgram: `is` test but no union type declared,NUL|1
c03732,A,list_str,1,loopvar,match_null,len,0,inline,loud_emit_reject,emitProgram: `is` test but no union type declared,2|1
c03733,A,list_str,1,loopvar,match_null,len,1,inline,loud_emit_reject,emitProgram: `is` test but no union type declared,NUL|1
c03734,A,list_str,1,loopvar,eqnullcmp,len,0,inline,loud_emit_reject,emitProgram: bare null needs a struct-typed context,false|1
c03735,A,list_str,1,loopvar,eqnullcmp,len,1,inline,loud_emit_reject,emitProgram: bare null needs a struct-typed context,true|1
c03736,A,list_str,1,loopvar,while_g,len,0,inline,loud_emit_reject,emitProgram: bare null needs a struct-typed context,2|1
c03737,A,list_str,1,loopvar,while_g,len,1,inline,loud_emit_reject,emitProgram: bare null needs a struct-typed context,NUL|1
c03738,A,list_str,1,loopvar,optchain,len,0,inline,loud_check_reject,[ERROR]: member access '?.length' on non-object string[]?,2|1
c03739,A,list_str,1,loopvar,optchain,len,1,inline,loud_check_reject,[ERROR]: member access '?.length' on non-object string[]?,0|1
c03740,A,list_f64,0,const_local,direct,len,0,inline,correct,,2|1
c03741,A,list_f64,0,const_local,direct,len,1,inline,correct,,1|1
c03742,A,list_f64,0,const_local,is_t,len,0,inline,correct,,2|1
c03743,A,list_f64,0,const_local,is_t,len,1,inline,correct,,1|1
c03744,A,list_f64,0,let_local,direct,len,0,inline,correct,,2|1
c03745,A,list_f64,0,let_local,direct,len,1,inline,correct,,1|1
c03746,A,list_f64,0,let_local,is_t,len,0,inline,correct,,2|1
c03747,A,list_f64,0,let_local,is_t,len,1,inline,correct,,1|1
c03748,A,list_f64,0,param,direct,len,0,inline,correct,,2|1
c03749,A,list_f64,0,param,direct,len,1,inline,correct,,1|1
c03750,A,list_f64,0,param,is_t,len,0,inline,correct,,2|1
c03751,A,list_f64,0,param,is_t,len,1,inline,correct,,1|1
c03752,A,list_f64,0,ret_unann,direct,len,0,inline,correct,,2|1
c03753,A,list_f64,0,ret_unann,direct,len,1,inline,correct,,1|1
c03754,A,list_f64,0,ret_unann,is_t,len,0,inline,correct,,2|1
c03755,A,list_f64,0,ret_unann,is_t,len,1,inline,correct,,1|1
c03756,A,list_f64,0,ret_ann,direct,len,0,inline,correct,,2|1
c03757,A,list_f64,0,ret_ann,direct,len,1,inline,correct,,1|1
c03758,A,list_f64,0,ret_ann,is_t,len,0,inline,correct,,2|1
c03759,A,list_f64,0,ret_ann,is_t,len,1,inline,correct,,1|1
c03760,A,list_f64,0,global,direct,len,0,inline,correct,,2|1
c03761,A,list_f64,0,global,direct,len,1,inline,correct,,1|1
c03762,A,list_f64,0,global,is_t,len,0,inline,correct,,2|1
c03763,A,list_f64,0,global,is_t,len,1,inline,correct,,1|1
c03764,A,list_f64,0,field,direct,len,0,inline,correct,,2|1
c03765,A,list_f64,0,field,direct,len,1,inline,correct,,1|1
c03766,A,list_f64,0,field,is_t,len,0,inline,correct,,2|1
c03767,A,list_f64,0,field,is_t,len,1,inline,correct,,1|1
c03768,A,list_f64,0,elem,direct,len,0,inline,correct,,2|1
c03769,A,list_f64,0,elem,direct,len,1,inline,correct,,1|1
c03770,A,list_f64,0,elem,is_t,len,0,inline,correct,,2|1
c03771,A,list_f64,0,elem,is_t,len,1,inline,correct,,1|1
c03772,A,list_f64,0,mapval,direct,len,0,inline,loud_check_reject,[ERROR]: member access '.length' on non-object f64[]?,2|1
c03773,A,list_f64,0,mapval,direct,len,1,inline,loud_check_reject,[ERROR]: member access '.length' on non-object f64[]?,1|1
c03774,A,list_f64,0,mapval,is_t,len,0,inline,correct,,2|1
c03775,A,list_f64,0,mapval,is_t,len,1,inline,correct,,1|1
c03776,A,list_f64,0,capture,direct,len,0,inline,correct,,2|1
c03777,A,list_f64,0,capture,direct,len,1,inline,correct,,1|1
c03778,A,list_f64,0,capture,is_t,len,0,inline,correct,,2|1
c03779,A,list_f64,0,capture,is_t,len,1,inline,correct,,1|1
c03780,A,list_f64,0,loopvar,direct,len,0,inline,correct,,2|1
c03781,A,list_f64,0,loopvar,direct,len,1,inline,correct,,1|1
c03782,A,list_f64,0,loopvar,is_t,len,0,inline,correct,,2|1
c03783,A,list_f64,0,loopvar,is_t,len,1,inline,correct,,1|1
c03784,A,list_f64,1,const_local,nenull,len,0,inline,correct,,2|1
c03785,A,list_f64,1,const_local,nenull,len,1,inline,correct,,NUL|1
c03786,A,list_f64,1,const_local,eqnull_else,len,0,inline,correct,,2|1
c03787,A,list_f64,1,const_local,eqnull_else,len,1,inline,correct,,NUL|1
c03788,A,list_f64,1,const_local,is_t,len,0,inline,correct,,2|1
c03789,A,list_f64,1,const_local,is_t,len,1,inline,correct,,NUL|1
c03790,A,list_f64,1,const_local,match_null,len,0,inline,correct,,2|1
c03791,A,list_f64,1,const_local,match_null,len,1,inline,correct,,NUL|1
c03792,A,list_f64,1,const_local,eqnullcmp,len,0,inline,correct,,false|1
c03793,A,list_f64,1,const_local,eqnullcmp,len,1,inline,correct,,true|1
c03794,A,list_f64,1,const_local,while_g,len,0,inline,correct,,2|1
c03795,A,list_f64,1,const_local,while_g,len,1,inline,correct,,NUL|1
c03796,A,list_f64,1,let_local,nenull,len,0,inline,correct,,2|1
c03797,A,list_f64,1,let_local,nenull,len,1,inline,correct,,NUL|1
c03798,A,list_f64,1,let_local,eqnull_else,len,0,inline,correct,,2|1
c03799,A,list_f64,1,let_local,eqnull_else,len,1,inline,correct,,NUL|1
c03800,A,list_f64,1,let_local,is_t,len,0,inline,correct,,2|1
c03801,A,list_f64,1,let_local,is_t,len,1,inline,correct,,NUL|1
c03802,A,list_f64,1,let_local,match_null,len,0,inline,correct,,2|1
c03803,A,list_f64,1,let_local,match_null,len,1,inline,correct,,NUL|1
c03804,A,list_f64,1,let_local,eqnullcmp,len,0,inline,correct,,false|1
c03805,A,list_f64,1,let_local,eqnullcmp,len,1,inline,correct,,true|1
c03806,A,list_f64,1,let_local,while_g,len,0,inline,correct,,2|1
c03807,A,list_f64,1,let_local,while_g,len,1,inline,correct,,NUL|1
c03808,A,list_f64,1,param,nenull,len,0,inline,correct,,2|1
c03809,A,list_f64,1,param,nenull,len,1,inline,correct,,NUL|1
c03810,A,list_f64,1,param,eqnull_else,len,0,inline,correct,,2|1
c03811,A,list_f64,1,param,eqnull_else,len,1,inline,correct,,NUL|1
c03812,A,list_f64,1,param,is_t,len,0,inline,correct,,2|1
c03813,A,list_f64,1,param,is_t,len,1,inline,correct,,NUL|1
c03814,A,list_f64,1,param,match_null,len,0,inline,correct,,2|1
c03815,A,list_f64,1,param,match_null,len,1,inline,correct,,NUL|1
c03816,A,list_f64,1,param,eqnullcmp,len,0,inline,correct,,false|1
c03817,A,list_f64,1,param,eqnullcmp,len,1,inline,correct,,true|1
c03818,A,list_f64,1,param,while_g,len,0,inline,correct,,2|1
c03819,A,list_f64,1,param,while_g,len,1,inline,correct,,NUL|1
c03820,A,list_f64,1,ret_unann,nenull,len,0,inline,correct,,2|1
c03821,A,list_f64,1,ret_unann,nenull,len,1,inline,correct,,NUL|1
c03822,A,list_f64,1,ret_unann,eqnull_else,len,0,inline,correct,,2|1
c03823,A,list_f64,1,ret_unann,eqnull_else,len,1,inline,correct,,NUL|1
c03824,A,list_f64,1,ret_unann,is_t,len,0,inline,correct,,2|1
c03825,A,list_f64,1,ret_unann,is_t,len,1,inline,correct,,NUL|1
c03826,A,list_f64,1,ret_unann,match_null,len,0,inline,correct,,2|1
c03827,A,list_f64,1,ret_unann,match_null,len,1,inline,correct,,NUL|1
c03828,A,list_f64,1,ret_unann,eqnullcmp,len,0,inline,correct,,false|1
c03829,A,list_f64,1,ret_unann,eqnullcmp,len,1,inline,correct,,true|1
c03830,A,list_f64,1,ret_unann,while_g,len,0,inline,correct,,2|1
c03831,A,list_f64,1,ret_unann,while_g,len,1,inline,correct,,NUL|1
c03832,A,list_f64,1,ret_ann,nenull,len,0,inline,correct,,2|1
c03833,A,list_f64,1,ret_ann,nenull,len,1,inline,correct,,NUL|1
c03834,A,list_f64,1,ret_ann,eqnull_else,len,0,inline,correct,,2|1
c03835,A,list_f64,1,ret_ann,eqnull_else,len,1,inline,correct,,NUL|1
c03836,A,list_f64,1,ret_ann,is_t,len,0,inline,correct,,2|1
c03837,A,list_f64,1,ret_ann,is_t,len,1,inline,correct,,NUL|1
c03838,A,list_f64,1,ret_ann,match_null,len,0,inline,correct,,2|1
c03839,A,list_f64,1,ret_ann,match_null,len,1,inline,correct,,NUL|1
c03840,A,list_f64,1,ret_ann,eqnullcmp,len,0,inline,correct,,false|1
c03841,A,list_f64,1,ret_ann,eqnullcmp,len,1,inline,correct,,true|1
c03842,A,list_f64,1,ret_ann,while_g,len,0,inline,correct,,2|1
c03843,A,list_f64,1,ret_ann,while_g,len,1,inline,correct,,NUL|1
c03844,A,list_f64,1,global,nenull,len,0,inline,correct,,2|1
c03845,A,list_f64,1,global,nenull,len,1,inline,correct,,NUL|1
c03846,A,list_f64,1,global,eqnull_else,len,0,inline,correct,,2|1
c03847,A,list_f64,1,global,eqnull_else,len,1,inline,correct,,NUL|1
c03848,A,list_f64,1,global,is_t,len,0,inline,correct,,2|1
c03849,A,list_f64,1,global,is_t,len,1,inline,correct,,NUL|1
c03850,A,list_f64,1,global,match_null,len,0,inline,correct,,2|1
c03851,A,list_f64,1,global,match_null,len,1,inline,correct,,NUL|1
c03852,A,list_f64,1,global,eqnullcmp,len,0,inline,correct,,false|1
c03853,A,list_f64,1,global,eqnullcmp,len,1,inline,correct,,true|1
c03854,A,list_f64,1,global,while_g,len,0,inline,correct,,2|1
c03855,A,list_f64,1,global,while_g,len,1,inline,correct,,NUL|1
c03856,A,list_f64,1,field,nenull,len,0,inline,correct,,2|1
c03857,A,list_f64,1,field,nenull,len,1,inline,correct,,NUL|1
c03858,A,list_f64,1,field,eqnull_else,len,0,inline,correct,,2|1
c03859,A,list_f64,1,field,eqnull_else,len,1,inline,correct,,NUL|1
c03860,A,list_f64,1,field,is_t,len,0,inline,correct,,2|1
c03861,A,list_f64,1,field,is_t,len,1,inline,correct,,NUL|1
c03862,A,list_f64,1,field,match_null,len,0,inline,correct,,2|1
c03863,A,list_f64,1,field,match_null,len,1,inline,correct,,NUL|1
c03864,A,list_f64,1,field,eqnullcmp,len,0,inline,correct,,false|1
c03865,A,list_f64,1,field,eqnullcmp,len,1,inline,correct,,true|1
c03866,A,list_f64,1,field,while_g,len,0,inline,correct,,2|1
c03867,A,list_f64,1,field,while_g,len,1,inline,correct,,NUL|1
c03868,A,list_f64,1,elem,nenull,len,0,inline,correct,,2|1
c03869,A,list_f64,1,elem,nenull,len,1,inline,correct,,NUL|1
c03870,A,list_f64,1,elem,eqnull_else,len,0,inline,correct,,2|1
c03871,A,list_f64,1,elem,eqnull_else,len,1,inline,correct,,NUL|1
c03872,A,list_f64,1,elem,is_t,len,0,inline,correct,,2|1
c03873,A,list_f64,1,elem,is_t,len,1,inline,correct,,NUL|1
c03874,A,list_f64,1,elem,match_null,len,0,inline,correct,,2|1
c03875,A,list_f64,1,elem,match_null,len,1,inline,correct,,NUL|1
c03876,A,list_f64,1,elem,eqnullcmp,len,0,inline,correct,,false|1
c03877,A,list_f64,1,elem,eqnullcmp,len,1,inline,correct,,true|1
c03878,A,list_f64,1,elem,while_g,len,0,inline,correct,,2|1
c03879,A,list_f64,1,elem,while_g,len,1,inline,correct,,NUL|1
c03880,A,list_f64,1,mapval,nenull,len,0,inline,loud_emit_reject,"emitProgram: unsupported map value type (no rep for a union-member struct, a nullable list, or a nullable litunion-result closure; any other value type here interned no mv slot)",2|1
c03881,A,list_f64,1,mapval,nenull,len,1,inline,loud_emit_reject,"emitProgram: unsupported map value type (no rep for a union-member struct, a nullable list, or a nullable litunion-result closure; any other value type here interned no mv slot)",NUL|1
c03882,A,list_f64,1,mapval,eqnull_else,len,0,inline,loud_emit_reject,"emitProgram: unsupported map value type (no rep for a union-member struct, a nullable list, or a nullable litunion-result closure; any other value type here interned no mv slot)",2|1
c03883,A,list_f64,1,mapval,eqnull_else,len,1,inline,loud_emit_reject,"emitProgram: unsupported map value type (no rep for a union-member struct, a nullable list, or a nullable litunion-result closure; any other value type here interned no mv slot)",NUL|1
c03884,A,list_f64,1,mapval,is_t,len,0,inline,loud_emit_reject,"emitProgram: unsupported map value type (no rep for a union-member struct, a nullable list, or a nullable litunion-result closure; any other value type here interned no mv slot)",2|1
c03885,A,list_f64,1,mapval,is_t,len,1,inline,loud_emit_reject,"emitProgram: unsupported map value type (no rep for a union-member struct, a nullable list, or a nullable litunion-result closure; any other value type here interned no mv slot)",NUL|1
c03886,A,list_f64,1,mapval,match_null,len,0,inline,loud_emit_reject,"emitProgram: unsupported map value type (no rep for a union-member struct, a nullable list, or a nullable litunion-result closure; any other value type here interned no mv slot)",2|1
c03887,A,list_f64,1,mapval,match_null,len,1,inline,loud_emit_reject,"emitProgram: unsupported map value type (no rep for a union-member struct, a nullable list, or a nullable litunion-result closure; any other value type here interned no mv slot)",NUL|1
c03888,A,list_f64,1,mapval,eqnullcmp,len,0,inline,loud_emit_reject,"emitProgram: unsupported map value type (no rep for a union-member struct, a nullable list, or a nullable litunion-result closure; any other value type here interned no mv slot)",false|1
c03889,A,list_f64,1,mapval,eqnullcmp,len,1,inline,loud_emit_reject,"emitProgram: unsupported map value type (no rep for a union-member struct, a nullable list, or a nullable litunion-result closure; any other value type here interned no mv slot)",true|1
c03890,A,list_f64,1,mapval,while_g,len,0,inline,loud_emit_reject,"emitProgram: unsupported map value type (no rep for a union-member struct, a nullable list, or a nullable litunion-result closure; any other value type here interned no mv slot)",2|1
c03891,A,list_f64,1,mapval,while_g,len,1,inline,loud_emit_reject,"emitProgram: unsupported map value type (no rep for a union-member struct, a nullable list, or a nullable litunion-result closure; any other value type here interned no mv slot)",NUL|1
c03892,A,list_f64,1,capture,nenull,len,0,inline,loud_emit_reject,emitProgram: bare null needs a struct-typed context,2|1
c03893,A,list_f64,1,capture,nenull,len,1,inline,loud_emit_reject,emitProgram: bare null needs a struct-typed context,NUL|1
c03894,A,list_f64,1,capture,eqnull_else,len,0,inline,loud_emit_reject,emitProgram: bare null needs a struct-typed context,2|1
c03895,A,list_f64,1,capture,eqnull_else,len,1,inline,loud_emit_reject,emitProgram: bare null needs a struct-typed context,NUL|1
c03896,A,list_f64,1,capture,is_t,len,0,inline,loud_emit_reject,emitProgram: `is` test but no union type declared,2|1
c03897,A,list_f64,1,capture,is_t,len,1,inline,loud_emit_reject,emitProgram: `is` test but no union type declared,NUL|1
c03898,A,list_f64,1,capture,match_null,len,0,inline,loud_emit_reject,emitProgram: `is` test but no union type declared,2|1
c03899,A,list_f64,1,capture,match_null,len,1,inline,loud_emit_reject,emitProgram: `is` test but no union type declared,NUL|1
c03900,A,list_f64,1,capture,eqnullcmp,len,0,inline,loud_emit_reject,emitProgram: bare null needs a struct-typed context,false|1
c03901,A,list_f64,1,capture,eqnullcmp,len,1,inline,loud_emit_reject,emitProgram: bare null needs a struct-typed context,true|1
c03902,A,list_f64,1,capture,while_g,len,0,inline,loud_emit_reject,emitProgram: bare null needs a struct-typed context,2|1
c03903,A,list_f64,1,capture,while_g,len,1,inline,loud_emit_reject,emitProgram: bare null needs a struct-typed context,NUL|1
c03904,A,list_f64,1,loopvar,nenull,len,0,inline,loud_emit_reject,emitProgram: bare null needs a struct-typed context,2|1
c03905,A,list_f64,1,loopvar,nenull,len,1,inline,loud_emit_reject,emitProgram: bare null needs a struct-typed context,NUL|1
c03906,A,list_f64,1,loopvar,eqnull_else,len,0,inline,loud_emit_reject,emitProgram: bare null needs a struct-typed context,2|1
c03907,A,list_f64,1,loopvar,eqnull_else,len,1,inline,loud_emit_reject,emitProgram: bare null needs a struct-typed context,NUL|1
c03908,A,list_f64,1,loopvar,is_t,len,0,inline,loud_emit_reject,emitProgram: `is` test but no union type declared,2|1
c03909,A,list_f64,1,loopvar,is_t,len,1,inline,loud_emit_reject,emitProgram: `is` test but no union type declared,NUL|1
c03910,A,list_f64,1,loopvar,match_null,len,0,inline,loud_emit_reject,emitProgram: `is` test but no union type declared,2|1
c03911,A,list_f64,1,loopvar,match_null,len,1,inline,loud_emit_reject,emitProgram: `is` test but no union type declared,NUL|1
c03912,A,list_f64,1,loopvar,eqnullcmp,len,0,inline,loud_emit_reject,emitProgram: bare null needs a struct-typed context,false|1
c03913,A,list_f64,1,loopvar,eqnullcmp,len,1,inline,loud_emit_reject,emitProgram: bare null needs a struct-typed context,true|1
c03914,A,list_f64,1,loopvar,while_g,len,0,inline,loud_emit_reject,emitProgram: bare null needs a struct-typed context,2|1
c03915,A,list_f64,1,loopvar,while_g,len,1,inline,loud_emit_reject,emitProgram: bare null needs a struct-typed context,NUL|1
c03916,A,list_i64,0,const_local,direct,len,0,inline,correct,,2|1
c03917,A,list_i64,0,const_local,direct,len,1,inline,correct,,1|1
c03918,A,list_i64,0,const_local,is_t,len,0,inline,correct,,2|1
c03919,A,list_i64,0,const_local,is_t,len,1,inline,correct,,1|1
c03920,A,list_i64,0,let_local,direct,len,0,inline,correct,,2|1
c03921,A,list_i64,0,let_local,direct,len,1,inline,correct,,1|1
c03922,A,list_i64,0,let_local,is_t,len,0,inline,correct,,2|1
c03923,A,list_i64,0,let_local,is_t,len,1,inline,correct,,1|1
c03924,A,list_i64,0,param,direct,len,0,inline,correct,,2|1
c03925,A,list_i64,0,param,direct,len,1,inline,correct,,1|1
c03926,A,list_i64,0,param,is_t,len,0,inline,correct,,2|1
c03927,A,list_i64,0,param,is_t,len,1,inline,correct,,1|1
c03928,A,list_i64,0,ret_unann,direct,len,0,inline,correct,,2|1
c03929,A,list_i64,0,ret_unann,direct,len,1,inline,correct,,1|1
c03930,A,list_i64,0,ret_unann,is_t,len,0,inline,correct,,2|1
c03931,A,list_i64,0,ret_unann,is_t,len,1,inline,correct,,1|1
c03932,A,list_i64,0,ret_ann,direct,len,0,inline,correct,,2|1
c03933,A,list_i64,0,ret_ann,direct,len,1,inline,correct,,1|1
c03934,A,list_i64,0,ret_ann,is_t,len,0,inline,correct,,2|1
c03935,A,list_i64,0,ret_ann,is_t,len,1,inline,correct,,1|1
c03936,A,list_i64,0,global,direct,len,0,inline,correct,,2|1
c03937,A,list_i64,0,global,direct,len,1,inline,correct,,1|1
c03938,A,list_i64,0,global,is_t,len,0,inline,correct,,2|1
c03939,A,list_i64,0,global,is_t,len,1,inline,correct,,1|1
c03940,A,list_i64,0,field,direct,len,0,inline,correct,,2|1
c03941,A,list_i64,0,field,direct,len,1,inline,correct,,1|1
c03942,A,list_i64,0,field,is_t,len,0,inline,correct,,2|1
c03943,A,list_i64,0,field,is_t,len,1,inline,correct,,1|1
c03944,A,list_i64,0,elem,direct,len,0,inline,correct,,2|1
c03945,A,list_i64,0,elem,direct,len,1,inline,correct,,1|1
c03946,A,list_i64,0,elem,is_t,len,0,inline,correct,,2|1
c03947,A,list_i64,0,elem,is_t,len,1,inline,correct,,1|1
c03948,A,list_i64,0,mapval,direct,len,0,inline,loud_check_reject,[ERROR]: member access '.length' on non-object i64[]?,2|1
c03949,A,list_i64,0,mapval,direct,len,1,inline,loud_check_reject,[ERROR]: member access '.length' on non-object i64[]?,1|1
c03950,A,list_i64,0,mapval,is_t,len,0,inline,correct,,2|1
c03951,A,list_i64,0,mapval,is_t,len,1,inline,correct,,1|1
c03952,A,list_i64,0,capture,direct,len,0,inline,correct,,2|1
c03953,A,list_i64,0,capture,direct,len,1,inline,correct,,1|1
c03954,A,list_i64,0,capture,is_t,len,0,inline,correct,,2|1
c03955,A,list_i64,0,capture,is_t,len,1,inline,correct,,1|1
c03956,A,list_i64,0,loopvar,direct,len,0,inline,correct,,2|1
c03957,A,list_i64,0,loopvar,direct,len,1,inline,correct,,1|1
c03958,A,list_i64,0,loopvar,is_t,len,0,inline,correct,,2|1
c03959,A,list_i64,0,loopvar,is_t,len,1,inline,correct,,1|1
c03960,A,list_i64,1,const_local,nenull,len,0,inline,correct,,2|1
c03961,A,list_i64,1,const_local,nenull,len,1,inline,correct,,NUL|1
c03962,A,list_i64,1,const_local,eqnull_else,len,0,inline,correct,,2|1
c03963,A,list_i64,1,const_local,eqnull_else,len,1,inline,correct,,NUL|1
c03964,A,list_i64,1,const_local,is_t,len,0,inline,correct,,2|1
c03965,A,list_i64,1,const_local,is_t,len,1,inline,correct,,NUL|1
c03966,A,list_i64,1,const_local,match_null,len,0,inline,correct,,2|1
c03967,A,list_i64,1,const_local,match_null,len,1,inline,correct,,NUL|1
c03968,A,list_i64,1,const_local,eqnullcmp,len,0,inline,correct,,false|1
c03969,A,list_i64,1,const_local,eqnullcmp,len,1,inline,correct,,true|1
c03970,A,list_i64,1,const_local,while_g,len,0,inline,correct,,2|1
c03971,A,list_i64,1,const_local,while_g,len,1,inline,correct,,NUL|1
c03972,A,list_i64,1,let_local,nenull,len,0,inline,correct,,2|1
c03973,A,list_i64,1,let_local,nenull,len,1,inline,correct,,NUL|1
c03974,A,list_i64,1,let_local,eqnull_else,len,0,inline,correct,,2|1
c03975,A,list_i64,1,let_local,eqnull_else,len,1,inline,correct,,NUL|1
c03976,A,list_i64,1,let_local,is_t,len,0,inline,correct,,2|1
c03977,A,list_i64,1,let_local,is_t,len,1,inline,correct,,NUL|1
c03978,A,list_i64,1,let_local,match_null,len,0,inline,correct,,2|1
c03979,A,list_i64,1,let_local,match_null,len,1,inline,correct,,NUL|1
c03980,A,list_i64,1,let_local,eqnullcmp,len,0,inline,correct,,false|1
c03981,A,list_i64,1,let_local,eqnullcmp,len,1,inline,correct,,true|1
c03982,A,list_i64,1,let_local,while_g,len,0,inline,correct,,2|1
c03983,A,list_i64,1,let_local,while_g,len,1,inline,correct,,NUL|1
c03984,A,list_i64,1,param,nenull,len,0,inline,correct,,2|1
c03985,A,list_i64,1,param,nenull,len,1,inline,correct,,NUL|1
c03986,A,list_i64,1,param,eqnull_else,len,0,inline,correct,,2|1
c03987,A,list_i64,1,param,eqnull_else,len,1,inline,correct,,NUL|1
c03988,A,list_i64,1,param,is_t,len,0,inline,correct,,2|1
c03989,A,list_i64,1,param,is_t,len,1,inline,correct,,NUL|1
c03990,A,list_i64,1,param,match_null,len,0,inline,correct,,2|1
c03991,A,list_i64,1,param,match_null,len,1,inline,correct,,NUL|1
c03992,A,list_i64,1,param,eqnullcmp,len,0,inline,correct,,false|1
c03993,A,list_i64,1,param,eqnullcmp,len,1,inline,correct,,true|1
c03994,A,list_i64,1,param,while_g,len,0,inline,correct,,2|1
c03995,A,list_i64,1,param,while_g,len,1,inline,correct,,NUL|1
c03996,A,list_i64,1,ret_unann,nenull,len,0,inline,correct,,2|1
c03997,A,list_i64,1,ret_unann,nenull,len,1,inline,correct,,NUL|1
c03998,A,list_i64,1,ret_unann,eqnull_else,len,0,inline,correct,,2|1
c03999,A,list_i64,1,ret_unann,eqnull_else,len,1,inline,correct,,NUL|1
c04000,A,list_i64,1,ret_unann,is_t,len,0,inline,correct,,2|1
c04001,A,list_i64,1,ret_unann,is_t,len,1,inline,correct,,NUL|1
c04002,A,list_i64,1,ret_unann,match_null,len,0,inline,correct,,2|1
c04003,A,list_i64,1,ret_unann,match_null,len,1,inline,correct,,NUL|1
c04004,A,list_i64,1,ret_unann,eqnullcmp,len,0,inline,correct,,false|1
c04005,A,list_i64,1,ret_unann,eqnullcmp,len,1,inline,correct,,true|1
c04006,A,list_i64,1,ret_unann,while_g,len,0,inline,correct,,2|1
c04007,A,list_i64,1,ret_unann,while_g,len,1,inline,correct,,NUL|1
c04008,A,list_i64,1,ret_ann,nenull,len,0,inline,correct,,2|1
c04009,A,list_i64,1,ret_ann,nenull,len,1,inline,correct,,NUL|1
c04010,A,list_i64,1,ret_ann,eqnull_else,len,0,inline,correct,,2|1
c04011,A,list_i64,1,ret_ann,eqnull_else,len,1,inline,correct,,NUL|1
c04012,A,list_i64,1,ret_ann,is_t,len,0,inline,correct,,2|1
c04013,A,list_i64,1,ret_ann,is_t,len,1,inline,correct,,NUL|1
c04014,A,list_i64,1,ret_ann,match_null,len,0,inline,correct,,2|1
c04015,A,list_i64,1,ret_ann,match_null,len,1,inline,correct,,NUL|1
c04016,A,list_i64,1,ret_ann,eqnullcmp,len,0,inline,correct,,false|1
c04017,A,list_i64,1,ret_ann,eqnullcmp,len,1,inline,correct,,true|1
c04018,A,list_i64,1,ret_ann,while_g,len,0,inline,correct,,2|1
c04019,A,list_i64,1,ret_ann,while_g,len,1,inline,correct,,NUL|1
c04020,A,list_i64,1,global,nenull,len,0,inline,correct,,2|1
c04021,A,list_i64,1,global,nenull,len,1,inline,correct,,NUL|1
c04022,A,list_i64,1,global,eqnull_else,len,0,inline,correct,,2|1
c04023,A,list_i64,1,global,eqnull_else,len,1,inline,correct,,NUL|1
c04024,A,list_i64,1,global,is_t,len,0,inline,correct,,2|1
c04025,A,list_i64,1,global,is_t,len,1,inline,correct,,NUL|1
c04026,A,list_i64,1,global,match_null,len,0,inline,correct,,2|1
c04027,A,list_i64,1,global,match_null,len,1,inline,correct,,NUL|1
c04028,A,list_i64,1,global,eqnullcmp,len,0,inline,correct,,false|1
c04029,A,list_i64,1,global,eqnullcmp,len,1,inline,correct,,true|1
c04030,A,list_i64,1,global,while_g,len,0,inline,correct,,2|1
c04031,A,list_i64,1,global,while_g,len,1,inline,correct,,NUL|1
c04032,A,list_i64,1,field,nenull,len,0,inline,correct,,2|1
c04033,A,list_i64,1,field,nenull,len,1,inline,correct,,NUL|1
c04034,A,list_i64,1,field,eqnull_else,len,0,inline,correct,,2|1
c04035,A,list_i64,1,field,eqnull_else,len,1,inline,correct,,NUL|1
c04036,A,list_i64,1,field,is_t,len,0,inline,correct,,2|1
c04037,A,list_i64,1,field,is_t,len,1,inline,correct,,NUL|1
c04038,A,list_i64,1,field,match_null,len,0,inline,correct,,2|1
c04039,A,list_i64,1,field,match_null,len,1,inline,correct,,NUL|1
c04040,A,list_i64,1,field,eqnullcmp,len,0,inline,correct,,false|1
c04041,A,list_i64,1,field,eqnullcmp,len,1,inline,correct,,true|1
c04042,A,list_i64,1,field,while_g,len,0,inline,correct,,2|1
c04043,A,list_i64,1,field,while_g,len,1,inline,correct,,NUL|1
c04044,A,list_i64,1,elem,nenull,len,0,inline,correct,,2|1
c04045,A,list_i64,1,elem,nenull,len,1,inline,correct,,NUL|1
c04046,A,list_i64,1,elem,eqnull_else,len,0,inline,correct,,2|1
c04047,A,list_i64,1,elem,eqnull_else,len,1,inline,correct,,NUL|1
c04048,A,list_i64,1,elem,is_t,len,0,inline,correct,,2|1
c04049,A,list_i64,1,elem,is_t,len,1,inline,correct,,NUL|1
c04050,A,list_i64,1,elem,match_null,len,0,inline,correct,,2|1
c04051,A,list_i64,1,elem,match_null,len,1,inline,correct,,NUL|1
c04052,A,list_i64,1,elem,eqnullcmp,len,0,inline,correct,,false|1
c04053,A,list_i64,1,elem,eqnullcmp,len,1,inline,correct,,true|1
c04054,A,list_i64,1,elem,while_g,len,0,inline,correct,,2|1
c04055,A,list_i64,1,elem,while_g,len,1,inline,correct,,NUL|1
c04056,A,list_i64,1,mapval,nenull,len,0,inline,loud_emit_reject,"emitProgram: unsupported map value type (no rep for a union-member struct, a nullable list, or a nullable litunion-result closure; any other value type here interned no mv slot)",2|1
c04057,A,list_i64,1,mapval,nenull,len,1,inline,loud_emit_reject,"emitProgram: unsupported map value type (no rep for a union-member struct, a nullable list, or a nullable litunion-result closure; any other value type here interned no mv slot)",NUL|1
c04058,A,list_i64,1,mapval,eqnull_else,len,0,inline,loud_emit_reject,"emitProgram: unsupported map value type (no rep for a union-member struct, a nullable list, or a nullable litunion-result closure; any other value type here interned no mv slot)",2|1
c04059,A,list_i64,1,mapval,eqnull_else,len,1,inline,loud_emit_reject,"emitProgram: unsupported map value type (no rep for a union-member struct, a nullable list, or a nullable litunion-result closure; any other value type here interned no mv slot)",NUL|1
c04060,A,list_i64,1,mapval,is_t,len,0,inline,loud_emit_reject,"emitProgram: unsupported map value type (no rep for a union-member struct, a nullable list, or a nullable litunion-result closure; any other value type here interned no mv slot)",2|1
c04061,A,list_i64,1,mapval,is_t,len,1,inline,loud_emit_reject,"emitProgram: unsupported map value type (no rep for a union-member struct, a nullable list, or a nullable litunion-result closure; any other value type here interned no mv slot)",NUL|1
c04062,A,list_i64,1,mapval,match_null,len,0,inline,loud_emit_reject,"emitProgram: unsupported map value type (no rep for a union-member struct, a nullable list, or a nullable litunion-result closure; any other value type here interned no mv slot)",2|1
c04063,A,list_i64,1,mapval,match_null,len,1,inline,loud_emit_reject,"emitProgram: unsupported map value type (no rep for a union-member struct, a nullable list, or a nullable litunion-result closure; any other value type here interned no mv slot)",NUL|1
c04064,A,list_i64,1,mapval,eqnullcmp,len,0,inline,loud_emit_reject,"emitProgram: unsupported map value type (no rep for a union-member struct, a nullable list, or a nullable litunion-result closure; any other value type here interned no mv slot)",false|1
c04065,A,list_i64,1,mapval,eqnullcmp,len,1,inline,loud_emit_reject,"emitProgram: unsupported map value type (no rep for a union-member struct, a nullable list, or a nullable litunion-result closure; any other value type here interned no mv slot)",true|1
c04066,A,list_i64,1,mapval,while_g,len,0,inline,loud_emit_reject,"emitProgram: unsupported map value type (no rep for a union-member struct, a nullable list, or a nullable litunion-result closure; any other value type here interned no mv slot)",2|1
c04067,A,list_i64,1,mapval,while_g,len,1,inline,loud_emit_reject,"emitProgram: unsupported map value type (no rep for a union-member struct, a nullable list, or a nullable litunion-result closure; any other value type here interned no mv slot)",NUL|1
c04068,A,list_i64,1,capture,nenull,len,0,inline,loud_emit_reject,emitProgram: bare null needs a struct-typed context,2|1
c04069,A,list_i64,1,capture,nenull,len,1,inline,loud_emit_reject,emitProgram: bare null needs a struct-typed context,NUL|1
c04070,A,list_i64,1,capture,eqnull_else,len,0,inline,loud_emit_reject,emitProgram: bare null needs a struct-typed context,2|1
c04071,A,list_i64,1,capture,eqnull_else,len,1,inline,loud_emit_reject,emitProgram: bare null needs a struct-typed context,NUL|1
c04072,A,list_i64,1,capture,is_t,len,0,inline,loud_emit_reject,emitProgram: `is` test but no union type declared,2|1
c04073,A,list_i64,1,capture,is_t,len,1,inline,loud_emit_reject,emitProgram: `is` test but no union type declared,NUL|1
c04074,A,list_i64,1,capture,match_null,len,0,inline,loud_emit_reject,emitProgram: `is` test but no union type declared,2|1
c04075,A,list_i64,1,capture,match_null,len,1,inline,loud_emit_reject,emitProgram: `is` test but no union type declared,NUL|1
c04076,A,list_i64,1,capture,eqnullcmp,len,0,inline,loud_emit_reject,emitProgram: bare null needs a struct-typed context,false|1
c04077,A,list_i64,1,capture,eqnullcmp,len,1,inline,loud_emit_reject,emitProgram: bare null needs a struct-typed context,true|1
c04078,A,list_i64,1,capture,while_g,len,0,inline,loud_emit_reject,emitProgram: bare null needs a struct-typed context,2|1
c04079,A,list_i64,1,capture,while_g,len,1,inline,loud_emit_reject,emitProgram: bare null needs a struct-typed context,NUL|1
c04080,A,list_i64,1,loopvar,nenull,len,0,inline,loud_emit_reject,emitProgram: bare null needs a struct-typed context,2|1
c04081,A,list_i64,1,loopvar,nenull,len,1,inline,loud_emit_reject,emitProgram: bare null needs a struct-typed context,NUL|1
c04082,A,list_i64,1,loopvar,eqnull_else,len,0,inline,loud_emit_reject,emitProgram: bare null needs a struct-typed context,2|1
c04083,A,list_i64,1,loopvar,eqnull_else,len,1,inline,loud_emit_reject,emitProgram: bare null needs a struct-typed context,NUL|1
c04084,A,list_i64,1,loopvar,is_t,len,0,inline,loud_emit_reject,emitProgram: `is` test but no union type declared,2|1
c04085,A,list_i64,1,loopvar,is_t,len,1,inline,loud_emit_reject,emitProgram: `is` test but no union type declared,NUL|1
c04086,A,list_i64,1,loopvar,match_null,len,0,inline,loud_emit_reject,emitProgram: `is` test but no union type declared,2|1
c04087,A,list_i64,1,loopvar,match_null,len,1,inline,loud_emit_reject,emitProgram: `is` test but no union type declared,NUL|1
c04088,A,list_i64,1,loopvar,eqnullcmp,len,0,inline,loud_emit_reject,emitProgram: bare null needs a struct-typed context,false|1
c04089,A,list_i64,1,loopvar,eqnullcmp,len,1,inline,loud_emit_reject,emitProgram: bare null needs a struct-typed context,true|1
c04090,A,list_i64,1,loopvar,while_g,len,0,inline,loud_emit_reject,emitProgram: bare null needs a struct-typed context,2|1
c04091,A,list_i64,1,loopvar,while_g,len,1,inline,loud_emit_reject,emitProgram: bare null needs a struct-typed context,NUL|1
c04092,A,list_f32,0,const_local,direct,len,0,inline,correct,,2|1
c04093,A,list_f32,0,const_local,direct,len,1,inline,correct,,1|1
c04094,A,list_f32,0,const_local,is_t,len,0,inline,correct,,2|1
c04095,A,list_f32,0,const_local,is_t,len,1,inline,correct,,1|1
c04096,A,list_f32,0,let_local,direct,len,0,inline,correct,,2|1
c04097,A,list_f32,0,let_local,direct,len,1,inline,correct,,1|1
c04098,A,list_f32,0,let_local,is_t,len,0,inline,correct,,2|1
c04099,A,list_f32,0,let_local,is_t,len,1,inline,correct,,1|1
c04100,A,list_f32,0,param,direct,len,0,inline,correct,,2|1
c04101,A,list_f32,0,param,direct,len,1,inline,correct,,1|1
c04102,A,list_f32,0,param,is_t,len,0,inline,correct,,2|1
c04103,A,list_f32,0,param,is_t,len,1,inline,correct,,1|1
c04104,A,list_f32,0,ret_unann,direct,len,0,inline,correct,,2|1
c04105,A,list_f32,0,ret_unann,direct,len,1,inline,correct,,1|1
c04106,A,list_f32,0,ret_unann,is_t,len,0,inline,correct,,2|1
c04107,A,list_f32,0,ret_unann,is_t,len,1,inline,correct,,1|1
c04108,A,list_f32,0,ret_ann,direct,len,0,inline,correct,,2|1
c04109,A,list_f32,0,ret_ann,direct,len,1,inline,correct,,1|1
c04110,A,list_f32,0,ret_ann,is_t,len,0,inline,correct,,2|1
c04111,A,list_f32,0,ret_ann,is_t,len,1,inline,correct,,1|1
c04112,A,list_f32,0,global,direct,len,0,inline,correct,,2|1
c04113,A,list_f32,0,global,direct,len,1,inline,correct,,1|1
c04114,A,list_f32,0,global,is_t,len,0,inline,correct,,2|1
c04115,A,list_f32,0,global,is_t,len,1,inline,correct,,1|1
c04116,A,list_f32,0,field,direct,len,0,inline,correct,,2|1
c04117,A,list_f32,0,field,direct,len,1,inline,correct,,1|1
c04118,A,list_f32,0,field,is_t,len,0,inline,correct,,2|1
c04119,A,list_f32,0,field,is_t,len,1,inline,correct,,1|1
c04120,A,list_f32,0,elem,direct,len,0,inline,correct,,2|1
c04121,A,list_f32,0,elem,direct,len,1,inline,correct,,1|1
c04122,A,list_f32,0,elem,is_t,len,0,inline,correct,,2|1
c04123,A,list_f32,0,elem,is_t,len,1,inline,correct,,1|1
c04124,A,list_f32,0,mapval,direct,len,0,inline,loud_check_reject,[ERROR]: member access '.length' on non-object f32[]?,2|1
c04125,A,list_f32,0,mapval,direct,len,1,inline,loud_check_reject,[ERROR]: member access '.length' on non-object f32[]?,1|1
c04126,A,list_f32,0,mapval,is_t,len,0,inline,loud_emit_reject,emitProgram: field access but no struct type declared,2|1
c04127,A,list_f32,0,mapval,is_t,len,1,inline,loud_emit_reject,emitProgram: field access but no struct type declared,1|1
c04128,A,list_f32,0,capture,direct,len,0,inline,correct,,2|1
c04129,A,list_f32,0,capture,direct,len,1,inline,correct,,1|1
c04130,A,list_f32,0,capture,is_t,len,0,inline,correct,,2|1
c04131,A,list_f32,0,capture,is_t,len,1,inline,correct,,1|1
c04132,A,list_f32,0,loopvar,direct,len,0,inline,correct,,2|1
c04133,A,list_f32,0,loopvar,direct,len,1,inline,correct,,1|1
c04134,A,list_f32,0,loopvar,is_t,len,0,inline,correct,,2|1
c04135,A,list_f32,0,loopvar,is_t,len,1,inline,correct,,1|1
c04136,A,list_f32,1,const_local,nenull,len,0,inline,loud_emit_reject,emitProgram: field access but no struct type declared,2|1
c04137,A,list_f32,1,const_local,nenull,len,1,inline,loud_emit_reject,emitProgram: field access but no struct type declared,NUL|1
c04138,A,list_f32,1,const_local,eqnull_else,len,0,inline,loud_emit_reject,emitProgram: field access but no struct type declared,2|1
c04139,A,list_f32,1,const_local,eqnull_else,len,1,inline,loud_emit_reject,emitProgram: field access but no struct type declared,NUL|1
c04140,A,list_f32,1,const_local,is_t,len,0,inline,loud_emit_reject,emitProgram: field access but no struct type declared,2|1
c04141,A,list_f32,1,const_local,is_t,len,1,inline,loud_emit_reject,emitProgram: field access but no struct type declared,NUL|1
c04142,A,list_f32,1,const_local,match_null,len,0,inline,loud_emit_reject,emitProgram: field access but no struct type declared,2|1
c04143,A,list_f32,1,const_local,match_null,len,1,inline,loud_emit_reject,emitProgram: field access but no struct type declared,NUL|1
c04144,A,list_f32,1,const_local,eqnullcmp,len,0,inline,correct,,false|1
c04145,A,list_f32,1,const_local,eqnullcmp,len,1,inline,correct,,true|1
c04146,A,list_f32,1,const_local,while_g,len,0,inline,loud_emit_reject,emitProgram: field access but no struct type declared,2|1
c04147,A,list_f32,1,const_local,while_g,len,1,inline,loud_emit_reject,emitProgram: field access but no struct type declared,NUL|1
c04148,A,list_f32,1,let_local,nenull,len,0,inline,loud_emit_reject,emitProgram: field access but no struct type declared,2|1
c04149,A,list_f32,1,let_local,nenull,len,1,inline,loud_emit_reject,emitProgram: field access but no struct type declared,NUL|1
c04150,A,list_f32,1,let_local,eqnull_else,len,0,inline,loud_emit_reject,emitProgram: field access but no struct type declared,2|1
c04151,A,list_f32,1,let_local,eqnull_else,len,1,inline,loud_emit_reject,emitProgram: field access but no struct type declared,NUL|1
c04152,A,list_f32,1,let_local,is_t,len,0,inline,loud_emit_reject,emitProgram: field access but no struct type declared,2|1
c04153,A,list_f32,1,let_local,is_t,len,1,inline,loud_emit_reject,emitProgram: field access but no struct type declared,NUL|1
c04154,A,list_f32,1,let_local,match_null,len,0,inline,loud_emit_reject,emitProgram: field access but no struct type declared,2|1
c04155,A,list_f32,1,let_local,match_null,len,1,inline,loud_emit_reject,emitProgram: field access but no struct type declared,NUL|1
c04156,A,list_f32,1,let_local,eqnullcmp,len,0,inline,correct,,false|1
c04157,A,list_f32,1,let_local,eqnullcmp,len,1,inline,correct,,true|1
c04158,A,list_f32,1,let_local,while_g,len,0,inline,loud_emit_reject,emitProgram: field access but no struct type declared,2|1
c04159,A,list_f32,1,let_local,while_g,len,1,inline,loud_emit_reject,emitProgram: field access but no struct type declared,NUL|1
c04160,A,list_f32,1,param,nenull,len,0,inline,loud_emit_reject,emitProgram: field access but no struct type declared,2|1
c04161,A,list_f32,1,param,nenull,len,1,inline,loud_emit_reject,emitProgram: field access but no struct type declared,NUL|1
c04162,A,list_f32,1,param,eqnull_else,len,0,inline,loud_emit_reject,emitProgram: field access but no struct type declared,2|1
c04163,A,list_f32,1,param,eqnull_else,len,1,inline,loud_emit_reject,emitProgram: field access but no struct type declared,NUL|1
c04164,A,list_f32,1,param,is_t,len,0,inline,loud_emit_reject,emitProgram: field access but no struct type declared,2|1
c04165,A,list_f32,1,param,is_t,len,1,inline,loud_emit_reject,emitProgram: field access but no struct type declared,NUL|1
c04166,A,list_f32,1,param,match_null,len,0,inline,loud_emit_reject,emitProgram: field access but no struct type declared,2|1
c04167,A,list_f32,1,param,match_null,len,1,inline,loud_emit_reject,emitProgram: field access but no struct type declared,NUL|1
c04168,A,list_f32,1,param,eqnullcmp,len,0,inline,correct,,false|1
c04169,A,list_f32,1,param,eqnullcmp,len,1,inline,correct,,true|1
c04170,A,list_f32,1,param,while_g,len,0,inline,loud_emit_reject,emitProgram: field access but no struct type declared,2|1
c04171,A,list_f32,1,param,while_g,len,1,inline,loud_emit_reject,emitProgram: field access but no struct type declared,NUL|1
c04172,A,list_f32,1,ret_unann,nenull,len,0,inline,loud_emit_reject,emitProgram: field access but no struct type declared,2|1
c04173,A,list_f32,1,ret_unann,nenull,len,1,inline,loud_emit_reject,emitProgram: field access but no struct type declared,NUL|1
c04174,A,list_f32,1,ret_unann,eqnull_else,len,0,inline,loud_emit_reject,emitProgram: field access but no struct type declared,2|1
c04175,A,list_f32,1,ret_unann,eqnull_else,len,1,inline,loud_emit_reject,emitProgram: field access but no struct type declared,NUL|1
c04176,A,list_f32,1,ret_unann,is_t,len,0,inline,loud_emit_reject,emitProgram: field access but no struct type declared,2|1
c04177,A,list_f32,1,ret_unann,is_t,len,1,inline,loud_emit_reject,emitProgram: field access but no struct type declared,NUL|1
c04178,A,list_f32,1,ret_unann,match_null,len,0,inline,loud_emit_reject,emitProgram: field access but no struct type declared,2|1
c04179,A,list_f32,1,ret_unann,match_null,len,1,inline,loud_emit_reject,emitProgram: field access but no struct type declared,NUL|1
c04180,A,list_f32,1,ret_unann,eqnullcmp,len,0,inline,correct,,false|1
c04181,A,list_f32,1,ret_unann,eqnullcmp,len,1,inline,correct,,true|1
c04182,A,list_f32,1,ret_unann,while_g,len,0,inline,loud_emit_reject,emitProgram: field access but no struct type declared,2|1
c04183,A,list_f32,1,ret_unann,while_g,len,1,inline,loud_emit_reject,emitProgram: field access but no struct type declared,NUL|1
c04184,A,list_f32,1,ret_ann,nenull,len,0,inline,loud_emit_reject,emitProgram: field access but no struct type declared,2|1
c04185,A,list_f32,1,ret_ann,nenull,len,1,inline,loud_emit_reject,emitProgram: field access but no struct type declared,NUL|1
c04186,A,list_f32,1,ret_ann,eqnull_else,len,0,inline,loud_emit_reject,emitProgram: field access but no struct type declared,2|1
c04187,A,list_f32,1,ret_ann,eqnull_else,len,1,inline,loud_emit_reject,emitProgram: field access but no struct type declared,NUL|1
c04188,A,list_f32,1,ret_ann,is_t,len,0,inline,loud_emit_reject,emitProgram: field access but no struct type declared,2|1
c04189,A,list_f32,1,ret_ann,is_t,len,1,inline,loud_emit_reject,emitProgram: field access but no struct type declared,NUL|1
c04190,A,list_f32,1,ret_ann,match_null,len,0,inline,loud_emit_reject,emitProgram: field access but no struct type declared,2|1
c04191,A,list_f32,1,ret_ann,match_null,len,1,inline,loud_emit_reject,emitProgram: field access but no struct type declared,NUL|1
c04192,A,list_f32,1,ret_ann,eqnullcmp,len,0,inline,correct,,false|1
c04193,A,list_f32,1,ret_ann,eqnullcmp,len,1,inline,correct,,true|1
c04194,A,list_f32,1,ret_ann,while_g,len,0,inline,loud_emit_reject,emitProgram: field access but no struct type declared,2|1
c04195,A,list_f32,1,ret_ann,while_g,len,1,inline,loud_emit_reject,emitProgram: field access but no struct type declared,NUL|1
c04196,A,list_f32,1,global,nenull,len,0,inline,loud_emit_reject,emitProgram: field access but no struct type declared,2|1
c04197,A,list_f32,1,global,nenull,len,1,inline,loud_emit_reject,emitProgram: field access but no struct type declared,NUL|1
c04198,A,list_f32,1,global,eqnull_else,len,0,inline,loud_emit_reject,emitProgram: field access but no struct type declared,2|1
c04199,A,list_f32,1,global,eqnull_else,len,1,inline,loud_emit_reject,emitProgram: field access but no struct type declared,NUL|1
c04200,A,list_f32,1,global,is_t,len,0,inline,loud_emit_reject,emitProgram: field access but no struct type declared,2|1
c04201,A,list_f32,1,global,is_t,len,1,inline,loud_emit_reject,emitProgram: field access but no struct type declared,NUL|1
c04202,A,list_f32,1,global,match_null,len,0,inline,loud_emit_reject,emitProgram: field access but no struct type declared,2|1
c04203,A,list_f32,1,global,match_null,len,1,inline,loud_emit_reject,emitProgram: field access but no struct type declared,NUL|1
c04204,A,list_f32,1,global,eqnullcmp,len,0,inline,correct,,false|1
c04205,A,list_f32,1,global,eqnullcmp,len,1,inline,correct,,true|1
c04206,A,list_f32,1,global,while_g,len,0,inline,loud_emit_reject,emitProgram: field access but no struct type declared,2|1
c04207,A,list_f32,1,global,while_g,len,1,inline,loud_emit_reject,emitProgram: field access but no struct type declared,NUL|1
c04208,A,list_f32,1,field,nenull,len,0,inline,loud_emit_reject,emitProgram: field access receiver is not a struct,2|1
c04209,A,list_f32,1,field,nenull,len,1,inline,loud_emit_reject,emitProgram: field access receiver is not a struct,NUL|1
c04210,A,list_f32,1,field,eqnull_else,len,0,inline,loud_emit_reject,emitProgram: field access receiver is not a struct,2|1
c04211,A,list_f32,1,field,eqnull_else,len,1,inline,loud_emit_reject,emitProgram: field access receiver is not a struct,NUL|1
c04212,A,list_f32,1,field,is_t,len,0,inline,loud_emit_reject,emitProgram: field access receiver is not a struct,2|1
c04213,A,list_f32,1,field,is_t,len,1,inline,loud_emit_reject,emitProgram: field access receiver is not a struct,NUL|1
c04214,A,list_f32,1,field,match_null,len,0,inline,loud_emit_reject,emitProgram: field access receiver is not a struct,2|1
c04215,A,list_f32,1,field,match_null,len,1,inline,loud_emit_reject,emitProgram: field access receiver is not a struct,NUL|1
c04216,A,list_f32,1,field,eqnullcmp,len,0,inline,correct,,false|1
c04217,A,list_f32,1,field,eqnullcmp,len,1,inline,correct,,true|1
c04218,A,list_f32,1,field,while_g,len,0,inline,loud_emit_reject,emitProgram: field access receiver is not a struct,2|1
c04219,A,list_f32,1,field,while_g,len,1,inline,loud_emit_reject,emitProgram: field access receiver is not a struct,NUL|1
c04220,A,list_f32,1,elem,nenull,len,0,inline,loud_emit_reject,emitProgram: field access but no struct type declared,2|1
c04221,A,list_f32,1,elem,nenull,len,1,inline,loud_emit_reject,emitProgram: field access but no struct type declared,NUL|1
c04222,A,list_f32,1,elem,eqnull_else,len,0,inline,loud_emit_reject,emitProgram: field access but no struct type declared,2|1
c04223,A,list_f32,1,elem,eqnull_else,len,1,inline,loud_emit_reject,emitProgram: field access but no struct type declared,NUL|1
c04224,A,list_f32,1,elem,is_t,len,0,inline,loud_emit_reject,emitProgram: field access but no struct type declared,2|1
c04225,A,list_f32,1,elem,is_t,len,1,inline,loud_emit_reject,emitProgram: field access but no struct type declared,NUL|1
c04226,A,list_f32,1,elem,match_null,len,0,inline,loud_emit_reject,emitProgram: field access but no struct type declared,2|1
c04227,A,list_f32,1,elem,match_null,len,1,inline,loud_emit_reject,emitProgram: field access but no struct type declared,NUL|1
c04228,A,list_f32,1,elem,eqnullcmp,len,0,inline,correct,,false|1
c04229,A,list_f32,1,elem,eqnullcmp,len,1,inline,correct,,true|1
c04230,A,list_f32,1,elem,while_g,len,0,inline,loud_emit_reject,emitProgram: field access but no struct type declared,2|1
c04231,A,list_f32,1,elem,while_g,len,1,inline,loud_emit_reject,emitProgram: field access but no struct type declared,NUL|1
c04232,A,list_f32,1,mapval,nenull,len,0,inline,loud_emit_reject,"emitProgram: unsupported map value type (no rep for a union-member struct, a nullable list, or a nullable litunion-result closure; any other value type here interned no mv slot)",2|1
c04233,A,list_f32,1,mapval,nenull,len,1,inline,loud_emit_reject,"emitProgram: unsupported map value type (no rep for a union-member struct, a nullable list, or a nullable litunion-result closure; any other value type here interned no mv slot)",NUL|1
c04234,A,list_f32,1,mapval,eqnull_else,len,0,inline,loud_emit_reject,"emitProgram: unsupported map value type (no rep for a union-member struct, a nullable list, or a nullable litunion-result closure; any other value type here interned no mv slot)",2|1
c04235,A,list_f32,1,mapval,eqnull_else,len,1,inline,loud_emit_reject,"emitProgram: unsupported map value type (no rep for a union-member struct, a nullable list, or a nullable litunion-result closure; any other value type here interned no mv slot)",NUL|1
c04236,A,list_f32,1,mapval,is_t,len,0,inline,loud_emit_reject,"emitProgram: unsupported map value type (no rep for a union-member struct, a nullable list, or a nullable litunion-result closure; any other value type here interned no mv slot)",2|1
c04237,A,list_f32,1,mapval,is_t,len,1,inline,loud_emit_reject,"emitProgram: unsupported map value type (no rep for a union-member struct, a nullable list, or a nullable litunion-result closure; any other value type here interned no mv slot)",NUL|1
c04238,A,list_f32,1,mapval,match_null,len,0,inline,loud_emit_reject,"emitProgram: unsupported map value type (no rep for a union-member struct, a nullable list, or a nullable litunion-result closure; any other value type here interned no mv slot)",2|1
c04239,A,list_f32,1,mapval,match_null,len,1,inline,loud_emit_reject,"emitProgram: unsupported map value type (no rep for a union-member struct, a nullable list, or a nullable litunion-result closure; any other value type here interned no mv slot)",NUL|1
c04240,A,list_f32,1,mapval,eqnullcmp,len,0,inline,loud_emit_reject,"emitProgram: unsupported map value type (no rep for a union-member struct, a nullable list, or a nullable litunion-result closure; any other value type here interned no mv slot)",false|1
c04241,A,list_f32,1,mapval,eqnullcmp,len,1,inline,loud_emit_reject,"emitProgram: unsupported map value type (no rep for a union-member struct, a nullable list, or a nullable litunion-result closure; any other value type here interned no mv slot)",true|1
c04242,A,list_f32,1,mapval,while_g,len,0,inline,loud_emit_reject,"emitProgram: unsupported map value type (no rep for a union-member struct, a nullable list, or a nullable litunion-result closure; any other value type here interned no mv slot)",2|1
c04243,A,list_f32,1,mapval,while_g,len,1,inline,loud_emit_reject,"emitProgram: unsupported map value type (no rep for a union-member struct, a nullable list, or a nullable litunion-result closure; any other value type here interned no mv slot)",NUL|1
c04244,A,list_f32,1,capture,nenull,len,0,inline,loud_emit_reject,emitProgram: bare null needs a struct-typed context,2|1
c04245,A,list_f32,1,capture,nenull,len,1,inline,loud_emit_reject,emitProgram: bare null needs a struct-typed context,NUL|1
c04246,A,list_f32,1,capture,eqnull_else,len,0,inline,loud_emit_reject,emitProgram: bare null needs a struct-typed context,2|1
c04247,A,list_f32,1,capture,eqnull_else,len,1,inline,loud_emit_reject,emitProgram: bare null needs a struct-typed context,NUL|1
c04248,A,list_f32,1,capture,is_t,len,0,inline,loud_emit_reject,emitProgram: `is` test but no union type declared,2|1
c04249,A,list_f32,1,capture,is_t,len,1,inline,loud_emit_reject,emitProgram: `is` test but no union type declared,NUL|1
c04250,A,list_f32,1,capture,match_null,len,0,inline,loud_emit_reject,emitProgram: `is` test but no union type declared,2|1
c04251,A,list_f32,1,capture,match_null,len,1,inline,loud_emit_reject,emitProgram: `is` test but no union type declared,NUL|1
c04252,A,list_f32,1,capture,eqnullcmp,len,0,inline,loud_emit_reject,emitProgram: bare null needs a struct-typed context,false|1
c04253,A,list_f32,1,capture,eqnullcmp,len,1,inline,loud_emit_reject,emitProgram: bare null needs a struct-typed context,true|1
c04254,A,list_f32,1,capture,while_g,len,0,inline,loud_emit_reject,emitProgram: bare null needs a struct-typed context,2|1
c04255,A,list_f32,1,capture,while_g,len,1,inline,loud_emit_reject,emitProgram: bare null needs a struct-typed context,NUL|1
c04256,A,list_f32,1,loopvar,nenull,len,0,inline,loud_emit_reject,emitProgram: bare null needs a struct-typed context,2|1
c04257,A,list_f32,1,loopvar,nenull,len,1,inline,loud_emit_reject,emitProgram: bare null needs a struct-typed context,NUL|1
c04258,A,list_f32,1,loopvar,eqnull_else,len,0,inline,loud_emit_reject,emitProgram: bare null needs a struct-typed context,2|1
c04259,A,list_f32,1,loopvar,eqnull_else,len,1,inline,loud_emit_reject,emitProgram: bare null needs a struct-typed context,NUL|1
c04260,A,list_f32,1,loopvar,is_t,len,0,inline,loud_emit_reject,emitProgram: `is` test but no union type declared,2|1
c04261,A,list_f32,1,loopvar,is_t,len,1,inline,loud_emit_reject,emitProgram: `is` test but no union type declared,NUL|1
c04262,A,list_f32,1,loopvar,match_null,len,0,inline,loud_emit_reject,emitProgram: `is` test but no union type declared,2|1
c04263,A,list_f32,1,loopvar,match_null,len,1,inline,loud_emit_reject,emitProgram: `is` test but no union type declared,NUL|1
c04264,A,list_f32,1,loopvar,eqnullcmp,len,0,inline,loud_emit_reject,emitProgram: bare null needs a struct-typed context,false|1
c04265,A,list_f32,1,loopvar,eqnullcmp,len,1,inline,loud_emit_reject,emitProgram: bare null needs a struct-typed context,true|1
c04266,A,list_f32,1,loopvar,while_g,len,0,inline,loud_emit_reject,emitProgram: bare null needs a struct-typed context,2|1
c04267,A,list_f32,1,loopvar,while_g,len,1,inline,loud_emit_reject,emitProgram: bare null needs a struct-typed context,NUL|1
c04268,A,list_ref,0,const_local,direct,len,0,inline,correct,,2|1
c04269,A,list_ref,0,const_local,direct,len,1,inline,correct,,1|1
c04270,A,list_ref,0,const_local,is_t,len,0,inline,correct,,2|1
c04271,A,list_ref,0,const_local,is_t,len,1,inline,correct,,1|1
c04272,A,list_ref,0,let_local,direct,len,0,inline,correct,,2|1
c04273,A,list_ref,0,let_local,direct,len,1,inline,correct,,1|1
c04274,A,list_ref,0,let_local,is_t,len,0,inline,correct,,2|1
c04275,A,list_ref,0,let_local,is_t,len,1,inline,correct,,1|1
c04276,A,list_ref,0,param,direct,len,0,inline,correct,,2|1
c04277,A,list_ref,0,param,direct,len,1,inline,correct,,1|1
c04278,A,list_ref,0,param,is_t,len,0,inline,correct,,2|1
c04279,A,list_ref,0,param,is_t,len,1,inline,correct,,1|1
c04280,A,list_ref,0,ret_unann,direct,len,0,inline,correct,,2|1
c04281,A,list_ref,0,ret_unann,direct,len,1,inline,correct,,1|1
c04282,A,list_ref,0,ret_unann,is_t,len,0,inline,correct,,2|1
c04283,A,list_ref,0,ret_unann,is_t,len,1,inline,correct,,1|1
c04284,A,list_ref,0,ret_ann,direct,len,0,inline,correct,,2|1
c04285,A,list_ref,0,ret_ann,direct,len,1,inline,correct,,1|1
c04286,A,list_ref,0,ret_ann,is_t,len,0,inline,correct,,2|1
c04287,A,list_ref,0,ret_ann,is_t,len,1,inline,correct,,1|1
c04288,A,list_ref,0,global,direct,len,0,inline,correct,,2|1
c04289,A,list_ref,0,global,direct,len,1,inline,correct,,1|1
c04290,A,list_ref,0,global,is_t,len,0,inline,loud_emit_reject,emitProgram: `is` test but no union type declared,2|1
c04291,A,list_ref,0,global,is_t,len,1,inline,loud_emit_reject,emitProgram: `is` test but no union type declared,1|1
c04292,A,list_ref,0,field,direct,len,0,inline,correct,,2|1
c04293,A,list_ref,0,field,direct,len,1,inline,correct,,1|1
c04294,A,list_ref,0,field,is_t,len,0,inline,loud_emit_reject,emitProgram: `is` test but no union type declared,2|1
c04295,A,list_ref,0,field,is_t,len,1,inline,loud_emit_reject,emitProgram: `is` test but no union type declared,1|1
c04296,A,list_ref,0,elem,direct,len,0,inline,correct,,2|1
c04297,A,list_ref,0,elem,direct,len,1,inline,correct,,1|1
c04298,A,list_ref,0,elem,is_t,len,0,inline,loud_emit_reject,emitProgram: `is` test but no union type declared,2|1
c04299,A,list_ref,0,elem,is_t,len,1,inline,loud_emit_reject,emitProgram: `is` test but no union type declared,1|1
c04300,A,list_ref,0,mapval,direct,len,0,inline,loud_check_reject,[ERROR]: member access '.length' on non-object {w: i32}[]?,2|1
c04301,A,list_ref,0,mapval,direct,len,1,inline,loud_check_reject,[ERROR]: member access '.length' on non-object {w: i32}[]?,1|1
c04302,A,list_ref,0,mapval,is_t,len,0,inline,correct,,2|1
c04303,A,list_ref,0,mapval,is_t,len,1,inline,correct,,1|1
c04304,A,list_ref,0,capture,direct,len,0,inline,loud_emit_reject,emitProgram: ref valtype with no interned shape,2|1
c04305,A,list_ref,0,capture,direct,len,1,inline,loud_emit_reject,emitProgram: ref valtype with no interned shape,1|1
c04306,A,list_ref,0,capture,is_t,len,0,inline,loud_emit_reject,emitProgram: ref valtype with no interned shape,2|1
c04307,A,list_ref,0,capture,is_t,len,1,inline,loud_emit_reject,emitProgram: ref valtype with no interned shape,1|1
c04308,A,list_ref,0,loopvar,direct,len,0,inline,correct,,2|1
c04309,A,list_ref,0,loopvar,direct,len,1,inline,correct,,1|1
c04310,A,list_ref,0,loopvar,is_t,len,0,inline,loud_emit_reject,emitProgram: `is` test but no union type declared,2|1
c04311,A,list_ref,0,loopvar,is_t,len,1,inline,loud_emit_reject,emitProgram: `is` test but no union type declared,1|1
c04312,A,list_ref,1,const_local,nenull,len,0,inline,correct,,2|1
c04313,A,list_ref,1,const_local,nenull,len,1,inline,correct,,NUL|1
c04314,A,list_ref,1,const_local,eqnull_else,len,0,inline,correct,,2|1
c04315,A,list_ref,1,const_local,eqnull_else,len,1,inline,correct,,NUL|1
c04316,A,list_ref,1,const_local,is_t,len,0,inline,correct,,2|1
c04317,A,list_ref,1,const_local,is_t,len,1,inline,correct,,NUL|1
c04318,A,list_ref,1,const_local,match_null,len,0,inline,correct,,2|1
c04319,A,list_ref,1,const_local,match_null,len,1,inline,correct,,NUL|1
c04320,A,list_ref,1,const_local,eqnullcmp,len,0,inline,correct,,false|1
c04321,A,list_ref,1,const_local,eqnullcmp,len,1,inline,correct,,true|1
c04322,A,list_ref,1,const_local,while_g,len,0,inline,correct,,2|1
c04323,A,list_ref,1,const_local,while_g,len,1,inline,correct,,NUL|1
c04324,A,list_ref,1,const_local,optchain,len,0,inline,loud_check_reject,[ERROR]: member access '?.length' on non-object {w: i32}[]?,2|1
c04325,A,list_ref,1,const_local,optchain,len,1,inline,loud_check_reject,[ERROR]: member access '?.length' on non-object {w: i32}[]?,0|1
c04326,A,list_ref,1,let_local,nenull,len,0,inline,correct,,2|1
c04327,A,list_ref,1,let_local,nenull,len,1,inline,correct,,NUL|1
c04328,A,list_ref,1,let_local,eqnull_else,len,0,inline,correct,,2|1
c04329,A,list_ref,1,let_local,eqnull_else,len,1,inline,correct,,NUL|1
c04330,A,list_ref,1,let_local,is_t,len,0,inline,correct,,2|1
c04331,A,list_ref,1,let_local,is_t,len,1,inline,correct,,NUL|1
c04332,A,list_ref,1,let_local,match_null,len,0,inline,correct,,2|1
c04333,A,list_ref,1,let_local,match_null,len,1,inline,correct,,NUL|1
c04334,A,list_ref,1,let_local,eqnullcmp,len,0,inline,correct,,false|1
c04335,A,list_ref,1,let_local,eqnullcmp,len,1,inline,correct,,true|1
c04336,A,list_ref,1,let_local,while_g,len,0,inline,correct,,2|1
c04337,A,list_ref,1,let_local,while_g,len,1,inline,correct,,NUL|1
c04338,A,list_ref,1,let_local,optchain,len,0,inline,loud_check_reject,[ERROR]: member access '?.length' on non-object {w: i32}[]?,2|1
c04339,A,list_ref,1,let_local,optchain,len,1,inline,loud_check_reject,[ERROR]: member access '?.length' on non-object {w: i32}[]?,0|1
c04340,A,list_ref,1,param,nenull,len,0,inline,correct,,2|1
c04341,A,list_ref,1,param,nenull,len,1,inline,correct,,NUL|1
c04342,A,list_ref,1,param,eqnull_else,len,0,inline,correct,,2|1
c04343,A,list_ref,1,param,eqnull_else,len,1,inline,correct,,NUL|1
c04344,A,list_ref,1,param,is_t,len,0,inline,correct,,2|1
c04345,A,list_ref,1,param,is_t,len,1,inline,correct,,NUL|1
c04346,A,list_ref,1,param,match_null,len,0,inline,correct,,2|1
c04347,A,list_ref,1,param,match_null,len,1,inline,correct,,NUL|1
c04348,A,list_ref,1,param,eqnullcmp,len,0,inline,correct,,false|1
c04349,A,list_ref,1,param,eqnullcmp,len,1,inline,correct,,true|1
c04350,A,list_ref,1,param,while_g,len,0,inline,correct,,2|1
c04351,A,list_ref,1,param,while_g,len,1,inline,correct,,NUL|1
c04352,A,list_ref,1,param,optchain,len,0,inline,loud_check_reject,[ERROR]: member access '?.length' on non-object {w: i32}[]?,2|1
c04353,A,list_ref,1,param,optchain,len,1,inline,loud_check_reject,[ERROR]: member access '?.length' on non-object {w: i32}[]?,0|1
c04354,A,list_ref,1,ret_unann,nenull,len,0,inline,correct,,2|1
c04355,A,list_ref,1,ret_unann,nenull,len,1,inline,correct,,NUL|1
c04356,A,list_ref,1,ret_unann,eqnull_else,len,0,inline,correct,,2|1
c04357,A,list_ref,1,ret_unann,eqnull_else,len,1,inline,correct,,NUL|1
c04358,A,list_ref,1,ret_unann,is_t,len,0,inline,correct,,2|1
c04359,A,list_ref,1,ret_unann,is_t,len,1,inline,correct,,NUL|1
c04360,A,list_ref,1,ret_unann,match_null,len,0,inline,correct,,2|1
c04361,A,list_ref,1,ret_unann,match_null,len,1,inline,correct,,NUL|1
c04362,A,list_ref,1,ret_unann,eqnullcmp,len,0,inline,correct,,false|1
c04363,A,list_ref,1,ret_unann,eqnullcmp,len,1,inline,correct,,true|1
c04364,A,list_ref,1,ret_unann,while_g,len,0,inline,correct,,2|1
c04365,A,list_ref,1,ret_unann,while_g,len,1,inline,correct,,NUL|1
c04366,A,list_ref,1,ret_unann,optchain,len,0,inline,loud_check_reject,[ERROR]: member access '?.length' on non-object {w: i32}[]?,2|1
c04367,A,list_ref,1,ret_unann,optchain,len,1,inline,loud_check_reject,[ERROR]: member access '?.length' on non-object {w: i32}[]?,0|1
c04368,A,list_ref,1,ret_ann,nenull,len,0,inline,correct,,2|1
c04369,A,list_ref,1,ret_ann,nenull,len,1,inline,correct,,NUL|1
c04370,A,list_ref,1,ret_ann,eqnull_else,len,0,inline,correct,,2|1
c04371,A,list_ref,1,ret_ann,eqnull_else,len,1,inline,correct,,NUL|1
c04372,A,list_ref,1,ret_ann,is_t,len,0,inline,correct,,2|1
c04373,A,list_ref,1,ret_ann,is_t,len,1,inline,correct,,NUL|1
c04374,A,list_ref,1,ret_ann,match_null,len,0,inline,correct,,2|1
c04375,A,list_ref,1,ret_ann,match_null,len,1,inline,correct,,NUL|1
c04376,A,list_ref,1,ret_ann,eqnullcmp,len,0,inline,correct,,false|1
c04377,A,list_ref,1,ret_ann,eqnullcmp,len,1,inline,correct,,true|1
c04378,A,list_ref,1,ret_ann,while_g,len,0,inline,correct,,2|1
c04379,A,list_ref,1,ret_ann,while_g,len,1,inline,correct,,NUL|1
c04380,A,list_ref,1,ret_ann,optchain,len,0,inline,loud_check_reject,[ERROR]: member access '?.length' on non-object {w: i32}[]?,2|1
c04381,A,list_ref,1,ret_ann,optchain,len,1,inline,loud_check_reject,[ERROR]: member access '?.length' on non-object {w: i32}[]?,0|1
c04382,A,list_ref,1,global,nenull,len,0,inline,correct,,2|1
c04383,A,list_ref,1,global,nenull,len,1,inline,correct,,NUL|1
c04384,A,list_ref,1,global,eqnull_else,len,0,inline,correct,,2|1
c04385,A,list_ref,1,global,eqnull_else,len,1,inline,correct,,NUL|1
c04386,A,list_ref,1,global,is_t,len,0,inline,correct,,2|1
c04387,A,list_ref,1,global,is_t,len,1,inline,correct,,NUL|1
c04388,A,list_ref,1,global,match_null,len,0,inline,correct,,2|1
c04389,A,list_ref,1,global,match_null,len,1,inline,correct,,NUL|1
c04390,A,list_ref,1,global,eqnullcmp,len,0,inline,correct,,false|1
c04391,A,list_ref,1,global,eqnullcmp,len,1,inline,correct,,true|1
c04392,A,list_ref,1,global,while_g,len,0,inline,correct,,2|1
c04393,A,list_ref,1,global,while_g,len,1,inline,correct,,NUL|1
c04394,A,list_ref,1,global,optchain,len,0,inline,loud_check_reject,[ERROR]: member access '?.length' on non-object {w: i32}[]?,2|1
c04395,A,list_ref,1,global,optchain,len,1,inline,loud_check_reject,[ERROR]: member access '?.length' on non-object {w: i32}[]?,0|1
c04396,A,list_ref,1,field,nenull,len,0,inline,correct,,2|1
c04397,A,list_ref,1,field,nenull,len,1,inline,correct,,NUL|1
c04398,A,list_ref,1,field,eqnull_else,len,0,inline,correct,,2|1
c04399,A,list_ref,1,field,eqnull_else,len,1,inline,correct,,NUL|1
c04400,A,list_ref,1,field,is_t,len,0,inline,correct,,2|1
c04401,A,list_ref,1,field,is_t,len,1,inline,correct,,NUL|1
c04402,A,list_ref,1,field,match_null,len,0,inline,correct,,2|1
c04403,A,list_ref,1,field,match_null,len,1,inline,correct,,NUL|1
c04404,A,list_ref,1,field,eqnullcmp,len,0,inline,correct,,false|1
c04405,A,list_ref,1,field,eqnullcmp,len,1,inline,correct,,true|1
c04406,A,list_ref,1,field,while_g,len,0,inline,correct,,2|1
c04407,A,list_ref,1,field,while_g,len,1,inline,correct,,NUL|1
c04408,A,list_ref,1,field,optchain,len,0,inline,loud_check_reject,[ERROR]: member access '?.length' on non-object {w: i32}[]?,2|1
c04409,A,list_ref,1,field,optchain,len,1,inline,loud_check_reject,[ERROR]: member access '?.length' on non-object {w: i32}[]?,0|1
c04410,A,list_ref,1,elem,nenull,len,0,inline,correct,,2|1
c04411,A,list_ref,1,elem,nenull,len,1,inline,correct,,NUL|1
c04412,A,list_ref,1,elem,eqnull_else,len,0,inline,correct,,2|1
c04413,A,list_ref,1,elem,eqnull_else,len,1,inline,correct,,NUL|1
c04414,A,list_ref,1,elem,is_t,len,0,inline,correct,,2|1
c04415,A,list_ref,1,elem,is_t,len,1,inline,correct,,NUL|1
c04416,A,list_ref,1,elem,match_null,len,0,inline,correct,,2|1
c04417,A,list_ref,1,elem,match_null,len,1,inline,correct,,NUL|1
c04418,A,list_ref,1,elem,eqnullcmp,len,0,inline,correct,,false|1
c04419,A,list_ref,1,elem,eqnullcmp,len,1,inline,correct,,true|1
c04420,A,list_ref,1,elem,while_g,len,0,inline,correct,,2|1
c04421,A,list_ref,1,elem,while_g,len,1,inline,correct,,NUL|1
c04422,A,list_ref,1,elem,optchain,len,0,inline,loud_check_reject,[ERROR]: member access '?.length' on non-object {w: i32}[]?,2|1
c04423,A,list_ref,1,elem,optchain,len,1,inline,loud_check_reject,[ERROR]: member access '?.length' on non-object {w: i32}[]?,0|1
c04424,A,list_ref,1,mapval,nenull,len,0,inline,loud_emit_reject,"emitProgram: unsupported map value type (no rep for a union-member struct, a nullable list, or a nullable litunion-result closure; any other value type here interned no mv slot)",2|1
c04425,A,list_ref,1,mapval,nenull,len,1,inline,loud_emit_reject,"emitProgram: unsupported map value type (no rep for a union-member struct, a nullable list, or a nullable litunion-result closure; any other value type here interned no mv slot)",NUL|1
c04426,A,list_ref,1,mapval,eqnull_else,len,0,inline,loud_emit_reject,"emitProgram: unsupported map value type (no rep for a union-member struct, a nullable list, or a nullable litunion-result closure; any other value type here interned no mv slot)",2|1
c04427,A,list_ref,1,mapval,eqnull_else,len,1,inline,loud_emit_reject,"emitProgram: unsupported map value type (no rep for a union-member struct, a nullable list, or a nullable litunion-result closure; any other value type here interned no mv slot)",NUL|1
c04428,A,list_ref,1,mapval,is_t,len,0,inline,loud_emit_reject,"emitProgram: unsupported map value type (no rep for a union-member struct, a nullable list, or a nullable litunion-result closure; any other value type here interned no mv slot)",2|1
c04429,A,list_ref,1,mapval,is_t,len,1,inline,loud_emit_reject,"emitProgram: unsupported map value type (no rep for a union-member struct, a nullable list, or a nullable litunion-result closure; any other value type here interned no mv slot)",NUL|1
c04430,A,list_ref,1,mapval,match_null,len,0,inline,loud_emit_reject,"emitProgram: unsupported map value type (no rep for a union-member struct, a nullable list, or a nullable litunion-result closure; any other value type here interned no mv slot)",2|1
c04431,A,list_ref,1,mapval,match_null,len,1,inline,loud_emit_reject,"emitProgram: unsupported map value type (no rep for a union-member struct, a nullable list, or a nullable litunion-result closure; any other value type here interned no mv slot)",NUL|1
c04432,A,list_ref,1,mapval,eqnullcmp,len,0,inline,loud_emit_reject,"emitProgram: unsupported map value type (no rep for a union-member struct, a nullable list, or a nullable litunion-result closure; any other value type here interned no mv slot)",false|1
c04433,A,list_ref,1,mapval,eqnullcmp,len,1,inline,loud_emit_reject,"emitProgram: unsupported map value type (no rep for a union-member struct, a nullable list, or a nullable litunion-result closure; any other value type here interned no mv slot)",true|1
c04434,A,list_ref,1,mapval,while_g,len,0,inline,loud_emit_reject,"emitProgram: unsupported map value type (no rep for a union-member struct, a nullable list, or a nullable litunion-result closure; any other value type here interned no mv slot)",2|1
c04435,A,list_ref,1,mapval,while_g,len,1,inline,loud_emit_reject,"emitProgram: unsupported map value type (no rep for a union-member struct, a nullable list, or a nullable litunion-result closure; any other value type here interned no mv slot)",NUL|1
c04436,A,list_ref,1,mapval,optchain,len,0,inline,loud_check_reject,[ERROR]: member access '?.length' on non-object {w: i32}[]??,2|1
c04437,A,list_ref,1,mapval,optchain,len,1,inline,loud_check_reject,[ERROR]: member access '?.length' on non-object {w: i32}[]??,0|1
c04438,A,list_ref,1,capture,nenull,len,0,inline,loud_emit_reject,emitProgram: ref valtype with no interned shape,2|1
c04439,A,list_ref,1,capture,nenull,len,1,inline,loud_emit_reject,emitProgram: ref valtype with no interned shape,NUL|1
c04440,A,list_ref,1,capture,eqnull_else,len,0,inline,loud_emit_reject,emitProgram: ref valtype with no interned shape,2|1
c04441,A,list_ref,1,capture,eqnull_else,len,1,inline,loud_emit_reject,emitProgram: ref valtype with no interned shape,NUL|1
c04442,A,list_ref,1,capture,is_t,len,0,inline,loud_emit_reject,emitProgram: ref valtype with no interned shape,2|1
c04443,A,list_ref,1,capture,is_t,len,1,inline,loud_emit_reject,emitProgram: ref valtype with no interned shape,NUL|1
c04444,A,list_ref,1,capture,match_null,len,0,inline,loud_emit_reject,emitProgram: ref valtype with no interned shape,2|1
c04445,A,list_ref,1,capture,match_null,len,1,inline,loud_emit_reject,emitProgram: ref valtype with no interned shape,NUL|1
c04446,A,list_ref,1,capture,eqnullcmp,len,0,inline,loud_emit_reject,emitProgram: ref valtype with no interned shape,false|1
c04447,A,list_ref,1,capture,eqnullcmp,len,1,inline,loud_emit_reject,emitProgram: ref valtype with no interned shape,true|1
c04448,A,list_ref,1,capture,while_g,len,0,inline,loud_emit_reject,emitProgram: ref valtype with no interned shape,2|1
c04449,A,list_ref,1,capture,while_g,len,1,inline,loud_emit_reject,emitProgram: ref valtype with no interned shape,NUL|1
c04450,A,list_ref,1,capture,optchain,len,0,inline,loud_check_reject,[ERROR]: member access '?.length' on non-object {w: i32}[]?,2|1
c04451,A,list_ref,1,capture,optchain,len,1,inline,loud_check_reject,[ERROR]: member access '?.length' on non-object {w: i32}[]?,0|1
c04452,A,list_ref,1,loopvar,nenull,len,0,inline,loud_emit_reject,emitProgram: bare null needs a struct-typed context,2|1
c04453,A,list_ref,1,loopvar,nenull,len,1,inline,loud_emit_reject,emitProgram: bare null needs a struct-typed context,NUL|1
c04454,A,list_ref,1,loopvar,eqnull_else,len,0,inline,loud_emit_reject,emitProgram: bare null needs a struct-typed context,2|1
c04455,A,list_ref,1,loopvar,eqnull_else,len,1,inline,loud_emit_reject,emitProgram: bare null needs a struct-typed context,NUL|1
c04456,A,list_ref,1,loopvar,is_t,len,0,inline,loud_emit_reject,emitProgram: `is` test but no union type declared,2|1
c04457,A,list_ref,1,loopvar,is_t,len,1,inline,loud_emit_reject,emitProgram: `is` test but no union type declared,NUL|1
c04458,A,list_ref,1,loopvar,match_null,len,0,inline,loud_emit_reject,emitProgram: `is` test but no union type declared,2|1
c04459,A,list_ref,1,loopvar,match_null,len,1,inline,loud_emit_reject,emitProgram: `is` test but no union type declared,NUL|1
c04460,A,list_ref,1,loopvar,eqnullcmp,len,0,inline,loud_emit_reject,emitProgram: bare null needs a struct-typed context,false|1
c04461,A,list_ref,1,loopvar,eqnullcmp,len,1,inline,loud_emit_reject,emitProgram: bare null needs a struct-typed context,true|1
c04462,A,list_ref,1,loopvar,while_g,len,0,inline,loud_emit_reject,emitProgram: bare null needs a struct-typed context,2|1
c04463,A,list_ref,1,loopvar,while_g,len,1,inline,loud_emit_reject,emitProgram: bare null needs a struct-typed context,NUL|1
c04464,A,list_ref,1,loopvar,optchain,len,0,inline,loud_check_reject,[ERROR]: member access '?.length' on non-object {w: i32}[]?,2|1
c04465,A,list_ref,1,loopvar,optchain,len,1,inline,loud_check_reject,[ERROR]: member access '?.length' on non-object {w: i32}[]?,0|1
c04466,A,closure,0,const_local,direct,call,0,inline,correct,,4|1
c04467,A,closure,0,const_local,direct,call,1,inline,correct,,5|1
c04468,A,closure,0,const_local,is_t,call,0,inline,loud_emit_reject,emitProgram: `is` test but no union type declared,4|1
c04469,A,closure,0,const_local,is_t,call,1,inline,loud_emit_reject,emitProgram: `is` test but no union type declared,5|1
c04470,A,closure,0,let_local,direct,call,0,inline,correct,,4|1
c04471,A,closure,0,let_local,direct,call,1,inline,correct,,5|1
c04472,A,closure,0,let_local,is_t,call,0,inline,loud_emit_reject,emitProgram: `is` test but no union type declared,4|1
c04473,A,closure,0,let_local,is_t,call,1,inline,loud_emit_reject,emitProgram: `is` test but no union type declared,5|1
c04474,A,closure,0,param,direct,call,0,inline,correct,,4|1
c04475,A,closure,0,param,direct,call,1,inline,correct,,5|1
c04476,A,closure,0,param,is_t,call,0,inline,loud_emit_reject,emitProgram: `is` test but no union type declared,4|1
c04477,A,closure,0,param,is_t,call,1,inline,loud_emit_reject,emitProgram: `is` test but no union type declared,5|1
c04478,A,closure,0,ret_unann,direct,call,0,inline,correct,,4|1
c04479,A,closure,0,ret_unann,direct,call,1,inline,correct,,5|1
c04480,A,closure,0,ret_unann,is_t,call,0,inline,loud_emit_reject,emitProgram: `is` test but no union type declared,4|1
c04481,A,closure,0,ret_unann,is_t,call,1,inline,loud_emit_reject,emitProgram: `is` test but no union type declared,5|1
c04482,A,closure,0,ret_ann,direct,call,0,inline,correct,,4|1
c04483,A,closure,0,ret_ann,direct,call,1,inline,correct,,5|1
c04484,A,closure,0,ret_ann,is_t,call,0,inline,loud_emit_reject,emitProgram: `is` test but no union type declared,4|1
c04485,A,closure,0,ret_ann,is_t,call,1,inline,loud_emit_reject,emitProgram: `is` test but no union type declared,5|1
c04486,A,closure,0,global,direct,call,0,inline,correct,,4|1
c04487,A,closure,0,global,direct,call,1,inline,correct,,5|1
c04488,A,closure,0,global,is_t,call,0,inline,loud_emit_reject,emitProgram: `is` test but no union type declared,4|1
c04489,A,closure,0,global,is_t,call,1,inline,loud_emit_reject,emitProgram: `is` test but no union type declared,5|1
c04490,A,closure,0,field,direct,call,0,inline,correct,,4|1
c04491,A,closure,0,field,direct,call,1,inline,correct,,5|1
c04492,A,closure,0,field,is_t,call,0,inline,loud_emit_reject,emitProgram: `is` test but no union type declared,4|1
c04493,A,closure,0,field,is_t,call,1,inline,loud_emit_reject,emitProgram: `is` test but no union type declared,5|1
c04494,A,closure,0,elem,direct,call,0,inline,loud_check_reject,[ERROR]: cannot assign (i32) -> i32[] to 'xs' of type (i32) -> i32[],4|1
c04495,A,closure,0,elem,direct,call,1,inline,loud_check_reject,[ERROR]: cannot assign (i32) -> i32[] to 'xs' of type (i32) -> i32[],5|1
c04496,A,closure,0,elem,is_t,call,0,inline,loud_check_reject,[ERROR]: cannot assign (i32) -> i32[] to 'xs' of type (i32) -> i32[],4|1
c04497,A,closure,0,elem,is_t,call,1,inline,loud_check_reject,[ERROR]: cannot assign (i32) -> i32[] to 'xs' of type (i32) -> i32[],5|1
c04498,A,closure,0,mapval,direct,call,0,inline,loud_check_reject,[ERROR]: called value is not a function ((i32) -> i32?),4|1
c04499,A,closure,0,mapval,direct,call,1,inline,loud_check_reject,[ERROR]: called value is not a function ((i32) -> i32?),5|1
c04500,A,closure,0,mapval,is_t,call,0,inline,correct,,4|1
c04501,A,closure,0,mapval,is_t,call,1,inline,correct,,5|1
c04502,A,closure,0,capture,direct,call,0,inline,loud_emit_reject,emitProgram: call to unknown function,4|1
c04503,A,closure,0,capture,direct,call,1,inline,loud_emit_reject,emitProgram: call to unknown function,5|1
c04504,A,closure,0,capture,is_t,call,0,inline,loud_emit_reject,emitProgram: call to unknown function,4|1
c04505,A,closure,0,capture,is_t,call,1,inline,loud_emit_reject,emitProgram: call to unknown function,5|1
c04506,A,closure,0,loopvar,direct,call,0,inline,loud_check_reject,[ERROR]: cannot assign (i32) -> i32[] to 'xs' of type (i32) -> i32[],4|1
c04507,A,closure,0,loopvar,direct,call,1,inline,loud_check_reject,[ERROR]: cannot assign (i32) -> i32[] to 'xs' of type (i32) -> i32[],5|1
c04508,A,closure,0,loopvar,is_t,call,0,inline,loud_check_reject,[ERROR]: cannot assign (i32) -> i32[] to 'xs' of type (i32) -> i32[],4|1
c04509,A,closure,0,loopvar,is_t,call,1,inline,loud_check_reject,[ERROR]: cannot assign (i32) -> i32[] to 'xs' of type (i32) -> i32[],5|1
c04510,A,closure,1,const_local,nenull,call,0,inline,loud_check_reject,[ERROR]: cannot compare (i32) -> i32? with null,4|1
c04511,A,closure,1,const_local,nenull,call,1,inline,loud_check_reject,"[ERROR]: return type mismatch: expected (i32) -> i32?, got null",NUL|1
c04512,A,closure,1,const_local,eqnull_else,call,0,inline,loud_check_reject,[ERROR]: cannot compare (i32) -> i32? with null,4|1
c04513,A,closure,1,const_local,eqnull_else,call,1,inline,loud_check_reject,"[ERROR]: return type mismatch: expected (i32) -> i32?, got null",NUL|1
c04514,A,closure,1,const_local,is_t,call,0,inline,loud_emit_reject,emitProgram: `is` names a type that is not a union variant,4|1
c04515,A,closure,1,const_local,is_t,call,1,inline,loud_check_reject,"[ERROR]: return type mismatch: expected (i32) -> i32?, got null",NUL|1
c04516,A,closure,1,const_local,match_null,call,0,inline,loud_check_reject,"[ERROR]: match scrutinee must be a union, got (i32) -> i32?",4|1
c04517,A,closure,1,const_local,match_null,call,1,inline,loud_check_reject,"[ERROR]: return type mismatch: expected (i32) -> i32?, got null",NUL|1
c04518,A,closure,1,const_local,eqnullcmp,call,0,inline,loud_check_reject,[ERROR]: cannot compare (i32) -> i32? with null,false|1
c04519,A,closure,1,const_local,eqnullcmp,call,1,inline,loud_check_reject,"[ERROR]: return type mismatch: expected (i32) -> i32?, got null",true|1
c04520,A,closure,1,const_local,while_g,call,0,inline,loud_check_reject,[ERROR]: cannot compare (i32) -> i32? with null,4|1
c04521,A,closure,1,const_local,while_g,call,1,inline,loud_check_reject,"[ERROR]: return type mismatch: expected (i32) -> i32?, got null",NUL|1
c04522,A,closure,1,let_local,nenull,call,0,inline,loud_check_reject,[ERROR]: cannot compare (i32) -> i32? with null,4|1
c04523,A,closure,1,let_local,nenull,call,1,inline,loud_check_reject,"[ERROR]: return type mismatch: expected (i32) -> i32?, got null",NUL|1
c04524,A,closure,1,let_local,eqnull_else,call,0,inline,loud_check_reject,[ERROR]: cannot compare (i32) -> i32? with null,4|1
c04525,A,closure,1,let_local,eqnull_else,call,1,inline,loud_check_reject,"[ERROR]: return type mismatch: expected (i32) -> i32?, got null",NUL|1
c04526,A,closure,1,let_local,is_t,call,0,inline,loud_emit_reject,emitProgram: `is` names a type that is not a union variant,4|1
c04527,A,closure,1,let_local,is_t,call,1,inline,loud_check_reject,"[ERROR]: return type mismatch: expected (i32) -> i32?, got null",NUL|1
c04528,A,closure,1,let_local,match_null,call,0,inline,loud_check_reject,"[ERROR]: match scrutinee must be a union, got (i32) -> i32?",4|1
c04529,A,closure,1,let_local,match_null,call,1,inline,loud_check_reject,"[ERROR]: return type mismatch: expected (i32) -> i32?, got null",NUL|1
c04530,A,closure,1,let_local,eqnullcmp,call,0,inline,loud_check_reject,[ERROR]: cannot compare (i32) -> i32? with null,false|1
c04531,A,closure,1,let_local,eqnullcmp,call,1,inline,loud_check_reject,"[ERROR]: return type mismatch: expected (i32) -> i32?, got null",true|1
c04532,A,closure,1,let_local,while_g,call,0,inline,loud_check_reject,[ERROR]: cannot compare (i32) -> i32? with null,4|1
c04533,A,closure,1,let_local,while_g,call,1,inline,loud_check_reject,"[ERROR]: return type mismatch: expected (i32) -> i32?, got null",NUL|1
c04534,A,closure,1,param,nenull,call,0,inline,loud_check_reject,[ERROR]: cannot compare (i32) -> i32? with null,4|1
c04535,A,closure,1,param,nenull,call,1,inline,loud_check_reject,"[ERROR]: return type mismatch: expected (i32) -> i32?, got null",NUL|1
c04536,A,closure,1,param,eqnull_else,call,0,inline,loud_check_reject,[ERROR]: cannot compare (i32) -> i32? with null,4|1
c04537,A,closure,1,param,eqnull_else,call,1,inline,loud_check_reject,"[ERROR]: return type mismatch: expected (i32) -> i32?, got null",NUL|1
c04538,A,closure,1,param,is_t,call,0,inline,loud_emit_reject,emitProgram: `is` names a type that is not a union variant,4|1
c04539,A,closure,1,param,is_t,call,1,inline,loud_check_reject,"[ERROR]: return type mismatch: expected (i32) -> i32?, got null",NUL|1
c04540,A,closure,1,param,match_null,call,0,inline,loud_check_reject,"[ERROR]: match scrutinee must be a union, got (i32) -> i32?",4|1
c04541,A,closure,1,param,match_null,call,1,inline,loud_check_reject,"[ERROR]: return type mismatch: expected (i32) -> i32?, got null",NUL|1
c04542,A,closure,1,param,eqnullcmp,call,0,inline,loud_check_reject,[ERROR]: cannot compare (i32) -> i32? with null,false|1
c04543,A,closure,1,param,eqnullcmp,call,1,inline,loud_check_reject,"[ERROR]: return type mismatch: expected (i32) -> i32?, got null",true|1
c04544,A,closure,1,param,while_g,call,0,inline,loud_check_reject,[ERROR]: cannot compare (i32) -> i32? with null,4|1
c04545,A,closure,1,param,while_g,call,1,inline,loud_check_reject,"[ERROR]: return type mismatch: expected (i32) -> i32?, got null",NUL|1
c04546,A,closure,1,ret_unann,nenull,call,0,inline,loud_check_reject,[ERROR]: cannot compare (i32) -> i32? with null,4|1
c04547,A,closure,1,ret_unann,nenull,call,1,inline,loud_check_reject,"[ERROR]: return type mismatch: expected (i32) -> i32?, got null",NUL|1
c04548,A,closure,1,ret_unann,eqnull_else,call,0,inline,loud_check_reject,[ERROR]: cannot compare (i32) -> i32? with null,4|1
c04549,A,closure,1,ret_unann,eqnull_else,call,1,inline,loud_check_reject,"[ERROR]: return type mismatch: expected (i32) -> i32?, got null",NUL|1
c04550,A,closure,1,ret_unann,is_t,call,0,inline,loud_emit_reject,emitProgram: `is` names a type that is not a union variant,4|1
c04551,A,closure,1,ret_unann,is_t,call,1,inline,loud_check_reject,"[ERROR]: return type mismatch: expected (i32) -> i32?, got null",NUL|1
c04552,A,closure,1,ret_unann,match_null,call,0,inline,loud_check_reject,"[ERROR]: match scrutinee must be a union, got (i32) -> i32?",4|1
c04553,A,closure,1,ret_unann,match_null,call,1,inline,loud_check_reject,"[ERROR]: return type mismatch: expected (i32) -> i32?, got null",NUL|1
c04554,A,closure,1,ret_unann,eqnullcmp,call,0,inline,loud_check_reject,[ERROR]: cannot compare (i32) -> i32? with null,false|1
c04555,A,closure,1,ret_unann,eqnullcmp,call,1,inline,loud_check_reject,"[ERROR]: return type mismatch: expected (i32) -> i32?, got null",true|1
c04556,A,closure,1,ret_unann,while_g,call,0,inline,loud_check_reject,[ERROR]: cannot compare (i32) -> i32? with null,4|1
c04557,A,closure,1,ret_unann,while_g,call,1,inline,loud_check_reject,"[ERROR]: return type mismatch: expected (i32) -> i32?, got null",NUL|1
c04558,A,closure,1,ret_ann,nenull,call,0,inline,loud_check_reject,[ERROR]: cannot compare (i32) -> i32? with null,4|1
c04559,A,closure,1,ret_ann,nenull,call,1,inline,loud_check_reject,"[ERROR]: return type mismatch: expected (i32) -> i32?, got null",NUL|1
c04560,A,closure,1,ret_ann,eqnull_else,call,0,inline,loud_check_reject,[ERROR]: cannot compare (i32) -> i32? with null,4|1
c04561,A,closure,1,ret_ann,eqnull_else,call,1,inline,loud_check_reject,"[ERROR]: return type mismatch: expected (i32) -> i32?, got null",NUL|1
c04562,A,closure,1,ret_ann,is_t,call,0,inline,loud_emit_reject,emitProgram: `is` names a type that is not a union variant,4|1
c04563,A,closure,1,ret_ann,is_t,call,1,inline,loud_check_reject,"[ERROR]: return type mismatch: expected (i32) -> i32?, got null",NUL|1
c04564,A,closure,1,ret_ann,match_null,call,0,inline,loud_check_reject,"[ERROR]: match scrutinee must be a union, got (i32) -> i32?",4|1
c04565,A,closure,1,ret_ann,match_null,call,1,inline,loud_check_reject,"[ERROR]: return type mismatch: expected (i32) -> i32?, got null",NUL|1
c04566,A,closure,1,ret_ann,eqnullcmp,call,0,inline,loud_check_reject,[ERROR]: cannot compare (i32) -> i32? with null,false|1
c04567,A,closure,1,ret_ann,eqnullcmp,call,1,inline,loud_check_reject,"[ERROR]: return type mismatch: expected (i32) -> i32?, got null",true|1
c04568,A,closure,1,ret_ann,while_g,call,0,inline,loud_check_reject,[ERROR]: cannot compare (i32) -> i32? with null,4|1
c04569,A,closure,1,ret_ann,while_g,call,1,inline,loud_check_reject,"[ERROR]: return type mismatch: expected (i32) -> i32?, got null",NUL|1
c04570,A,closure,1,global,nenull,call,0,inline,loud_check_reject,[ERROR]: cannot compare (i32) -> i32? with null,4|1
c04571,A,closure,1,global,nenull,call,1,inline,loud_check_reject,"[ERROR]: return type mismatch: expected (i32) -> i32?, got null",NUL|1
c04572,A,closure,1,global,eqnull_else,call,0,inline,loud_check_reject,[ERROR]: cannot compare (i32) -> i32? with null,4|1
c04573,A,closure,1,global,eqnull_else,call,1,inline,loud_check_reject,"[ERROR]: return type mismatch: expected (i32) -> i32?, got null",NUL|1
c04574,A,closure,1,global,is_t,call,0,inline,loud_emit_reject,emitProgram: `is` names a type that is not a union variant,4|1
c04575,A,closure,1,global,is_t,call,1,inline,loud_check_reject,"[ERROR]: return type mismatch: expected (i32) -> i32?, got null",NUL|1
c04576,A,closure,1,global,match_null,call,0,inline,loud_check_reject,"[ERROR]: match scrutinee must be a union, got (i32) -> i32?",4|1
c04577,A,closure,1,global,match_null,call,1,inline,loud_check_reject,"[ERROR]: return type mismatch: expected (i32) -> i32?, got null",NUL|1
c04578,A,closure,1,global,eqnullcmp,call,0,inline,loud_check_reject,[ERROR]: cannot compare (i32) -> i32? with null,false|1
c04579,A,closure,1,global,eqnullcmp,call,1,inline,loud_check_reject,"[ERROR]: return type mismatch: expected (i32) -> i32?, got null",true|1
c04580,A,closure,1,global,while_g,call,0,inline,loud_check_reject,[ERROR]: cannot compare (i32) -> i32? with null,4|1
c04581,A,closure,1,global,while_g,call,1,inline,loud_check_reject,"[ERROR]: return type mismatch: expected (i32) -> i32?, got null",NUL|1
c04582,A,closure,1,field,nenull,call,0,inline,loud_check_reject,[ERROR]: cannot compare (i32) -> i32? with null,4|1
c04583,A,closure,1,field,nenull,call,1,inline,loud_check_reject,"[ERROR]: return type mismatch: expected (i32) -> i32?, got null",NUL|1
c04584,A,closure,1,field,eqnull_else,call,0,inline,loud_check_reject,[ERROR]: cannot compare (i32) -> i32? with null,4|1
c04585,A,closure,1,field,eqnull_else,call,1,inline,loud_check_reject,"[ERROR]: return type mismatch: expected (i32) -> i32?, got null",NUL|1
c04586,A,closure,1,field,is_t,call,0,inline,loud_emit_reject,emitProgram: `is` names a type that is not a union variant,4|1
c04587,A,closure,1,field,is_t,call,1,inline,loud_check_reject,"[ERROR]: return type mismatch: expected (i32) -> i32?, got null",NUL|1
c04588,A,closure,1,field,match_null,call,0,inline,loud_check_reject,"[ERROR]: match scrutinee must be a union, got (i32) -> i32?",4|1
c04589,A,closure,1,field,match_null,call,1,inline,loud_check_reject,"[ERROR]: return type mismatch: expected (i32) -> i32?, got null",NUL|1
c04590,A,closure,1,field,eqnullcmp,call,0,inline,loud_check_reject,[ERROR]: cannot compare (i32) -> i32? with null,false|1
c04591,A,closure,1,field,eqnullcmp,call,1,inline,loud_check_reject,"[ERROR]: return type mismatch: expected (i32) -> i32?, got null",true|1
c04592,A,closure,1,field,while_g,call,0,inline,loud_check_reject,[ERROR]: cannot compare (i32) -> i32? with null,4|1
c04593,A,closure,1,field,while_g,call,1,inline,loud_check_reject,"[ERROR]: return type mismatch: expected (i32) -> i32?, got null",NUL|1
c04594,A,closure,1,elem,nenull,call,0,inline,loud_check_reject,[ERROR]: cannot compare (i32) -> i32? with null,4|1
c04595,A,closure,1,elem,nenull,call,1,inline,loud_check_reject,"[ERROR]: return type mismatch: expected (i32) -> i32?, got null",NUL|1
c04596,A,closure,1,elem,eqnull_else,call,0,inline,loud_check_reject,[ERROR]: cannot compare (i32) -> i32? with null,4|1
c04597,A,closure,1,elem,eqnull_else,call,1,inline,loud_check_reject,"[ERROR]: return type mismatch: expected (i32) -> i32?, got null",NUL|1
c04598,A,closure,1,elem,is_t,call,0,inline,loud_emit_reject,emitProgram: `is` names a type that is not a union variant,4|1
c04599,A,closure,1,elem,is_t,call,1,inline,loud_check_reject,"[ERROR]: return type mismatch: expected (i32) -> i32?, got null",NUL|1
c04600,A,closure,1,elem,match_null,call,0,inline,loud_check_reject,"[ERROR]: match scrutinee must be a union, got (i32) -> i32?",4|1
c04601,A,closure,1,elem,match_null,call,1,inline,loud_check_reject,"[ERROR]: return type mismatch: expected (i32) -> i32?, got null",NUL|1
c04602,A,closure,1,elem,eqnullcmp,call,0,inline,loud_check_reject,[ERROR]: cannot compare (i32) -> i32? with null,false|1
c04603,A,closure,1,elem,eqnullcmp,call,1,inline,loud_check_reject,"[ERROR]: return type mismatch: expected (i32) -> i32?, got null",true|1
c04604,A,closure,1,elem,while_g,call,0,inline,loud_check_reject,[ERROR]: cannot compare (i32) -> i32? with null,4|1
c04605,A,closure,1,elem,while_g,call,1,inline,loud_check_reject,"[ERROR]: return type mismatch: expected (i32) -> i32?, got null",NUL|1
c04606,A,closure,1,mapval,nenull,call,0,inline,loud_check_reject,"[ERROR]: print of a union value (i32?) is type-valid but not yet supported by codegen — narrow it first, e.g. `if v is i32 { print(v) }`",4|1
c04607,A,closure,1,mapval,nenull,call,1,inline,loud_check_reject,"[ERROR]: return type mismatch: expected (i32) -> i32?, got null",NUL|1
c04608,A,closure,1,mapval,eqnull_else,call,0,inline,loud_check_reject,"[ERROR]: print of a union value (i32?) is type-valid but not yet supported by codegen — narrow it first, e.g. `if v is i32 { print(v) }`",4|1
c04609,A,closure,1,mapval,eqnull_else,call,1,inline,loud_check_reject,"[ERROR]: return type mismatch: expected (i32) -> i32?, got null",NUL|1
c04610,A,closure,1,mapval,is_t,call,0,inline,loud_emit_reject,emitProgram: function-value call arity has no interned signature,4|1
c04611,A,closure,1,mapval,is_t,call,1,inline,loud_check_reject,"[ERROR]: return type mismatch: expected (i32) -> i32?, got null",NUL|1
c04612,A,closure,1,mapval,match_null,call,0,inline,loud_check_reject,"[ERROR]: print of a union value (i32?) is type-valid but not yet supported by codegen — narrow it first, e.g. `if v is i32 { print(v) }`",4|1
c04613,A,closure,1,mapval,match_null,call,1,inline,loud_check_reject,"[ERROR]: return type mismatch: expected (i32) -> i32?, got null",NUL|1
c04614,A,closure,1,mapval,eqnullcmp,call,0,inline,correct,,false|1
c04615,A,closure,1,mapval,eqnullcmp,call,1,inline,loud_check_reject,"[ERROR]: return type mismatch: expected (i32) -> i32?, got null",true|1
c04616,A,closure,1,mapval,while_g,call,0,inline,loud_check_reject,"[ERROR]: print of a union value (i32?) is type-valid but not yet supported by codegen — narrow it first, e.g. `if v is i32 { print(v) }`",4|1
c04617,A,closure,1,mapval,while_g,call,1,inline,loud_check_reject,"[ERROR]: return type mismatch: expected (i32) -> i32?, got null",NUL|1
c04618,A,closure,1,capture,nenull,call,0,inline,loud_check_reject,[ERROR]: cannot compare (i32) -> i32? with null,4|1
c04619,A,closure,1,capture,nenull,call,1,inline,loud_check_reject,"[ERROR]: return type mismatch: expected (i32) -> i32?, got null",NUL|1
c04620,A,closure,1,capture,eqnull_else,call,0,inline,loud_check_reject,[ERROR]: cannot compare (i32) -> i32? with null,4|1
c04621,A,closure,1,capture,eqnull_else,call,1,inline,loud_check_reject,"[ERROR]: return type mismatch: expected (i32) -> i32?, got null",NUL|1
c04622,A,closure,1,capture,is_t,call,0,inline,loud_emit_reject,emitProgram: call to unknown function,4|1
c04623,A,closure,1,capture,is_t,call,1,inline,loud_check_reject,"[ERROR]: return type mismatch: expected (i32) -> i32?, got null",NUL|1
c04624,A,closure,1,capture,match_null,call,0,inline,loud_check_reject,"[ERROR]: match scrutinee must be a union, got (i32) -> i32?",4|1
c04625,A,closure,1,capture,match_null,call,1,inline,loud_check_reject,"[ERROR]: return type mismatch: expected (i32) -> i32?, got null",NUL|1
c04626,A,closure,1,capture,eqnullcmp,call,0,inline,loud_check_reject,[ERROR]: cannot compare (i32) -> i32? with null,false|1
c04627,A,closure,1,capture,eqnullcmp,call,1,inline,loud_check_reject,"[ERROR]: return type mismatch: expected (i32) -> i32?, got null",true|1
c04628,A,closure,1,capture,while_g,call,0,inline,loud_check_reject,[ERROR]: cannot compare (i32) -> i32? with null,4|1
c04629,A,closure,1,capture,while_g,call,1,inline,loud_check_reject,"[ERROR]: return type mismatch: expected (i32) -> i32?, got null",NUL|1
c04630,A,closure,1,loopvar,nenull,call,0,inline,loud_check_reject,[ERROR]: cannot compare (i32) -> i32? with null,4|1
c04631,A,closure,1,loopvar,nenull,call,1,inline,loud_check_reject,"[ERROR]: return type mismatch: expected (i32) -> i32?, got null",NUL|1
c04632,A,closure,1,loopvar,eqnull_else,call,0,inline,loud_check_reject,[ERROR]: cannot compare (i32) -> i32? with null,4|1
c04633,A,closure,1,loopvar,eqnull_else,call,1,inline,loud_check_reject,"[ERROR]: return type mismatch: expected (i32) -> i32?, got null",NUL|1
c04634,A,closure,1,loopvar,is_t,call,0,inline,loud_emit_reject,emitProgram: `is` names a type that is not a union variant,4|1
c04635,A,closure,1,loopvar,is_t,call,1,inline,loud_check_reject,"[ERROR]: return type mismatch: expected (i32) -> i32?, got null",NUL|1
c04636,A,closure,1,loopvar,match_null,call,0,inline,loud_check_reject,"[ERROR]: match scrutinee must be a union, got (i32) -> i32?",4|1
c04637,A,closure,1,loopvar,match_null,call,1,inline,loud_check_reject,"[ERROR]: return type mismatch: expected (i32) -> i32?, got null",NUL|1
c04638,A,closure,1,loopvar,eqnullcmp,call,0,inline,loud_check_reject,[ERROR]: cannot compare (i32) -> i32? with null,false|1
c04639,A,closure,1,loopvar,eqnullcmp,call,1,inline,loud_check_reject,"[ERROR]: return type mismatch: expected (i32) -> i32?, got null",true|1
c04640,A,closure,1,loopvar,while_g,call,0,inline,loud_check_reject,[ERROR]: cannot compare (i32) -> i32? with null,4|1
c04641,A,closure,1,loopvar,while_g,call,1,inline,loud_check_reject,"[ERROR]: return type mismatch: expected (i32) -> i32?, got null",NUL|1
c04642,A,map_str,0,const_local,direct,size,0,inline,correct,,2|1
c04643,A,map_str,0,const_local,direct,size,1,inline,correct,,1|1
c04644,A,map_str,0,const_local,is_t,size,0,inline,correct,,2|1
c04645,A,map_str,0,const_local,is_t,size,1,inline,correct,,1|1
c04646,A,map_str,0,let_local,direct,size,0,inline,correct,,2|1
c04647,A,map_str,0,let_local,direct,size,1,inline,correct,,1|1
c04648,A,map_str,0,let_local,is_t,size,0,inline,correct,,2|1
c04649,A,map_str,0,let_local,is_t,size,1,inline,correct,,1|1
c04650,A,map_str,0,param,direct,size,0,inline,correct,,2|1
c04651,A,map_str,0,param,direct,size,1,inline,correct,,1|1
c04652,A,map_str,0,param,is_t,size,0,inline,correct,,2|1
c04653,A,map_str,0,param,is_t,size,1,inline,correct,,1|1
c04654,A,map_str,0,ret_unann,direct,size,0,inline,correct,,2|1
c04655,A,map_str,0,ret_unann,direct,size,1,inline,correct,,1|1
c04656,A,map_str,0,ret_unann,is_t,size,0,inline,correct,,2|1
c04657,A,map_str,0,ret_unann,is_t,size,1,inline,correct,,1|1
c04658,A,map_str,0,ret_ann,direct,size,0,inline,correct,,2|1
c04659,A,map_str,0,ret_ann,direct,size,1,inline,correct,,1|1
c04660,A,map_str,0,ret_ann,is_t,size,0,inline,correct,,2|1
c04661,A,map_str,0,ret_ann,is_t,size,1,inline,correct,,1|1
c04662,A,map_str,0,global,direct,size,0,inline,correct,,2|1
c04663,A,map_str,0,global,direct,size,1,inline,correct,,1|1
c04664,A,map_str,0,global,is_t,size,0,inline,correct,,2|1
c04665,A,map_str,0,global,is_t,size,1,inline,correct,,1|1
c04666,A,map_str,0,field,direct,size,0,inline,correct,,2|1
c04667,A,map_str,0,field,direct,size,1,inline,correct,,1|1
c04668,A,map_str,0,field,is_t,size,0,inline,correct,,2|1
c04669,A,map_str,0,field,is_t,size,1,inline,correct,,1|1
c04670,A,map_str,0,elem,direct,size,0,inline,correct,,2|1
c04671,A,map_str,0,elem,direct,size,1,inline,correct,,1|1
c04672,A,map_str,0,elem,is_t,size,0,inline,correct,,2|1
c04673,A,map_str,0,elem,is_t,size,1,inline,correct,,1|1
c04674,A,map_str,0,mapval,direct,size,0,inline,loud_check_reject,[ERROR]: member access '.size' on non-object {[string]: i32}?,2|1
c04675,A,map_str,0,mapval,direct,size,1,inline,loud_check_reject,[ERROR]: member access '.size' on non-object {[string]: i32}?,1|1
c04676,A,map_str,0,mapval,is_t,size,0,inline,correct,,2|1
c04677,A,map_str,0,mapval,is_t,size,1,inline,correct,,1|1
c04678,A,map_str,0,capture,direct,size,0,inline,correct,,2|1
c04679,A,map_str,0,capture,direct,size,1,inline,correct,,1|1
c04680,A,map_str,0,capture,is_t,size,0,inline,correct,,2|1
c04681,A,map_str,0,capture,is_t,size,1,inline,correct,,1|1
c04682,A,map_str,0,loopvar,direct,size,0,inline,loud_emit_reject,emitProgram: unsupported for-in iterable,2|1
c04683,A,map_str,0,loopvar,direct,size,1,inline,loud_emit_reject,emitProgram: unsupported for-in iterable,1|1
c04684,A,map_str,0,loopvar,is_t,size,0,inline,loud_emit_reject,emitProgram: unsupported for-in iterable,2|1
c04685,A,map_str,0,loopvar,is_t,size,1,inline,loud_emit_reject,emitProgram: unsupported for-in iterable,1|1
c04686,A,map_str,1,const_local,nenull,size,0,inline,correct,,2|1
c04687,A,map_str,1,const_local,nenull,size,1,inline,correct,,NUL|1
c04688,A,map_str,1,const_local,eqnull_else,size,0,inline,correct,,2|1
c04689,A,map_str,1,const_local,eqnull_else,size,1,inline,correct,,NUL|1
c04690,A,map_str,1,const_local,is_t,size,0,inline,correct,,2|1
c04691,A,map_str,1,const_local,is_t,size,1,inline,correct,,NUL|1
c04692,A,map_str,1,const_local,match_null,size,0,inline,correct,,2|1
c04693,A,map_str,1,const_local,match_null,size,1,inline,correct,,NUL|1
c04694,A,map_str,1,const_local,eqnullcmp,size,0,inline,correct,,false|1
c04695,A,map_str,1,const_local,eqnullcmp,size,1,inline,correct,,true|1
c04696,A,map_str,1,const_local,while_g,size,0,inline,correct,,2|1
c04697,A,map_str,1,const_local,while_g,size,1,inline,correct,,NUL|1
c04698,A,map_str,1,const_local,optchain,size,0,inline,loud_check_reject,[ERROR]: member access '?.size' on non-object {[string]: i32}?,2|1
c04699,A,map_str,1,const_local,optchain,size,1,inline,loud_check_reject,[ERROR]: member access '?.size' on non-object {[string]: i32}?,0|1
c04700,A,map_str,1,let_local,nenull,size,0,inline,correct,,2|1
c04701,A,map_str,1,let_local,nenull,size,1,inline,correct,,NUL|1
c04702,A,map_str,1,let_local,eqnull_else,size,0,inline,correct,,2|1
c04703,A,map_str,1,let_local,eqnull_else,size,1,inline,correct,,NUL|1
c04704,A,map_str,1,let_local,is_t,size,0,inline,correct,,2|1
c04705,A,map_str,1,let_local,is_t,size,1,inline,correct,,NUL|1
c04706,A,map_str,1,let_local,match_null,size,0,inline,correct,,2|1
c04707,A,map_str,1,let_local,match_null,size,1,inline,correct,,NUL|1
c04708,A,map_str,1,let_local,eqnullcmp,size,0,inline,correct,,false|1
c04709,A,map_str,1,let_local,eqnullcmp,size,1,inline,correct,,true|1
c04710,A,map_str,1,let_local,while_g,size,0,inline,correct,,2|1
c04711,A,map_str,1,let_local,while_g,size,1,inline,correct,,NUL|1
c04712,A,map_str,1,let_local,optchain,size,0,inline,loud_check_reject,[ERROR]: member access '?.size' on non-object {[string]: i32}?,2|1
c04713,A,map_str,1,let_local,optchain,size,1,inline,loud_check_reject,[ERROR]: member access '?.size' on non-object {[string]: i32}?,0|1
c04714,A,map_str,1,param,nenull,size,0,inline,correct,,2|1
c04715,A,map_str,1,param,nenull,size,1,inline,correct,,NUL|1
c04716,A,map_str,1,param,eqnull_else,size,0,inline,correct,,2|1
c04717,A,map_str,1,param,eqnull_else,size,1,inline,correct,,NUL|1
c04718,A,map_str,1,param,is_t,size,0,inline,correct,,2|1
c04719,A,map_str,1,param,is_t,size,1,inline,correct,,NUL|1
c04720,A,map_str,1,param,match_null,size,0,inline,correct,,2|1
c04721,A,map_str,1,param,match_null,size,1,inline,correct,,NUL|1
c04722,A,map_str,1,param,eqnullcmp,size,0,inline,correct,,false|1
c04723,A,map_str,1,param,eqnullcmp,size,1,inline,correct,,true|1
c04724,A,map_str,1,param,while_g,size,0,inline,correct,,2|1
c04725,A,map_str,1,param,while_g,size,1,inline,correct,,NUL|1
c04726,A,map_str,1,param,optchain,size,0,inline,loud_check_reject,[ERROR]: member access '?.size' on non-object {[string]: i32}?,2|1
c04727,A,map_str,1,param,optchain,size,1,inline,loud_check_reject,[ERROR]: member access '?.size' on non-object {[string]: i32}?,0|1
c04728,A,map_str,1,ret_unann,nenull,size,0,inline,correct,,2|1
c04729,A,map_str,1,ret_unann,nenull,size,1,inline,correct,,NUL|1
c04730,A,map_str,1,ret_unann,eqnull_else,size,0,inline,correct,,2|1
c04731,A,map_str,1,ret_unann,eqnull_else,size,1,inline,correct,,NUL|1
c04732,A,map_str,1,ret_unann,is_t,size,0,inline,correct,,2|1
c04733,A,map_str,1,ret_unann,is_t,size,1,inline,correct,,NUL|1
c04734,A,map_str,1,ret_unann,match_null,size,0,inline,correct,,2|1
c04735,A,map_str,1,ret_unann,match_null,size,1,inline,correct,,NUL|1
c04736,A,map_str,1,ret_unann,eqnullcmp,size,0,inline,correct,,false|1
c04737,A,map_str,1,ret_unann,eqnullcmp,size,1,inline,correct,,true|1
c04738,A,map_str,1,ret_unann,while_g,size,0,inline,correct,,2|1
c04739,A,map_str,1,ret_unann,while_g,size,1,inline,correct,,NUL|1
c04740,A,map_str,1,ret_unann,optchain,size,0,inline,loud_check_reject,[ERROR]: member access '?.size' on non-object {[string]: i32}?,2|1
c04741,A,map_str,1,ret_unann,optchain,size,1,inline,loud_check_reject,[ERROR]: member access '?.size' on non-object {[string]: i32}?,0|1
c04742,A,map_str,1,ret_ann,nenull,size,0,inline,correct,,2|1
c04743,A,map_str,1,ret_ann,nenull,size,1,inline,correct,,NUL|1
c04744,A,map_str,1,ret_ann,eqnull_else,size,0,inline,correct,,2|1
c04745,A,map_str,1,ret_ann,eqnull_else,size,1,inline,correct,,NUL|1
c04746,A,map_str,1,ret_ann,is_t,size,0,inline,correct,,2|1
c04747,A,map_str,1,ret_ann,is_t,size,1,inline,correct,,NUL|1
c04748,A,map_str,1,ret_ann,match_null,size,0,inline,correct,,2|1
c04749,A,map_str,1,ret_ann,match_null,size,1,inline,correct,,NUL|1
c04750,A,map_str,1,ret_ann,eqnullcmp,size,0,inline,correct,,false|1
c04751,A,map_str,1,ret_ann,eqnullcmp,size,1,inline,correct,,true|1
c04752,A,map_str,1,ret_ann,while_g,size,0,inline,correct,,2|1
c04753,A,map_str,1,ret_ann,while_g,size,1,inline,correct,,NUL|1
c04754,A,map_str,1,ret_ann,optchain,size,0,inline,loud_check_reject,[ERROR]: member access '?.size' on non-object {[string]: i32}?,2|1
c04755,A,map_str,1,ret_ann,optchain,size,1,inline,loud_check_reject,[ERROR]: member access '?.size' on non-object {[string]: i32}?,0|1
c04756,A,map_str,1,global,nenull,size,0,inline,correct,,2|1
c04757,A,map_str,1,global,nenull,size,1,inline,correct,,NUL|1
c04758,A,map_str,1,global,eqnull_else,size,0,inline,correct,,2|1
c04759,A,map_str,1,global,eqnull_else,size,1,inline,correct,,NUL|1
c04760,A,map_str,1,global,is_t,size,0,inline,correct,,2|1
c04761,A,map_str,1,global,is_t,size,1,inline,correct,,NUL|1
c04762,A,map_str,1,global,match_null,size,0,inline,correct,,2|1
c04763,A,map_str,1,global,match_null,size,1,inline,correct,,NUL|1
c04764,A,map_str,1,global,eqnullcmp,size,0,inline,correct,,false|1
c04765,A,map_str,1,global,eqnullcmp,size,1,inline,correct,,true|1
c04766,A,map_str,1,global,while_g,size,0,inline,correct,,2|1
c04767,A,map_str,1,global,while_g,size,1,inline,correct,,NUL|1
c04768,A,map_str,1,global,optchain,size,0,inline,loud_check_reject,[ERROR]: member access '?.size' on non-object {[string]: i32}?,2|1
c04769,A,map_str,1,global,optchain,size,1,inline,loud_check_reject,[ERROR]: member access '?.size' on non-object {[string]: i32}?,0|1
c04770,A,map_str,1,field,nenull,size,0,inline,correct,,2|1
c04771,A,map_str,1,field,nenull,size,1,inline,correct,,NUL|1
c04772,A,map_str,1,field,eqnull_else,size,0,inline,correct,,2|1
c04773,A,map_str,1,field,eqnull_else,size,1,inline,correct,,NUL|1
c04774,A,map_str,1,field,is_t,size,0,inline,correct,,2|1
c04775,A,map_str,1,field,is_t,size,1,inline,correct,,NUL|1
c04776,A,map_str,1,field,match_null,size,0,inline,correct,,2|1
c04777,A,map_str,1,field,match_null,size,1,inline,correct,,NUL|1
c04778,A,map_str,1,field,eqnullcmp,size,0,inline,correct,,false|1
c04779,A,map_str,1,field,eqnullcmp,size,1,inline,correct,,true|1
c04780,A,map_str,1,field,while_g,size,0,inline,correct,,2|1
c04781,A,map_str,1,field,while_g,size,1,inline,correct,,NUL|1
c04782,A,map_str,1,field,optchain,size,0,inline,loud_check_reject,[ERROR]: member access '?.size' on non-object {[string]: i32}?,2|1
c04783,A,map_str,1,field,optchain,size,1,inline,loud_check_reject,[ERROR]: member access '?.size' on non-object {[string]: i32}?,0|1
c04784,A,map_str,1,elem,nenull,size,0,inline,correct,,2|1
c04785,A,map_str,1,elem,nenull,size,1,inline,correct,,NUL|1
c04786,A,map_str,1,elem,eqnull_else,size,0,inline,correct,,2|1
c04787,A,map_str,1,elem,eqnull_else,size,1,inline,correct,,NUL|1
c04788,A,map_str,1,elem,is_t,size,0,inline,correct,,2|1
c04789,A,map_str,1,elem,is_t,size,1,inline,correct,,NUL|1
c04790,A,map_str,1,elem,match_null,size,0,inline,correct,,2|1
c04791,A,map_str,1,elem,match_null,size,1,inline,correct,,NUL|1
c04792,A,map_str,1,elem,eqnullcmp,size,0,inline,correct,,false|1
c04793,A,map_str,1,elem,eqnullcmp,size,1,inline,correct,,true|1
c04794,A,map_str,1,elem,while_g,size,0,inline,correct,,2|1
c04795,A,map_str,1,elem,while_g,size,1,inline,correct,,NUL|1
c04796,A,map_str,1,elem,optchain,size,0,inline,loud_check_reject,[ERROR]: member access '?.size' on non-object {[string]: i32}?,2|1
c04797,A,map_str,1,elem,optchain,size,1,inline,loud_check_reject,[ERROR]: member access '?.size' on non-object {[string]: i32}?,0|1
c04798,A,map_str,1,mapval,nenull,size,0,inline,correct,,2|1
c04799,A,map_str,1,mapval,nenull,size,1,inline,correct,,NUL|1
c04800,A,map_str,1,mapval,eqnull_else,size,0,inline,correct,,2|1
c04801,A,map_str,1,mapval,eqnull_else,size,1,inline,correct,,NUL|1
c04802,A,map_str,1,mapval,is_t,size,0,inline,correct,,2|1
c04803,A,map_str,1,mapval,is_t,size,1,inline,correct,,NUL|1
c04804,A,map_str,1,mapval,match_null,size,0,inline,correct,,2|1
c04805,A,map_str,1,mapval,match_null,size,1,inline,correct,,NUL|1
c04806,A,map_str,1,mapval,eqnullcmp,size,0,inline,correct,,false|1
c04807,A,map_str,1,mapval,eqnullcmp,size,1,inline,correct,,true|1
c04808,A,map_str,1,mapval,while_g,size,0,inline,correct,,2|1
c04809,A,map_str,1,mapval,while_g,size,1,inline,correct,,NUL|1
c04810,A,map_str,1,mapval,optchain,size,0,inline,loud_check_reject,[ERROR]: member access '?.size' on non-object {[string]: i32}??,2|1
c04811,A,map_str,1,mapval,optchain,size,1,inline,loud_check_reject,[ERROR]: member access '?.size' on non-object {[string]: i32}??,0|1
c04812,A,map_str,1,capture,nenull,size,0,inline,loud_emit_reject,emitProgram: bare null needs a struct-typed context,2|1
c04813,A,map_str,1,capture,nenull,size,1,inline,loud_emit_reject,emitProgram: bare null needs a struct-typed context,NUL|1
c04814,A,map_str,1,capture,eqnull_else,size,0,inline,loud_emit_reject,emitProgram: bare null needs a struct-typed context,2|1
c04815,A,map_str,1,capture,eqnull_else,size,1,inline,loud_emit_reject,emitProgram: bare null needs a struct-typed context,NUL|1
c04816,A,map_str,1,capture,is_t,size,0,inline,loud_emit_reject,emitProgram: `is` test but no union type declared,2|1
c04817,A,map_str,1,capture,is_t,size,1,inline,loud_emit_reject,emitProgram: `is` test but no union type declared,NUL|1
c04818,A,map_str,1,capture,match_null,size,0,inline,loud_emit_reject,emitProgram: `is` test but no union type declared,2|1
c04819,A,map_str,1,capture,match_null,size,1,inline,loud_emit_reject,emitProgram: `is` test but no union type declared,NUL|1
c04820,A,map_str,1,capture,eqnullcmp,size,0,inline,loud_emit_reject,emitProgram: bare null needs a struct-typed context,false|1
c04821,A,map_str,1,capture,eqnullcmp,size,1,inline,loud_emit_reject,emitProgram: bare null needs a struct-typed context,true|1
c04822,A,map_str,1,capture,while_g,size,0,inline,loud_emit_reject,emitProgram: bare null needs a struct-typed context,2|1
c04823,A,map_str,1,capture,while_g,size,1,inline,loud_emit_reject,emitProgram: bare null needs a struct-typed context,NUL|1
c04824,A,map_str,1,capture,optchain,size,0,inline,loud_check_reject,[ERROR]: member access '?.size' on non-object {[string]: i32}?,2|1
c04825,A,map_str,1,capture,optchain,size,1,inline,loud_check_reject,[ERROR]: member access '?.size' on non-object {[string]: i32}?,0|1
c04826,A,map_str,1,loopvar,nenull,size,0,inline,loud_emit_reject,emitProgram: unsupported for-in iterable,2|1
c04827,A,map_str,1,loopvar,nenull,size,1,inline,loud_emit_reject,emitProgram: unsupported for-in iterable,NUL|1
c04828,A,map_str,1,loopvar,eqnull_else,size,0,inline,loud_emit_reject,emitProgram: unsupported for-in iterable,2|1
c04829,A,map_str,1,loopvar,eqnull_else,size,1,inline,loud_emit_reject,emitProgram: unsupported for-in iterable,NUL|1
c04830,A,map_str,1,loopvar,is_t,size,0,inline,loud_emit_reject,emitProgram: unsupported for-in iterable,2|1
c04831,A,map_str,1,loopvar,is_t,size,1,inline,loud_emit_reject,emitProgram: unsupported for-in iterable,NUL|1
c04832,A,map_str,1,loopvar,match_null,size,0,inline,loud_emit_reject,emitProgram: unsupported for-in iterable,2|1
c04833,A,map_str,1,loopvar,match_null,size,1,inline,loud_emit_reject,emitProgram: unsupported for-in iterable,NUL|1
c04834,A,map_str,1,loopvar,eqnullcmp,size,0,inline,loud_emit_reject,emitProgram: unsupported for-in iterable,false|1
c04835,A,map_str,1,loopvar,eqnullcmp,size,1,inline,loud_emit_reject,emitProgram: unsupported for-in iterable,true|1
c04836,A,map_str,1,loopvar,while_g,size,0,inline,loud_emit_reject,emitProgram: unsupported for-in iterable,2|1
c04837,A,map_str,1,loopvar,while_g,size,1,inline,loud_emit_reject,emitProgram: unsupported for-in iterable,NUL|1
c04838,A,map_str,1,loopvar,optchain,size,0,inline,loud_check_reject,[ERROR]: member access '?.size' on non-object {[string]: i32}?,2|1
c04839,A,map_str,1,loopvar,optchain,size,1,inline,loud_check_reject,[ERROR]: member access '?.size' on non-object {[string]: i32}?,0|1
c04840,A,map_i32,0,const_local,direct,size,0,inline,correct,,2|1
c04841,A,map_i32,0,const_local,direct,size,1,inline,correct,,1|1
c04842,A,map_i32,0,const_local,is_t,size,0,inline,correct,,2|1
c04843,A,map_i32,0,const_local,is_t,size,1,inline,correct,,1|1
c04844,A,map_i32,0,let_local,direct,size,0,inline,correct,,2|1
c04845,A,map_i32,0,let_local,direct,size,1,inline,correct,,1|1
c04846,A,map_i32,0,let_local,is_t,size,0,inline,correct,,2|1
c04847,A,map_i32,0,let_local,is_t,size,1,inline,correct,,1|1
c04848,A,map_i32,0,param,direct,size,0,inline,correct,,2|1
c04849,A,map_i32,0,param,direct,size,1,inline,correct,,1|1
c04850,A,map_i32,0,param,is_t,size,0,inline,correct,,2|1
c04851,A,map_i32,0,param,is_t,size,1,inline,correct,,1|1
c04852,A,map_i32,0,ret_unann,direct,size,0,inline,correct,,2|1
c04853,A,map_i32,0,ret_unann,direct,size,1,inline,correct,,1|1
c04854,A,map_i32,0,ret_unann,is_t,size,0,inline,correct,,2|1
c04855,A,map_i32,0,ret_unann,is_t,size,1,inline,correct,,1|1
c04856,A,map_i32,0,ret_ann,direct,size,0,inline,correct,,2|1
c04857,A,map_i32,0,ret_ann,direct,size,1,inline,correct,,1|1
c04858,A,map_i32,0,ret_ann,is_t,size,0,inline,correct,,2|1
c04859,A,map_i32,0,ret_ann,is_t,size,1,inline,correct,,1|1
c04860,A,map_i32,0,global,direct,size,0,inline,correct,,2|1
c04861,A,map_i32,0,global,direct,size,1,inline,correct,,1|1
c04862,A,map_i32,0,global,is_t,size,0,inline,correct,,2|1
c04863,A,map_i32,0,global,is_t,size,1,inline,correct,,1|1
c04864,A,map_i32,0,field,direct,size,0,inline,correct,,2|1
c04865,A,map_i32,0,field,direct,size,1,inline,correct,,1|1
c04866,A,map_i32,0,field,is_t,size,0,inline,correct,,2|1
c04867,A,map_i32,0,field,is_t,size,1,inline,correct,,1|1
c04868,A,map_i32,0,elem,direct,size,0,inline,correct,,2|1
c04869,A,map_i32,0,elem,direct,size,1,inline,correct,,1|1
c04870,A,map_i32,0,elem,is_t,size,0,inline,correct,,2|1
c04871,A,map_i32,0,elem,is_t,size,1,inline,correct,,1|1
c04872,A,map_i32,0,mapval,direct,size,0,inline,loud_check_reject,[ERROR]: member access '.size' on non-object {[i32]: string}?,2|1
c04873,A,map_i32,0,mapval,direct,size,1,inline,loud_check_reject,[ERROR]: member access '.size' on non-object {[i32]: string}?,1|1
c04874,A,map_i32,0,mapval,is_t,size,0,inline,loud_emit_reject,emitProgram: an i32-keyed Map/Set is supported as a binding / parameter / return / `| null` / an ARRAY ELEMENT / a closure result / a map value — not inside '{[string]:{[i32]:string}}',2|1
c04875,A,map_i32,0,mapval,is_t,size,1,inline,loud_emit_reject,emitProgram: an i32-keyed Map/Set is supported as a binding / parameter / return / `| null` / an ARRAY ELEMENT / a closure result / a map value — not inside '{[string]:{[i32]:string}}',1|1
c04876,A,map_i32,0,capture,direct,size,0,inline,compiler_trap,wasm trap: out of bounds array access,2|1
c04877,A,map_i32,0,capture,direct,size,1,inline,compiler_trap,wasm trap: out of bounds array access,1|1
c04878,A,map_i32,0,capture,is_t,size,0,inline,compiler_trap,wasm trap: out of bounds array access,2|1
c04879,A,map_i32,0,capture,is_t,size,1,inline,compiler_trap,wasm trap: out of bounds array access,1|1
c04880,A,map_i32,0,loopvar,direct,size,0,inline,loud_emit_reject,emitProgram: unsupported for-in iterable,2|1
c04881,A,map_i32,0,loopvar,direct,size,1,inline,loud_emit_reject,emitProgram: unsupported for-in iterable,1|1
c04882,A,map_i32,0,loopvar,is_t,size,0,inline,loud_emit_reject,emitProgram: unsupported for-in iterable,2|1
c04883,A,map_i32,0,loopvar,is_t,size,1,inline,loud_emit_reject,emitProgram: unsupported for-in iterable,1|1
c04884,A,map_i32,1,const_local,nenull,size,0,inline,correct,,2|1
c04885,A,map_i32,1,const_local,nenull,size,1,inline,correct,,NUL|1
c04886,A,map_i32,1,const_local,eqnull_else,size,0,inline,correct,,2|1
c04887,A,map_i32,1,const_local,eqnull_else,size,1,inline,correct,,NUL|1
c04888,A,map_i32,1,const_local,is_t,size,0,inline,correct,,2|1
c04889,A,map_i32,1,const_local,is_t,size,1,inline,correct,,NUL|1
c04890,A,map_i32,1,const_local,match_null,size,0,inline,correct,,2|1
c04891,A,map_i32,1,const_local,match_null,size,1,inline,correct,,NUL|1
c04892,A,map_i32,1,const_local,eqnullcmp,size,0,inline,correct,,false|1
c04893,A,map_i32,1,const_local,eqnullcmp,size,1,inline,correct,,true|1
c04894,A,map_i32,1,const_local,while_g,size,0,inline,correct,,2|1
c04895,A,map_i32,1,const_local,while_g,size,1,inline,correct,,NUL|1
c04896,A,map_i32,1,let_local,nenull,size,0,inline,correct,,2|1
c04897,A,map_i32,1,let_local,nenull,size,1,inline,correct,,NUL|1
c04898,A,map_i32,1,let_local,eqnull_else,size,0,inline,correct,,2|1
c04899,A,map_i32,1,let_local,eqnull_else,size,1,inline,correct,,NUL|1
c04900,A,map_i32,1,let_local,is_t,size,0,inline,correct,,2|1
c04901,A,map_i32,1,let_local,is_t,size,1,inline,correct,,NUL|1
c04902,A,map_i32,1,let_local,match_null,size,0,inline,correct,,2|1
c04903,A,map_i32,1,let_local,match_null,size,1,inline,correct,,NUL|1
c04904,A,map_i32,1,let_local,eqnullcmp,size,0,inline,correct,,false|1
c04905,A,map_i32,1,let_local,eqnullcmp,size,1,inline,correct,,true|1
c04906,A,map_i32,1,let_local,while_g,size,0,inline,correct,,2|1
c04907,A,map_i32,1,let_local,while_g,size,1,inline,correct,,NUL|1
c04908,A,map_i32,1,param,nenull,size,0,inline,correct,,2|1
c04909,A,map_i32,1,param,nenull,size,1,inline,correct,,NUL|1
c04910,A,map_i32,1,param,eqnull_else,size,0,inline,correct,,2|1
c04911,A,map_i32,1,param,eqnull_else,size,1,inline,correct,,NUL|1
c04912,A,map_i32,1,param,is_t,size,0,inline,correct,,2|1
c04913,A,map_i32,1,param,is_t,size,1,inline,correct,,NUL|1
c04914,A,map_i32,1,param,match_null,size,0,inline,correct,,2|1
c04915,A,map_i32,1,param,match_null,size,1,inline,correct,,NUL|1
c04916,A,map_i32,1,param,eqnullcmp,size,0,inline,correct,,false|1
c04917,A,map_i32,1,param,eqnullcmp,size,1,inline,correct,,true|1
c04918,A,map_i32,1,param,while_g,size,0,inline,correct,,2|1
c04919,A,map_i32,1,param,while_g,size,1,inline,correct,,NUL|1
c04920,A,map_i32,1,ret_unann,nenull,size,0,inline,correct,,2|1
c04921,A,map_i32,1,ret_unann,nenull,size,1,inline,correct,,NUL|1
c04922,A,map_i32,1,ret_unann,eqnull_else,size,0,inline,correct,,2|1
c04923,A,map_i32,1,ret_unann,eqnull_else,size,1,inline,correct,,NUL|1
c04924,A,map_i32,1,ret_unann,is_t,size,0,inline,correct,,2|1
c04925,A,map_i32,1,ret_unann,is_t,size,1,inline,correct,,NUL|1
c04926,A,map_i32,1,ret_unann,match_null,size,0,inline,correct,,2|1
c04927,A,map_i32,1,ret_unann,match_null,size,1,inline,correct,,NUL|1
c04928,A,map_i32,1,ret_unann,eqnullcmp,size,0,inline,correct,,false|1
c04929,A,map_i32,1,ret_unann,eqnullcmp,size,1,inline,correct,,true|1
c04930,A,map_i32,1,ret_unann,while_g,size,0,inline,correct,,2|1
c04931,A,map_i32,1,ret_unann,while_g,size,1,inline,correct,,NUL|1
c04932,A,map_i32,1,ret_ann,nenull,size,0,inline,correct,,2|1
c04933,A,map_i32,1,ret_ann,nenull,size,1,inline,correct,,NUL|1
c04934,A,map_i32,1,ret_ann,eqnull_else,size,0,inline,correct,,2|1
c04935,A,map_i32,1,ret_ann,eqnull_else,size,1,inline,correct,,NUL|1
c04936,A,map_i32,1,ret_ann,is_t,size,0,inline,correct,,2|1
c04937,A,map_i32,1,ret_ann,is_t,size,1,inline,correct,,NUL|1
c04938,A,map_i32,1,ret_ann,match_null,size,0,inline,correct,,2|1
c04939,A,map_i32,1,ret_ann,match_null,size,1,inline,correct,,NUL|1
c04940,A,map_i32,1,ret_ann,eqnullcmp,size,0,inline,correct,,false|1
c04941,A,map_i32,1,ret_ann,eqnullcmp,size,1,inline,correct,,true|1
c04942,A,map_i32,1,ret_ann,while_g,size,0,inline,correct,,2|1
c04943,A,map_i32,1,ret_ann,while_g,size,1,inline,correct,,NUL|1
c04944,A,map_i32,1,global,nenull,size,0,inline,correct,,2|1
c04945,A,map_i32,1,global,nenull,size,1,inline,correct,,NUL|1
c04946,A,map_i32,1,global,eqnull_else,size,0,inline,correct,,2|1
c04947,A,map_i32,1,global,eqnull_else,size,1,inline,correct,,NUL|1
c04948,A,map_i32,1,global,is_t,size,0,inline,correct,,2|1
c04949,A,map_i32,1,global,is_t,size,1,inline,correct,,NUL|1
c04950,A,map_i32,1,global,match_null,size,0,inline,correct,,2|1
c04951,A,map_i32,1,global,match_null,size,1,inline,correct,,NUL|1
c04952,A,map_i32,1,global,eqnullcmp,size,0,inline,correct,,false|1
c04953,A,map_i32,1,global,eqnullcmp,size,1,inline,correct,,true|1
c04954,A,map_i32,1,global,while_g,size,0,inline,correct,,2|1
c04955,A,map_i32,1,global,while_g,size,1,inline,correct,,NUL|1
c04956,A,map_i32,1,field,nenull,size,0,inline,correct,,2|1
c04957,A,map_i32,1,field,nenull,size,1,inline,correct,,NUL|1
c04958,A,map_i32,1,field,eqnull_else,size,0,inline,correct,,2|1
c04959,A,map_i32,1,field,eqnull_else,size,1,inline,correct,,NUL|1
c04960,A,map_i32,1,field,is_t,size,0,inline,correct,,2|1
c04961,A,map_i32,1,field,is_t,size,1,inline,correct,,NUL|1
c04962,A,map_i32,1,field,match_null,size,0,inline,correct,,2|1
c04963,A,map_i32,1,field,match_null,size,1,inline,correct,,NUL|1
c04964,A,map_i32,1,field,eqnullcmp,size,0,inline,correct,,false|1
c04965,A,map_i32,1,field,eqnullcmp,size,1,inline,correct,,true|1
c04966,A,map_i32,1,field,while_g,size,0,inline,correct,,2|1
c04967,A,map_i32,1,field,while_g,size,1,inline,correct,,NUL|1
c04968,A,map_i32,1,elem,nenull,size,0,inline,correct,,2|1
c04969,A,map_i32,1,elem,nenull,size,1,inline,correct,,NUL|1
c04970,A,map_i32,1,elem,eqnull_else,size,0,inline,correct,,2|1
c04971,A,map_i32,1,elem,eqnull_else,size,1,inline,correct,,NUL|1
c04972,A,map_i32,1,elem,is_t,size,0,inline,correct,,2|1
c04973,A,map_i32,1,elem,is_t,size,1,inline,correct,,NUL|1
c04974,A,map_i32,1,elem,match_null,size,0,inline,correct,,2|1
c04975,A,map_i32,1,elem,match_null,size,1,inline,correct,,NUL|1
c04976,A,map_i32,1,elem,eqnullcmp,size,0,inline,correct,,false|1
c04977,A,map_i32,1,elem,eqnullcmp,size,1,inline,correct,,true|1
c04978,A,map_i32,1,elem,while_g,size,0,inline,correct,,2|1
c04979,A,map_i32,1,elem,while_g,size,1,inline,correct,,NUL|1
c04980,A,map_i32,1,mapval,nenull,size,0,inline,loud_emit_reject,emitProgram: an i32-keyed Map/Set is supported as a binding / parameter / return / `| null` / an ARRAY ELEMENT / a closure result / a map value — not inside '{[string]:{[i32]:string}|null}',2|1
c04981,A,map_i32,1,mapval,nenull,size,1,inline,loud_emit_reject,emitProgram: an i32-keyed Map/Set is supported as a binding / parameter / return / `| null` / an ARRAY ELEMENT / a closure result / a map value — not inside '{[string]:{[i32]:string}|null}',NUL|1
c04982,A,map_i32,1,mapval,eqnull_else,size,0,inline,loud_emit_reject,emitProgram: an i32-keyed Map/Set is supported as a binding / parameter / return / `| null` / an ARRAY ELEMENT / a closure result / a map value — not inside '{[string]:{[i32]:string}|null}',2|1
c04983,A,map_i32,1,mapval,eqnull_else,size,1,inline,loud_emit_reject,emitProgram: an i32-keyed Map/Set is supported as a binding / parameter / return / `| null` / an ARRAY ELEMENT / a closure result / a map value — not inside '{[string]:{[i32]:string}|null}',NUL|1
c04984,A,map_i32,1,mapval,is_t,size,0,inline,loud_emit_reject,emitProgram: an i32-keyed Map/Set is supported as a binding / parameter / return / `| null` / an ARRAY ELEMENT / a closure result / a map value — not inside '{[string]:{[i32]:string}|null}',2|1
c04985,A,map_i32,1,mapval,is_t,size,1,inline,loud_emit_reject,emitProgram: an i32-keyed Map/Set is supported as a binding / parameter / return / `| null` / an ARRAY ELEMENT / a closure result / a map value — not inside '{[string]:{[i32]:string}|null}',NUL|1
c04986,A,map_i32,1,mapval,match_null,size,0,inline,loud_emit_reject,emitProgram: an i32-keyed Map/Set is supported as a binding / parameter / return / `| null` / an ARRAY ELEMENT / a closure result / a map value — not inside '{[string]:{[i32]:string}|null}',2|1
c04987,A,map_i32,1,mapval,match_null,size,1,inline,loud_emit_reject,emitProgram: an i32-keyed Map/Set is supported as a binding / parameter / return / `| null` / an ARRAY ELEMENT / a closure result / a map value — not inside '{[string]:{[i32]:string}|null}',NUL|1
c04988,A,map_i32,1,mapval,eqnullcmp,size,0,inline,loud_emit_reject,emitProgram: an i32-keyed Map/Set is supported as a binding / parameter / return / `| null` / an ARRAY ELEMENT / a closure result / a map value — not inside '{[string]:{[i32]:string}|null}',false|1
c04989,A,map_i32,1,mapval,eqnullcmp,size,1,inline,loud_emit_reject,emitProgram: an i32-keyed Map/Set is supported as a binding / parameter / return / `| null` / an ARRAY ELEMENT / a closure result / a map value — not inside '{[string]:{[i32]:string}|null}',true|1
c04990,A,map_i32,1,mapval,while_g,size,0,inline,loud_emit_reject,emitProgram: an i32-keyed Map/Set is supported as a binding / parameter / return / `| null` / an ARRAY ELEMENT / a closure result / a map value — not inside '{[string]:{[i32]:string}|null}',2|1
c04991,A,map_i32,1,mapval,while_g,size,1,inline,loud_emit_reject,emitProgram: an i32-keyed Map/Set is supported as a binding / parameter / return / `| null` / an ARRAY ELEMENT / a closure result / a map value — not inside '{[string]:{[i32]:string}|null}',NUL|1
c04992,A,map_i32,1,capture,nenull,size,0,inline,loud_emit_reject,emitProgram: bare null needs a struct-typed context,2|1
c04993,A,map_i32,1,capture,nenull,size,1,inline,loud_emit_reject,emitProgram: bare null needs a struct-typed context,NUL|1
c04994,A,map_i32,1,capture,eqnull_else,size,0,inline,loud_emit_reject,emitProgram: bare null needs a struct-typed context,2|1
c04995,A,map_i32,1,capture,eqnull_else,size,1,inline,loud_emit_reject,emitProgram: bare null needs a struct-typed context,NUL|1
c04996,A,map_i32,1,capture,is_t,size,0,inline,loud_emit_reject,emitProgram: `is` test but no union type declared,2|1
c04997,A,map_i32,1,capture,is_t,size,1,inline,loud_emit_reject,emitProgram: `is` test but no union type declared,NUL|1
c04998,A,map_i32,1,capture,match_null,size,0,inline,loud_emit_reject,emitProgram: `is` test but no union type declared,2|1
c04999,A,map_i32,1,capture,match_null,size,1,inline,loud_emit_reject,emitProgram: `is` test but no union type declared,NUL|1
c05000,A,map_i32,1,capture,eqnullcmp,size,0,inline,loud_emit_reject,emitProgram: bare null needs a struct-typed context,false|1
c05001,A,map_i32,1,capture,eqnullcmp,size,1,inline,loud_emit_reject,emitProgram: bare null needs a struct-typed context,true|1
c05002,A,map_i32,1,capture,while_g,size,0,inline,loud_emit_reject,emitProgram: bare null needs a struct-typed context,2|1
c05003,A,map_i32,1,capture,while_g,size,1,inline,loud_emit_reject,emitProgram: bare null needs a struct-typed context,NUL|1
c05004,A,map_i32,1,loopvar,nenull,size,0,inline,loud_emit_reject,emitProgram: unsupported for-in iterable,2|1
c05005,A,map_i32,1,loopvar,nenull,size,1,inline,loud_emit_reject,emitProgram: unsupported for-in iterable,NUL|1
c05006,A,map_i32,1,loopvar,eqnull_else,size,0,inline,loud_emit_reject,emitProgram: unsupported for-in iterable,2|1
c05007,A,map_i32,1,loopvar,eqnull_else,size,1,inline,loud_emit_reject,emitProgram: unsupported for-in iterable,NUL|1
c05008,A,map_i32,1,loopvar,is_t,size,0,inline,loud_emit_reject,emitProgram: unsupported for-in iterable,2|1
c05009,A,map_i32,1,loopvar,is_t,size,1,inline,loud_emit_reject,emitProgram: unsupported for-in iterable,NUL|1
c05010,A,map_i32,1,loopvar,match_null,size,0,inline,loud_emit_reject,emitProgram: unsupported for-in iterable,2|1
c05011,A,map_i32,1,loopvar,match_null,size,1,inline,loud_emit_reject,emitProgram: unsupported for-in iterable,NUL|1
c05012,A,map_i32,1,loopvar,eqnullcmp,size,0,inline,loud_emit_reject,emitProgram: unsupported for-in iterable,false|1
c05013,A,map_i32,1,loopvar,eqnullcmp,size,1,inline,loud_emit_reject,emitProgram: unsupported for-in iterable,true|1
c05014,A,map_i32,1,loopvar,while_g,size,0,inline,loud_emit_reject,emitProgram: unsupported for-in iterable,2|1
c05015,A,map_i32,1,loopvar,while_g,size,1,inline,loud_emit_reject,emitProgram: unsupported for-in iterable,NUL|1
c05016,B,i32,0,const_local,direct,plus,0,inline,correct,,8|1
c05017,B,i32,0,const_local,direct,plus,1,inline,correct,,9|1
c05018,B,i32,1,const_local,nenull,plus,0,inline,correct,,8|1
c05019,B,i32,1,const_local,nenull,plus,1,inline,correct,,NUL|1
c05020,B,i64,0,const_local,direct,plus,0,inline,correct,,71|1
c05021,B,i64,0,const_local,direct,plus,1,inline,correct,,81|1
c05022,B,i64,1,const_local,nenull,plus,0,inline,correct,,71|1
c05023,B,i64,1,const_local,nenull,plus,1,inline,correct,,NUL|1
c05024,B,f64,0,const_local,direct,plus,0,inline,correct,,7.75|1
c05025,B,f64,0,const_local,direct,plus,1,inline,correct,,9.25|1
c05026,B,f64,1,const_local,nenull,plus,0,inline,correct,,7.75|1
c05027,B,f64,1,const_local,nenull,plus,1,inline,correct,,NUL|1
c05028,B,string,0,const_local,direct,len,0,inline,correct,,2|1
c05029,B,string,0,const_local,direct,len,1,inline,correct,,2|1
c05030,B,string,1,const_local,nenull,len,0,inline,correct,,2|1
c05031,B,string,1,const_local,nenull,len,1,inline,correct,,NUL|1
c05032,B,string,0,const_local,direct,plus,0,inline,correct,,aa!|1
c05033,B,string,0,const_local,direct,plus,1,inline,correct,,bb!|1
c05034,B,string,1,const_local,nenull,plus,0,inline,correct,,aa!|1
c05035,B,string,1,const_local,nenull,plus,1,inline,correct,,NUL|1
c05036,B,namedlit,0,const_local,direct,eqchain,0,inline,correct,,P|1
c05037,B,namedlit,0,const_local,direct,eqchain,1,inline,correct,,Q|1
c05038,B,namedlit,1,const_local,nenull,eqchain,0,inline,correct,,P|1
c05039,B,namedlit,1,const_local,nenull,eqchain,1,inline,correct,,NUL|1
c05040,B,inlinelit,0,const_local,direct,eqchain,0,inline,correct,,P|1
c05041,B,inlinelit,0,const_local,direct,eqchain,1,inline,correct,,Q|1
c05042,B,inlinelit,1,const_local,nenull,eqchain,0,inline,correct,,P|1
c05043,B,inlinelit,1,const_local,nenull,eqchain,1,inline,correct,,NUL|1
c05044,B,numlit,0,const_local,direct,eqchain,0,inline,correct,,P|1
c05045,B,numlit,0,const_local,direct,eqchain,1,inline,correct,,Q|1
c05046,B,numlit,1,const_local,nenull,eqchain,0,inline,correct,,P|1
c05047,B,numlit,1,const_local,nenull,eqchain,1,inline,correct,,NUL|1
c05048,B,structunion,0,const_local,direct,matcharm,0,inline,correct,,1|1
c05049,B,structunion,0,const_local,direct,matcharm,1,inline,correct,,2|1
c05050,B,structunion,1,const_local,nenull,matcharm,0,inline,loud_emit_reject,emitProgram: narrowed receiver names no union variant,1|1
c05051,B,structunion,1,const_local,nenull,matcharm,1,inline,loud_emit_reject,emitProgram: narrowed receiver names no union variant,NUL|1
c05052,B,list_i32,0,const_local,direct,idx,0,inline,correct,,1|1
c05053,B,list_i32,0,const_local,direct,idx,1,inline,correct,,3|1
c05054,B,list_i32,1,const_local,nenull,idx,0,inline,correct,,1|1
c05055,B,list_i32,1,const_local,nenull,idx,1,inline,correct,,NUL|1
c05056,B,list_i32,0,const_local,direct,mapm,0,inline,correct,,2|1
c05057,B,list_i32,0,const_local,direct,mapm,1,inline,correct,,1|1
c05058,B,list_i32,1,const_local,nenull,mapm,0,inline,correct,,2|1
c05059,B,list_i32,1,const_local,nenull,mapm,1,inline,correct,,NUL|1
c05060,B,list_i32,0,const_local,direct,filterm,0,inline,correct,,2|1
c05061,B,list_i32,0,const_local,direct,filterm,1,inline,correct,,1|1
c05062,B,list_i32,1,const_local,nenull,filterm,0,inline,correct,,2|1
c05063,B,list_i32,1,const_local,nenull,filterm,1,inline,correct,,NUL|1
c05064,B,list_str,0,const_local,direct,idx,0,inline,correct,,a|1
c05065,B,list_str,0,const_local,direct,idx,1,inline,correct,,c|1
c05066,B,list_str,1,const_local,nenull,idx,0,inline,correct,,a|1
c05067,B,list_str,1,const_local,nenull,idx,1,inline,correct,,NUL|1
c05068,B,list_str,0,const_local,direct,mapm,0,inline,correct,,2|1
c05069,B,list_str,0,const_local,direct,mapm,1,inline,correct,,1|1
c05070,B,list_str,1,const_local,nenull,mapm,0,inline,correct,,2|1
c05071,B,list_str,1,const_local,nenull,mapm,1,inline,correct,,NUL|1
c05072,B,list_str,0,const_local,direct,filterm,0,inline,correct,,2|1
c05073,B,list_str,0,const_local,direct,filterm,1,inline,correct,,1|1
c05074,B,list_str,1,const_local,nenull,filterm,0,inline,correct,,2|1
c05075,B,list_str,1,const_local,nenull,filterm,1,inline,correct,,NUL|1
c05076,B,list_f64,0,const_local,direct,idx,0,inline,correct,,1.25|1
c05077,B,list_f64,0,const_local,direct,idx,1,inline,correct,,3.25|1
c05078,B,list_f64,1,const_local,nenull,idx,0,inline,correct,,1.25|1
c05079,B,list_f64,1,const_local,nenull,idx,1,inline,correct,,NUL|1
c05080,B,list_f64,0,const_local,direct,mapm,0,inline,correct,,2|1
c05081,B,list_f64,0,const_local,direct,mapm,1,inline,correct,,1|1
c05082,B,list_f64,1,const_local,nenull,mapm,0,inline,correct,,2|1
c05083,B,list_f64,1,const_local,nenull,mapm,1,inline,correct,,NUL|1
c05084,B,list_f64,0,const_local,direct,filterm,0,inline,correct,,2|1
c05085,B,list_f64,0,const_local,direct,filterm,1,inline,correct,,1|1
c05086,B,list_f64,1,const_local,nenull,filterm,0,inline,correct,,2|1
c05087,B,list_f64,1,const_local,nenull,filterm,1,inline,correct,,NUL|1
c05088,B,list_i64,0,const_local,direct,idx,0,inline,correct,,10|1
c05089,B,list_i64,0,const_local,direct,idx,1,inline,correct,,30|1
c05090,B,list_i64,1,const_local,nenull,idx,0,inline,correct,,10|1
c05091,B,list_i64,1,const_local,nenull,idx,1,inline,correct,,NUL|1
c05092,B,list_i64,0,const_local,direct,mapm,0,inline,correct,,2|1
c05093,B,list_i64,0,const_local,direct,mapm,1,inline,correct,,1|1
c05094,B,list_i64,1,const_local,nenull,mapm,0,inline,correct,,2|1
c05095,B,list_i64,1,const_local,nenull,mapm,1,inline,correct,,NUL|1
c05096,B,list_i64,0,const_local,direct,filterm,0,inline,correct,,2|1
c05097,B,list_i64,0,const_local,direct,filterm,1,inline,correct,,1|1
c05098,B,list_i64,1,const_local,nenull,filterm,0,inline,correct,,2|1
c05099,B,list_i64,1,const_local,nenull,filterm,1,inline,correct,,NUL|1
c05100,B,list_f32,0,const_local,direct,idx,0,inline,correct,,1.25|1
c05101,B,list_f32,0,const_local,direct,idx,1,inline,correct,,3.25|1
c05102,B,list_f32,1,const_local,nenull,idx,0,inline,correct,,1.25|1
c05103,B,list_f32,1,const_local,nenull,idx,1,inline,correct,,NUL|1
c05104,B,list_f32,0,const_local,direct,mapm,0,inline,correct,,2|1
c05105,B,list_f32,0,const_local,direct,mapm,1,inline,correct,,1|1
c05106,B,list_f32,1,const_local,nenull,mapm,0,inline,loud_emit_reject,emitProgram: callee is not a function name,2|1
c05107,B,list_f32,1,const_local,nenull,mapm,1,inline,loud_emit_reject,emitProgram: callee is not a function name,NUL|1
c05108,B,list_f32,0,const_local,direct,filterm,0,inline,correct,,2|1
c05109,B,list_f32,0,const_local,direct,filterm,1,inline,correct,,1|1
c05110,B,list_f32,1,const_local,nenull,filterm,0,inline,loud_emit_reject,emitProgram: callee is not a function name,2|1
c05111,B,list_f32,1,const_local,nenull,filterm,1,inline,loud_emit_reject,emitProgram: callee is not a function name,NUL|1
c05112,B,list_ref,0,const_local,direct,idx,0,inline,correct,,1|1
c05113,B,list_ref,0,const_local,direct,idx,1,inline,correct,,3|1
c05114,B,list_ref,1,const_local,nenull,idx,0,inline,correct,,1|1
c05115,B,list_ref,1,const_local,nenull,idx,1,inline,correct,,NUL|1
c05116,B,map_str,0,const_local,direct,valsum,0,inline,correct,,5|6|1
c05117,B,map_str,0,const_local,direct,valsum,1,inline,correct,,9|1
c05118,B,map_str,1,const_local,nenull,valsum,0,inline,invalid_wasm,"1: Invalid input WebAssembly code at offset 4940: type mismatch: expected (ref $type), found (ref null $type)",5|6|1
c05119,B,map_str,1,const_local,nenull,valsum,1,inline,invalid_wasm,"1: Invalid input WebAssembly code at offset 4941: type mismatch: expected (ref $type), found (ref null $type)",NUL|1
c05120,B,map_str,0,const_local,direct,coal,0,inline,correct,,5|1
c05121,B,map_str,0,const_local,direct,coal,1,inline,correct,,9|1
c05122,B,map_str,1,const_local,nenull,coal,0,inline,correct,,5|1
c05123,B,map_str,1,const_local,nenull,coal,1,inline,correct,,NUL|1
c05124,B,map_i32,0,const_local,direct,valsum,0,inline,correct,,x|y|1
c05125,B,map_i32,0,const_local,direct,valsum,1,inline,correct,,z|1
c05126,B,map_i32,1,const_local,nenull,valsum,0,inline,invalid_wasm,"1: Invalid input WebAssembly code at offset 4956: type mismatch: expected (ref $type), found (ref null $type)",x|y|1
c05127,B,map_i32,1,const_local,nenull,valsum,1,inline,invalid_wasm,"1: Invalid input WebAssembly code at offset 4957: type mismatch: expected (ref $type), found (ref null $type)",NUL|1
c05128,C,i32,0,callres,direct,print,0,inline,correct,,7|1
c05129,C,i32,0,callres,direct,print,1,inline,correct,,8|1
c05130,C,i32,0,callres,eqcmp,print,0,inline,correct,,true|1
c05131,C,i32,0,callres,eqcmp,print,1,inline,correct,,false|1
c05132,C,i32,0,callres,coalesce,print,0,inline,loud_emit_reject,emitProgram: `??` is only supported on a map index get,7|1
c05133,C,i32,0,callres,coalesce,print,1,inline,loud_emit_reject,emitProgram: `??` is only supported on a map index get,8|1
c05134,C,i32,0,callres,printdirect,print,0,inline,correct,,7|1
c05135,C,i32,0,callres,printdirect,print,1,inline,correct,,8|1
c05136,C,i32,1,callres,coalesce,print,0,inline,correct,,7|1
c05137,C,i32,1,callres,coalesce,print,1,inline,correct,,0|1
c05138,C,i32,1,callres,printdirect,print,0,inline,loud_check_reject,"[ERROR]: print of a union value (i32?) is type-valid but not yet supported by codegen — narrow it first, e.g. `if v is i32 { print(v) }`",7|1
c05139,C,i32,1,callres,printdirect,print,1,inline,loud_check_reject,"[ERROR]: print of a union value (i32?) is type-valid but not yet supported by codegen — narrow it first, e.g. `if v is i32 { print(v) }`",null|1
c05140,C,i32,1,callres,eqnullcmp,print,0,inline,correct,,false|1
c05141,C,i32,1,callres,eqnullcmp,print,1,inline,correct,,true|1
c05142,C,i64,0,callres,direct,print,0,inline,correct,,70|1
c05143,C,i64,0,callres,direct,print,1,inline,correct,,80|1
c05144,C,i64,0,callres,eqcmp,print,0,inline,correct,,true|1
c05145,C,i64,0,callres,eqcmp,print,1,inline,correct,,false|1
c05146,C,i64,0,callres,coalesce,print,0,inline,loud_emit_reject,emitProgram: `??` is only supported on a map index get,70|1
c05147,C,i64,0,callres,coalesce,print,1,inline,loud_emit_reject,emitProgram: `??` is only supported on a map index get,80|1
c05148,C,i64,0,callres,printdirect,print,0,inline,correct,,70|1
c05149,C,i64,0,callres,printdirect,print,1,inline,correct,,80|1
c05150,C,i64,1,callres,coalesce,print,0,inline,correct,,70|1
c05151,C,i64,1,callres,coalesce,print,1,inline,correct,,0|1
c05152,C,i64,1,callres,printdirect,print,0,inline,loud_check_reject,"[ERROR]: print of a union value (i64?) is type-valid but not yet supported by codegen — narrow it first, e.g. `if v is i32 { print(v) }`",70|1
c05153,C,i64,1,callres,printdirect,print,1,inline,loud_check_reject,"[ERROR]: print of a union value (i64?) is type-valid but not yet supported by codegen — narrow it first, e.g. `if v is i32 { print(v) }`",null|1
c05154,C,i64,1,callres,eqnullcmp,print,0,inline,correct,,false|1
c05155,C,i64,1,callres,eqnullcmp,print,1,inline,correct,,true|1
c05156,C,f64,0,callres,direct,print,0,inline,correct,,7.25|1
c05157,C,f64,0,callres,direct,print,1,inline,correct,,8.75|1
c05158,C,f64,0,callres,eqcmp,print,0,inline,correct,,true|1
c05159,C,f64,0,callres,eqcmp,print,1,inline,correct,,false|1
c05160,C,f64,0,callres,coalesce,print,0,inline,loud_emit_reject,emitProgram: `??` is only supported on a map index get,7.25|1
c05161,C,f64,0,callres,coalesce,print,1,inline,loud_emit_reject,emitProgram: `??` is only supported on a map index get,8.75|1
c05162,C,f64,0,callres,printdirect,print,0,inline,correct,,7.25|1
c05163,C,f64,0,callres,printdirect,print,1,inline,correct,,8.75|1
c05164,C,f64,1,callres,coalesce,print,0,inline,correct,,7.25|1
c05165,C,f64,1,callres,coalesce,print,1,inline,correct,,0.5|1
c05166,C,f64,1,callres,printdirect,print,0,inline,loud_check_reject,"[ERROR]: print of a union value (f64?) is type-valid but not yet supported by codegen — narrow it first, e.g. `if v is i32 { print(v) }`",7.25|1
c05167,C,f64,1,callres,printdirect,print,1,inline,loud_check_reject,"[ERROR]: print of a union value (f64?) is type-valid but not yet supported by codegen — narrow it first, e.g. `if v is i32 { print(v) }`",null|1
c05168,C,f64,1,callres,eqnullcmp,print,0,inline,correct,,false|1
c05169,C,f64,1,callres,eqnullcmp,print,1,inline,correct,,true|1
c05170,C,f32,0,callres,direct,print,0,inline,correct,,7.25|1
c05171,C,f32,0,callres,direct,print,1,inline,correct,,8.75|1
c05172,C,f32,0,callres,eqcmp,print,0,inline,correct,,true|1
c05173,C,f32,0,callres,eqcmp,print,1,inline,correct,,false|1
c05174,C,f32,0,callres,coalesce,print,0,inline,loud_emit_reject,emitProgram: `??` is only supported on a map index get,7.25|1
c05175,C,f32,0,callres,coalesce,print,1,inline,loud_emit_reject,emitProgram: `??` is only supported on a map index get,8.75|1
c05176,C,f32,0,callres,printdirect,print,0,inline,correct,,7.25|1
c05177,C,f32,0,callres,printdirect,print,1,inline,correct,,8.75|1
c05178,C,f32,1,callres,coalesce,print,0,inline,correct,,7.25|1
c05179,C,f32,1,callres,coalesce,print,1,inline,correct,,0.5|1
c05180,C,f32,1,callres,printdirect,print,0,inline,loud_check_reject,"[ERROR]: print of a union value (f32?) is type-valid but not yet supported by codegen — narrow it first, e.g. `if v is i32 { print(v) }`",7.25|1
c05181,C,f32,1,callres,printdirect,print,1,inline,loud_check_reject,"[ERROR]: print of a union value (f32?) is type-valid but not yet supported by codegen — narrow it first, e.g. `if v is i32 { print(v) }`",null|1
c05182,C,f32,1,callres,eqnullcmp,print,0,inline,correct,,false|1
c05183,C,f32,1,callres,eqnullcmp,print,1,inline,correct,,true|1
c05184,C,boolean,0,callres,direct,print,0,inline,correct,,true|1
c05185,C,boolean,0,callres,direct,print,1,inline,correct,,false|1
c05186,C,boolean,0,callres,eqcmp,print,0,inline,correct,,true|1
c05187,C,boolean,0,callres,eqcmp,print,1,inline,correct,,false|1
c05188,C,boolean,0,callres,coalesce,print,0,inline,loud_emit_reject,emitProgram: `??` is only supported on a map index get,true|1
c05189,C,boolean,0,callres,coalesce,print,1,inline,loud_emit_reject,emitProgram: `??` is only supported on a map index get,false|1
c05190,C,boolean,0,callres,printdirect,print,0,inline,correct,,true|1
c05191,C,boolean,0,callres,printdirect,print,1,inline,correct,,false|1
c05192,C,boolean,1,callres,coalesce,print,0,inline,correct,,true|1
c05193,C,boolean,1,callres,coalesce,print,1,inline,correct,,false|1
c05194,C,boolean,1,callres,printdirect,print,0,inline,correct,,true|1
c05195,C,boolean,1,callres,printdirect,print,1,inline,correct,,null|1
c05196,C,boolean,1,callres,eqnullcmp,print,0,inline,correct,,false|1
c05197,C,boolean,1,callres,eqnullcmp,print,1,inline,correct,,true|1
c05198,C,string,0,callres,direct,print,0,inline,correct,,aa|1
c05199,C,string,0,callres,direct,print,1,inline,correct,,bb|1
c05200,C,string,0,callres,eqcmp,print,0,inline,correct,,true|1
c05201,C,string,0,callres,eqcmp,print,1,inline,correct,,false|1
c05202,C,string,0,callres,coalesce,print,0,inline,loud_emit_reject,emitProgram: `??` is only supported on a map index get,aa|1
c05203,C,string,0,callres,coalesce,print,1,inline,loud_emit_reject,emitProgram: `??` is only supported on a map index get,bb|1
c05204,C,string,0,callres,printdirect,print,0,inline,correct,,aa|1
c05205,C,string,0,callres,printdirect,print,1,inline,correct,,bb|1
c05206,C,string,1,callres,coalesce,print,0,inline,correct,,aa|1
c05207,C,string,1,callres,coalesce,print,1,inline,correct,,DD|1
c05208,C,string,1,callres,printdirect,print,0,inline,correct,,aa|1
c05209,C,string,1,callres,printdirect,print,1,inline,correct,,null|1
c05210,C,string,1,callres,eqnullcmp,print,0,inline,correct,,false|1
c05211,C,string,1,callres,eqnullcmp,print,1,inline,correct,,true|1
c05212,C,namedlit,0,callres,direct,print,0,inline,correct,,p|1
c05213,C,namedlit,0,callres,direct,print,1,inline,correct,,q|1
c05214,C,namedlit,0,callres,eqcmp,print,0,inline,correct,,true|1
c05215,C,namedlit,0,callres,eqcmp,print,1,inline,correct,,false|1
c05216,C,namedlit,0,callres,coalesce,print,0,inline,loud_emit_reject,emitProgram: `??` is only supported on a map index get,p|1
c05217,C,namedlit,0,callres,coalesce,print,1,inline,loud_emit_reject,emitProgram: `??` is only supported on a map index get,q|1
c05218,C,namedlit,0,callres,printdirect,print,0,inline,correct,,p|1
c05219,C,namedlit,0,callres,printdirect,print,1,inline,correct,,q|1
c05220,C,namedlit,1,callres,coalesce,print,0,inline,correct,,p|1
c05221,C,namedlit,1,callres,coalesce,print,1,inline,correct,,q|1
c05222,C,namedlit,1,callres,printdirect,print,0,inline,correct,,p|1
c05223,C,namedlit,1,callres,printdirect,print,1,inline,correct,,null|1
c05224,C,namedlit,1,callres,eqnullcmp,print,0,inline,correct,,false|1
c05225,C,namedlit,1,callres,eqnullcmp,print,1,inline,correct,,true|1
c05226,C,inlinelit,0,callres,direct,print,0,inline,correct,,p|1
c05227,C,inlinelit,0,callres,direct,print,1,inline,correct,,q|1
c05228,C,inlinelit,0,callres,eqcmp,print,0,inline,correct,,true|1
c05229,C,inlinelit,0,callres,eqcmp,print,1,inline,correct,,false|1
c05230,C,inlinelit,0,callres,coalesce,print,0,inline,loud_emit_reject,emitProgram: `??` is only supported on a map index get,p|1
c05231,C,inlinelit,0,callres,coalesce,print,1,inline,loud_emit_reject,emitProgram: `??` is only supported on a map index get,q|1
c05232,C,inlinelit,0,callres,printdirect,print,0,inline,correct,,p|1
c05233,C,inlinelit,0,callres,printdirect,print,1,inline,correct,,q|1
c05234,C,inlinelit,1,callres,coalesce,print,0,inline,correct,,p|1
c05235,C,inlinelit,1,callres,coalesce,print,1,inline,correct,,q|1
c05236,C,inlinelit,1,callres,printdirect,print,0,inline,correct,,p|1
c05237,C,inlinelit,1,callres,printdirect,print,1,inline,correct,,null|1
c05238,C,inlinelit,1,callres,eqnullcmp,print,0,inline,correct,,false|1
c05239,C,inlinelit,1,callres,eqnullcmp,print,1,inline,correct,,true|1
c05240,C,numlit,0,callres,direct,print,0,inline,correct,,1|1
c05241,C,numlit,0,callres,direct,print,1,inline,correct,,2|1
c05242,C,numlit,0,callres,eqcmp,print,0,inline,correct,,true|1
c05243,C,numlit,0,callres,eqcmp,print,1,inline,correct,,false|1
c05244,C,numlit,0,callres,coalesce,print,0,inline,loud_emit_reject,emitProgram: `??` is only supported on a map index get,1|1
c05245,C,numlit,0,callres,coalesce,print,1,inline,loud_emit_reject,emitProgram: `??` is only supported on a map index get,2|1
c05246,C,numlit,0,callres,printdirect,print,0,inline,correct,,1|1
c05247,C,numlit,0,callres,printdirect,print,1,inline,correct,,2|1
c05248,C,numlit,1,callres,coalesce,print,0,inline,correct,,1|1
c05249,C,numlit,1,callres,coalesce,print,1,inline,correct,,2|1
c05250,C,numlit,1,callres,printdirect,print,0,inline,loud_check_reject,"[ERROR]: print of a union value (1 | 2?) is type-valid but not yet supported by codegen — narrow it first, e.g. `if v is i32 { print(v) }`",1|1
c05251,C,numlit,1,callres,printdirect,print,1,inline,loud_check_reject,"[ERROR]: print of a union value (1 | 2?) is type-valid but not yet supported by codegen — narrow it first, e.g. `if v is i32 { print(v) }`",null|1
c05252,C,numlit,1,callres,eqnullcmp,print,0,inline,correct,,false|1
c05253,C,numlit,1,callres,eqnullcmp,print,1,inline,correct,,true|1
c05254,C,vubox,0,callres,direct,isarm,0,inline,loud_check_reject,"[ERROR]: print of a union value (string | i32) is type-valid but not yet supported by codegen — narrow it first, e.g. `if v is i32 { print(v) }`",aa|1
c05255,C,vubox,0,callres,direct,isarm,1,inline,loud_check_reject,"[ERROR]: print of a union value (string | i32) is type-valid but not yet supported by codegen — narrow it first, e.g. `if v is i32 { print(v) }`",7|1
c05256,C,vubox,1,callres,eqnullcmp,isarm,0,inline,correct,,false|1
c05257,C,vubox,1,callres,eqnullcmp,isarm,1,inline,correct,,true|1
c05258,C,structunion,0,callres,direct,isarm,0,inline,loud_check_reject,[ERROR]: field 'c' is not on every member of {c: i32} | {d: i32} — narrow with `is` first,1|1
c05259,C,structunion,0,callres,direct,isarm,1,inline,loud_check_reject,[ERROR]: field 'c' is not on every member of {c: i32} | {d: i32} — narrow with `is` first,2|1
c05260,C,structunion,1,callres,eqnullcmp,isarm,0,inline,correct,,false|1
c05261,C,structunion,1,callres,eqnullcmp,isarm,1,inline,correct,,true|1
c05262,C,struct,0,callres,direct,field,0,inline,correct,,5|1
c05263,C,struct,0,callres,direct,field,1,inline,correct,,6|1
c05264,C,struct,1,callres,eqnullcmp,field,0,inline,correct,,false|1
c05265,C,struct,1,callres,eqnullcmp,field,1,inline,correct,,true|1
c05266,C,list_i32,0,callres,direct,len,0,inline,correct,,2|1
c05267,C,list_i32,0,callres,direct,len,1,inline,correct,,1|1
c05268,C,list_i32,1,callres,eqnullcmp,len,0,inline,correct,,false|1
c05269,C,list_i32,1,callres,eqnullcmp,len,1,inline,correct,,true|1
c05270,C,list_str,0,callres,direct,len,0,inline,correct,,2|1
c05271,C,list_str,0,callres,direct,len,1,inline,correct,,1|1
c05272,C,list_str,1,callres,eqnullcmp,len,0,inline,correct,,false|1
c05273,C,list_str,1,callres,eqnullcmp,len,1,inline,correct,,true|1
c05274,C,list_f64,0,callres,direct,len,0,inline,correct,,2|1
c05275,C,list_f64,0,callres,direct,len,1,inline,correct,,1|1
c05276,C,list_f64,1,callres,eqnullcmp,len,0,inline,correct,,false|1
c05277,C,list_f64,1,callres,eqnullcmp,len,1,inline,correct,,true|1
c05278,C,list_i64,0,callres,direct,len,0,inline,correct,,2|1
c05279,C,list_i64,0,callres,direct,len,1,inline,correct,,1|1
c05280,C,list_i64,1,callres,eqnullcmp,len,0,inline,correct,,false|1
c05281,C,list_i64,1,callres,eqnullcmp,len,1,inline,correct,,true|1
c05282,C,list_f32,0,callres,direct,len,0,inline,correct,,2|1
c05283,C,list_f32,0,callres,direct,len,1,inline,correct,,1|1
c05284,C,list_f32,1,callres,eqnullcmp,len,0,inline,correct,,false|1
c05285,C,list_f32,1,callres,eqnullcmp,len,1,inline,correct,,true|1
c05286,C,list_ref,0,callres,direct,len,0,inline,correct,,2|1
c05287,C,list_ref,0,callres,direct,len,1,inline,correct,,1|1
c05288,C,list_ref,1,callres,eqnullcmp,len,0,inline,correct,,false|1
c05289,C,list_ref,1,callres,eqnullcmp,len,1,inline,correct,,true|1
c05290,C,closure,0,callres,direct,call,0,inline,correct,,4|1
c05291,C,closure,0,callres,direct,call,1,inline,correct,,5|1
c05292,C,closure,1,callres,eqnullcmp,call,0,inline,loud_check_reject,[ERROR]: cannot compare (i32) -> i32? with null,false|1
c05293,C,closure,1,callres,eqnullcmp,call,1,inline,loud_check_reject,"[ERROR]: return type mismatch: expected (i32) -> i32?, got null",true|1
c05294,C,map_str,0,callres,direct,size,0,inline,correct,,2|1
c05295,C,map_str,0,callres,direct,size,1,inline,correct,,1|1
c05296,C,map_str,1,callres,eqnullcmp,size,0,inline,correct,,false|1
c05297,C,map_str,1,callres,eqnullcmp,size,1,inline,correct,,true|1
c05298,C,map_i32,0,callres,direct,size,0,inline,correct,,2|1
c05299,C,map_i32,0,callres,direct,size,1,inline,correct,,1|1
c05300,C,map_i32,1,callres,eqnullcmp,size,0,inline,correct,,false|1
c05301,C,map_i32,1,callres,eqnullcmp,size,1,inline,correct,,true|1
c05302,D,i32,0,callres,direct,print,0,inline,correct,,7|1
c05303,D,i32,0,callres,direct,print,1,inline,correct,,8|1
c05304,D,i32,0,callres,direct,plus,0,inline,correct,,8|1
c05305,D,i32,0,callres,direct,plus,1,inline,correct,,9|1
c05306,D,i64,0,callres,direct,print,0,inline,correct,,70|1
c05307,D,i64,0,callres,direct,print,1,inline,correct,,80|1
c05308,D,i64,0,callres,direct,plus,0,inline,correct,,71|1
c05309,D,i64,0,callres,direct,plus,1,inline,correct,,81|1
c05310,D,f64,0,callres,direct,print,0,inline,correct,,7.25|1
c05311,D,f64,0,callres,direct,print,1,inline,correct,,8.75|1
c05312,D,f64,0,callres,direct,plus,0,inline,correct,,7.75|1
c05313,D,f64,0,callres,direct,plus,1,inline,correct,,9.25|1
c05314,D,f32,0,callres,direct,print,0,inline,correct,,7.25|1
c05315,D,f32,0,callres,direct,print,1,inline,correct,,8.75|1
c05316,D,boolean,0,callres,direct,print,0,inline,correct,,true|1
c05317,D,boolean,0,callres,direct,print,1,inline,correct,,false|1
c05318,D,string,0,callres,direct,print,0,inline,correct,,aa|1
c05319,D,string,0,callres,direct,print,1,inline,correct,,bb|1
c05320,D,string,0,callres,direct,len,0,inline,correct,,2|1
c05321,D,string,0,callres,direct,len,1,inline,correct,,2|1
c05322,D,string,0,callres,direct,plus,0,inline,correct,,aa!|1
c05323,D,string,0,callres,direct,plus,1,inline,correct,,bb!|1
c05324,D,namedlit,0,callres,direct,print,0,inline,correct,,p|1
c05325,D,namedlit,0,callres,direct,print,1,inline,correct,,q|1
c05326,D,namedlit,0,callres,direct,eqchain,0,inline,correct,,P|1
c05327,D,namedlit,0,callres,direct,eqchain,1,inline,correct,,Q|1
c05328,D,inlinelit,0,callres,direct,print,0,inline,correct,,p|1
c05329,D,inlinelit,0,callres,direct,print,1,inline,correct,,q|1
c05330,D,inlinelit,0,callres,direct,eqchain,0,inline,correct,,P|1
c05331,D,inlinelit,0,callres,direct,eqchain,1,inline,correct,,Q|1
c05332,D,numlit,0,callres,direct,print,0,inline,correct,,1|1
c05333,D,numlit,0,callres,direct,print,1,inline,correct,,2|1
c05334,D,numlit,0,callres,direct,eqchain,0,inline,correct,,P|1
c05335,D,numlit,0,callres,direct,eqchain,1,inline,correct,,Q|1
c05336,D,struct,0,callres,direct,field,0,inline,correct,,5|1
c05337,D,struct,0,callres,direct,field,1,inline,correct,,6|1
c05338,D,list_i32,0,callres,direct,len,0,inline,correct,,2|1
c05339,D,list_i32,0,callres,direct,len,1,inline,correct,,1|1
c05340,D,list_i32,0,callres,direct,idx,0,inline,correct,,1|1
c05341,D,list_i32,0,callres,direct,idx,1,inline,correct,,3|1
c05342,D,list_i32,0,callres,direct,mapm,0,inline,correct,,2|1
c05343,D,list_i32,0,callres,direct,mapm,1,inline,correct,,1|1
c05344,D,list_i32,0,callres,direct,filterm,0,inline,correct,,2|1
c05345,D,list_i32,0,callres,direct,filterm,1,inline,correct,,1|1
c05346,D,list_str,0,callres,direct,len,0,inline,correct,,2|1
c05347,D,list_str,0,callres,direct,len,1,inline,correct,,1|1
c05348,D,list_str,0,callres,direct,idx,0,inline,correct,,a|1
c05349,D,list_str,0,callres,direct,idx,1,inline,correct,,c|1
c05350,D,list_str,0,callres,direct,mapm,0,inline,correct,,2|1
c05351,D,list_str,0,callres,direct,mapm,1,inline,correct,,1|1
c05352,D,list_str,0,callres,direct,filterm,0,inline,correct,,2|1
c05353,D,list_str,0,callres,direct,filterm,1,inline,correct,,1|1
c05354,D,list_f64,0,callres,direct,len,0,inline,correct,,2|1
c05355,D,list_f64,0,callres,direct,len,1,inline,correct,,1|1
c05356,D,list_f64,0,callres,direct,idx,0,inline,correct,,1.25|1
c05357,D,list_f64,0,callres,direct,idx,1,inline,correct,,3.25|1
c05358,D,list_f64,0,callres,direct,mapm,0,inline,correct,,2|1
c05359,D,list_f64,0,callres,direct,mapm,1,inline,correct,,1|1
c05360,D,list_f64,0,callres,direct,filterm,0,inline,correct,,2|1
c05361,D,list_f64,0,callres,direct,filterm,1,inline,correct,,1|1
c05362,D,list_i64,0,callres,direct,len,0,inline,correct,,2|1
c05363,D,list_i64,0,callres,direct,len,1,inline,correct,,1|1
c05364,D,list_i64,0,callres,direct,idx,0,inline,correct,,10|1
c05365,D,list_i64,0,callres,direct,idx,1,inline,correct,,30|1
c05366,D,list_i64,0,callres,direct,mapm,0,inline,correct,,2|1
c05367,D,list_i64,0,callres,direct,mapm,1,inline,correct,,1|1
c05368,D,list_i64,0,callres,direct,filterm,0,inline,correct,,2|1
c05369,D,list_i64,0,callres,direct,filterm,1,inline,correct,,1|1
c05370,D,list_f32,0,callres,direct,len,0,inline,correct,,2|1
c05371,D,list_f32,0,callres,direct,len,1,inline,correct,,1|1
c05372,D,list_f32,0,callres,direct,idx,0,inline,correct,,1.25|1
c05373,D,list_f32,0,callres,direct,idx,1,inline,correct,,3.25|1
c05374,D,list_f32,0,callres,direct,mapm,0,inline,correct,,2|1
c05375,D,list_f32,0,callres,direct,mapm,1,inline,correct,,1|1
c05376,D,list_f32,0,callres,direct,filterm,0,inline,correct,,2|1
c05377,D,list_f32,0,callres,direct,filterm,1,inline,correct,,1|1
c05378,D,list_ref,0,callres,direct,len,0,inline,correct,,2|1
c05379,D,list_ref,0,callres,direct,len,1,inline,correct,,1|1
c05380,D,list_ref,0,callres,direct,idx,0,inline,correct,,1|1
c05381,D,list_ref,0,callres,direct,idx,1,inline,correct,,3|1
c05382,D,closure,0,callres,direct,call,0,inline,correct,,4|1
c05383,D,closure,0,callres,direct,call,1,inline,correct,,5|1
c05384,D,map_str,0,callres,direct,size,0,inline,correct,,2|1
c05385,D,map_str,0,callres,direct,size,1,inline,correct,,1|1
c05386,D,map_str,0,callres,direct,valsum,0,inline,wrong_evalcount,calls expected 1 got 2,5|6|1
c05387,D,map_str,0,callres,direct,valsum,1,inline,wrong_evalcount,calls expected 1 got 2,9|1
c05388,D,map_str,0,callres,direct,coal,0,inline,correct,,5|1
c05389,D,map_str,0,callres,direct,coal,1,inline,correct,,9|1
c05390,D,map_i32,0,callres,direct,size,0,inline,correct,,2|1
c05391,D,map_i32,0,callres,direct,size,1,inline,correct,,1|1
c05392,D,map_i32,0,callres,direct,valsum,0,inline,wrong_evalcount,calls expected 1 got 2,x|y|1
c05393,D,map_i32,0,callres,direct,valsum,1,inline,wrong_evalcount,calls expected 1 got 2,z|1
c05394,E,i32,1,const_local,nenull,print,0,inline,correct,,7|1
c05395,E,i32,1,const_local,nenull,print,1,inline,correct,,NUL|1
c05396,E,i32,1,const_local,eqnull_else,print,0,inline,correct,,7|1
c05397,E,i32,1,const_local,eqnull_else,print,1,inline,correct,,NUL|1
c05398,E,i32,1,const_local,is_t,print,0,inline,correct,,7|1
c05399,E,i32,1,const_local,is_t,print,1,inline,correct,,NUL|1
c05400,E,i32,1,const_local,coalesce,print,0,inline,correct,,7|1
c05401,E,i32,1,const_local,coalesce,print,1,inline,correct,,0|1
c05402,E,i32,1,const_local,printdirect,print,0,inline,loud_check_reject,"[ERROR]: print of a union value (i32?) is type-valid but not yet supported by codegen — narrow it first, e.g. `if v is i32 { print(v) }`",7|1
c05403,E,i32,1,const_local,printdirect,print,1,inline,loud_check_reject,"[ERROR]: print of a union value (i32?) is type-valid but not yet supported by codegen — narrow it first, e.g. `if v is i32 { print(v) }`",null|1
c05404,E,i32,1,param,nenull,print,0,inline,correct,,7|1
c05405,E,i32,1,param,nenull,print,1,inline,correct,,NUL|1
c05406,E,i32,1,param,eqnull_else,print,0,inline,correct,,7|1
c05407,E,i32,1,param,eqnull_else,print,1,inline,correct,,NUL|1
c05408,E,i32,1,param,is_t,print,0,inline,correct,,7|1
c05409,E,i32,1,param,is_t,print,1,inline,correct,,NUL|1
c05410,E,i32,1,param,coalesce,print,0,inline,correct,,7|1
c05411,E,i32,1,param,coalesce,print,1,inline,correct,,0|1
c05412,E,i32,1,param,printdirect,print,0,inline,loud_check_reject,"[ERROR]: print of a union value (i32?) is type-valid but not yet supported by codegen — narrow it first, e.g. `if v is i32 { print(v) }`",7|1
c05413,E,i32,1,param,printdirect,print,1,inline,loud_check_reject,"[ERROR]: print of a union value (i32?) is type-valid but not yet supported by codegen — narrow it first, e.g. `if v is i32 { print(v) }`",null|1
c05414,E,i32,1,ret_ann,nenull,print,0,inline,correct,,7|1
c05415,E,i32,1,ret_ann,nenull,print,1,inline,correct,,NUL|1
c05416,E,i32,1,ret_ann,eqnull_else,print,0,inline,correct,,7|1
c05417,E,i32,1,ret_ann,eqnull_else,print,1,inline,correct,,NUL|1
c05418,E,i32,1,ret_ann,is_t,print,0,inline,correct,,7|1
c05419,E,i32,1,ret_ann,is_t,print,1,inline,correct,,NUL|1
c05420,E,i32,1,ret_ann,coalesce,print,0,inline,correct,,7|1
c05421,E,i32,1,ret_ann,coalesce,print,1,inline,correct,,0|1
c05422,E,i32,1,ret_ann,printdirect,print,0,inline,loud_check_reject,"[ERROR]: print of a union value (i32?) is type-valid but not yet supported by codegen — narrow it first, e.g. `if v is i32 { print(v) }`",7|1
c05423,E,i32,1,ret_ann,printdirect,print,1,inline,loud_check_reject,"[ERROR]: print of a union value (i32?) is type-valid but not yet supported by codegen — narrow it first, e.g. `if v is i32 { print(v) }`",null|1
c05424,E,i32,1,global,nenull,print,0,inline,correct,,7|1
c05425,E,i32,1,global,nenull,print,1,inline,correct,,NUL|1
c05426,E,i32,1,global,eqnull_else,print,0,inline,correct,,7|1
c05427,E,i32,1,global,eqnull_else,print,1,inline,correct,,NUL|1
c05428,E,i32,1,global,is_t,print,0,inline,correct,,7|1
c05429,E,i32,1,global,is_t,print,1,inline,correct,,NUL|1
c05430,E,i32,1,global,coalesce,print,0,inline,correct,,7|1
c05431,E,i32,1,global,coalesce,print,1,inline,correct,,0|1
c05432,E,i32,1,global,printdirect,print,0,inline,loud_check_reject,"[ERROR]: print of a union value (i32?) is type-valid but not yet supported by codegen — narrow it first, e.g. `if v is i32 { print(v) }`",7|1
c05433,E,i32,1,global,printdirect,print,1,inline,loud_check_reject,"[ERROR]: print of a union value (i32?) is type-valid but not yet supported by codegen — narrow it first, e.g. `if v is i32 { print(v) }`",null|1
c05434,E,i32,1,field,nenull,print,0,inline,correct,,7|1
c05435,E,i32,1,field,nenull,print,1,inline,correct,,NUL|1
c05436,E,i32,1,field,eqnull_else,print,0,inline,correct,,7|1
c05437,E,i32,1,field,eqnull_else,print,1,inline,correct,,NUL|1
c05438,E,i32,1,field,is_t,print,0,inline,correct,,7|1
c05439,E,i32,1,field,is_t,print,1,inline,correct,,NUL|1
c05440,E,i32,1,field,coalesce,print,0,inline,correct,,7|1
c05441,E,i32,1,field,coalesce,print,1,inline,correct,,0|1
c05442,E,i32,1,field,printdirect,print,0,inline,loud_check_reject,"[ERROR]: print of a union value (i32?) is type-valid but not yet supported by codegen — narrow it first, e.g. `if v is i32 { print(v) }`",7|1
c05443,E,i32,1,field,printdirect,print,1,inline,loud_check_reject,"[ERROR]: print of a union value (i32?) is type-valid but not yet supported by codegen — narrow it first, e.g. `if v is i32 { print(v) }`",null|1
c05444,E,i32,1,elem,nenull,print,0,inline,correct,,7|1
c05445,E,i32,1,elem,nenull,print,1,inline,correct,,NUL|1
c05446,E,i32,1,elem,eqnull_else,print,0,inline,correct,,7|1
c05447,E,i32,1,elem,eqnull_else,print,1,inline,correct,,NUL|1
c05448,E,i32,1,elem,is_t,print,0,inline,correct,,7|1
c05449,E,i32,1,elem,is_t,print,1,inline,correct,,NUL|1
c05450,E,i32,1,elem,coalesce,print,0,inline,correct,,7|1
c05451,E,i32,1,elem,coalesce,print,1,inline,correct,,0|1
c05452,E,i32,1,elem,printdirect,print,0,inline,loud_check_reject,"[ERROR]: print of a union value (i32?) is type-valid but not yet supported by codegen — narrow it first, e.g. `if v is i32 { print(v) }`",7|1
c05453,E,i32,1,elem,printdirect,print,1,inline,loud_check_reject,"[ERROR]: print of a union value (i32?) is type-valid but not yet supported by codegen — narrow it first, e.g. `if v is i32 { print(v) }`",null|1
c05454,E,i32,1,mapval,nenull,print,0,inline,correct,,7|1
c05455,E,i32,1,mapval,nenull,print,1,inline,correct,,NUL|1
c05456,E,i32,1,mapval,eqnull_else,print,0,inline,correct,,7|1
c05457,E,i32,1,mapval,eqnull_else,print,1,inline,correct,,NUL|1
c05458,E,i32,1,mapval,is_t,print,0,inline,correct,,7|1
c05459,E,i32,1,mapval,is_t,print,1,inline,correct,,NUL|1
c05460,E,i32,1,mapval,coalesce,print,0,inline,correct,,7|1
c05461,E,i32,1,mapval,coalesce,print,1,inline,correct,,0|1
c05462,E,i32,1,mapval,printdirect,print,0,inline,loud_check_reject,"[ERROR]: print of a union value (i32??) is type-valid but not yet supported by codegen — narrow it first, e.g. `if v is i32 { print(v) }`",7|1
c05463,E,i32,1,mapval,printdirect,print,1,inline,loud_check_reject,"[ERROR]: print of a union value (i32??) is type-valid but not yet supported by codegen — narrow it first, e.g. `if v is i32 { print(v) }`",null|1
c05464,E,i32,1,capture,nenull,print,0,inline,invalid_wasm,"1: Invalid input WebAssembly code at offset 370: type mismatch: expected i32, found (ref $type)",7|1
c05465,E,i32,1,capture,nenull,print,1,inline,invalid_wasm,"1: Invalid input WebAssembly code at offset 367: type mismatch: expected i32, found (ref $type)",NUL|1
c05466,E,i32,1,capture,eqnull_else,print,0,inline,invalid_wasm,"1: Invalid input WebAssembly code at offset 418: type mismatch: expected i32, found (ref $type)",7|1
c05467,E,i32,1,capture,eqnull_else,print,1,inline,invalid_wasm,"1: Invalid input WebAssembly code at offset 415: type mismatch: expected i32, found (ref $type)",NUL|1
c05468,E,i32,1,capture,is_t,print,0,inline,loud_emit_reject,emitProgram: narrowed union binding is not a local or global,7|1
c05469,E,i32,1,capture,is_t,print,1,inline,loud_emit_reject,emitProgram: narrowed union binding is not a local or global,NUL|1
c05470,E,i32,1,capture,coalesce,print,0,inline,loud_emit_reject,emitProgram: narrowed union binding is not a local or global,7|1
c05471,E,i32,1,capture,coalesce,print,1,inline,loud_emit_reject,emitProgram: narrowed union binding is not a local or global,0|1
c05472,E,i32,1,capture,printdirect,print,0,inline,loud_check_reject,"[ERROR]: print of a union value (i32?) is type-valid but not yet supported by codegen — narrow it first, e.g. `if v is i32 { print(v) }`",7|1
c05473,E,i32,1,capture,printdirect,print,1,inline,loud_check_reject,"[ERROR]: print of a union value (i32?) is type-valid but not yet supported by codegen — narrow it first, e.g. `if v is i32 { print(v) }`",null|1
c05474,E,i32,1,loopvar,nenull,print,0,inline,correct,,7|1
c05475,E,i32,1,loopvar,nenull,print,1,inline,correct,,NUL|1
c05476,E,i32,1,loopvar,eqnull_else,print,0,inline,correct,,7|1
c05477,E,i32,1,loopvar,eqnull_else,print,1,inline,correct,,NUL|1
c05478,E,i32,1,loopvar,is_t,print,0,inline,correct,,7|1
c05479,E,i32,1,loopvar,is_t,print,1,inline,correct,,NUL|1
c05480,E,i32,1,loopvar,coalesce,print,0,inline,correct,,7|1
c05481,E,i32,1,loopvar,coalesce,print,1,inline,correct,,0|1
c05482,E,i32,1,loopvar,printdirect,print,0,inline,loud_check_reject,"[ERROR]: print of a union value (i32?) is type-valid but not yet supported by codegen — narrow it first, e.g. `if v is i32 { print(v) }`",7|1
c05483,E,i32,1,loopvar,printdirect,print,1,inline,loud_check_reject,"[ERROR]: print of a union value (i32?) is type-valid but not yet supported by codegen — narrow it first, e.g. `if v is i32 { print(v) }`",null|1
c05484,E,i32,1,const_local,nenull,print,0,alias,correct,,7|1
c05485,E,i32,1,const_local,nenull,print,1,alias,correct,,NUL|1
c05486,E,i32,1,const_local,eqnull_else,print,0,alias,correct,,7|1
c05487,E,i32,1,const_local,eqnull_else,print,1,alias,correct,,NUL|1
c05488,E,i32,1,const_local,is_t,print,0,alias,correct,,7|1
c05489,E,i32,1,const_local,is_t,print,1,alias,correct,,NUL|1
c05490,E,i32,1,const_local,coalesce,print,0,alias,correct,,7|1
c05491,E,i32,1,const_local,coalesce,print,1,alias,correct,,0|1
c05492,E,i32,1,const_local,printdirect,print,0,alias,loud_check_reject,"[ERROR]: print of a union value (i32?) is type-valid but not yet supported by codegen — narrow it first, e.g. `if v is i32 { print(v) }`",7|1
c05493,E,i32,1,const_local,printdirect,print,1,alias,loud_check_reject,"[ERROR]: print of a union value (i32?) is type-valid but not yet supported by codegen — narrow it first, e.g. `if v is i32 { print(v) }`",null|1
c05494,E,i32,1,param,nenull,print,0,alias,correct,,7|1
c05495,E,i32,1,param,nenull,print,1,alias,correct,,NUL|1
c05496,E,i32,1,param,eqnull_else,print,0,alias,correct,,7|1
c05497,E,i32,1,param,eqnull_else,print,1,alias,correct,,NUL|1
c05498,E,i32,1,param,is_t,print,0,alias,correct,,7|1
c05499,E,i32,1,param,is_t,print,1,alias,correct,,NUL|1
c05500,E,i32,1,param,coalesce,print,0,alias,correct,,7|1
c05501,E,i32,1,param,coalesce,print,1,alias,correct,,0|1
c05502,E,i32,1,param,printdirect,print,0,alias,loud_check_reject,"[ERROR]: print of a union value (i32?) is type-valid but not yet supported by codegen — narrow it first, e.g. `if v is i32 { print(v) }`",7|1
c05503,E,i32,1,param,printdirect,print,1,alias,loud_check_reject,"[ERROR]: print of a union value (i32?) is type-valid but not yet supported by codegen — narrow it first, e.g. `if v is i32 { print(v) }`",null|1
c05504,E,i32,1,ret_ann,nenull,print,0,alias,correct,,7|1
c05505,E,i32,1,ret_ann,nenull,print,1,alias,correct,,NUL|1
c05506,E,i32,1,ret_ann,eqnull_else,print,0,alias,correct,,7|1
c05507,E,i32,1,ret_ann,eqnull_else,print,1,alias,correct,,NUL|1
c05508,E,i32,1,ret_ann,is_t,print,0,alias,correct,,7|1
c05509,E,i32,1,ret_ann,is_t,print,1,alias,correct,,NUL|1
c05510,E,i32,1,ret_ann,coalesce,print,0,alias,correct,,7|1
c05511,E,i32,1,ret_ann,coalesce,print,1,alias,correct,,0|1
c05512,E,i32,1,ret_ann,printdirect,print,0,alias,loud_check_reject,"[ERROR]: print of a union value (i32?) is type-valid but not yet supported by codegen — narrow it first, e.g. `if v is i32 { print(v) }`",7|1
c05513,E,i32,1,ret_ann,printdirect,print,1,alias,loud_check_reject,"[ERROR]: print of a union value (i32?) is type-valid but not yet supported by codegen — narrow it first, e.g. `if v is i32 { print(v) }`",null|1
c05514,E,i32,1,global,nenull,print,0,alias,correct,,7|1
c05515,E,i32,1,global,nenull,print,1,alias,correct,,NUL|1
c05516,E,i32,1,global,eqnull_else,print,0,alias,correct,,7|1
c05517,E,i32,1,global,eqnull_else,print,1,alias,correct,,NUL|1
c05518,E,i32,1,global,is_t,print,0,alias,correct,,7|1
c05519,E,i32,1,global,is_t,print,1,alias,correct,,NUL|1
c05520,E,i32,1,global,coalesce,print,0,alias,correct,,7|1
c05521,E,i32,1,global,coalesce,print,1,alias,correct,,0|1
c05522,E,i32,1,global,printdirect,print,0,alias,loud_check_reject,"[ERROR]: print of a union value (i32?) is type-valid but not yet supported by codegen — narrow it first, e.g. `if v is i32 { print(v) }`",7|1
c05523,E,i32,1,global,printdirect,print,1,alias,loud_check_reject,"[ERROR]: print of a union value (i32?) is type-valid but not yet supported by codegen — narrow it first, e.g. `if v is i32 { print(v) }`",null|1
c05524,E,i32,1,field,nenull,print,0,alias,loud_check_reject,[ERROR]: cannot assign {f: i32?} to 'w' of type {f: i32?},7|1
c05525,E,i32,1,field,nenull,print,1,alias,loud_check_reject,[ERROR]: cannot assign {f: i32?} to 'w' of type {f: i32?},NUL|1
c05526,E,i32,1,field,eqnull_else,print,0,alias,loud_check_reject,[ERROR]: cannot assign {f: i32?} to 'w' of type {f: i32?},7|1
c05527,E,i32,1,field,eqnull_else,print,1,alias,loud_check_reject,[ERROR]: cannot assign {f: i32?} to 'w' of type {f: i32?},NUL|1
c05528,E,i32,1,field,is_t,print,0,alias,loud_check_reject,[ERROR]: cannot assign {f: i32?} to 'w' of type {f: i32?},7|1
c05529,E,i32,1,field,is_t,print,1,alias,loud_check_reject,[ERROR]: cannot assign {f: i32?} to 'w' of type {f: i32?},NUL|1
c05530,E,i32,1,field,coalesce,print,0,alias,loud_check_reject,[ERROR]: cannot assign {f: i32?} to 'w' of type {f: i32?},7|1
c05531,E,i32,1,field,coalesce,print,1,alias,loud_check_reject,[ERROR]: cannot assign {f: i32?} to 'w' of type {f: i32?},0|1
c05532,E,i32,1,field,printdirect,print,0,alias,loud_check_reject,[ERROR]: cannot assign {f: i32?} to 'w' of type {f: i32?},7|1
c05533,E,i32,1,field,printdirect,print,1,alias,loud_check_reject,[ERROR]: cannot assign {f: i32?} to 'w' of type {f: i32?},null|1
c05534,E,i32,1,elem,nenull,print,0,alias,correct,,7|1
c05535,E,i32,1,elem,nenull,print,1,alias,correct,,NUL|1
c05536,E,i32,1,elem,eqnull_else,print,0,alias,correct,,7|1
c05537,E,i32,1,elem,eqnull_else,print,1,alias,correct,,NUL|1
c05538,E,i32,1,elem,is_t,print,0,alias,correct,,7|1
c05539,E,i32,1,elem,is_t,print,1,alias,correct,,NUL|1
c05540,E,i32,1,elem,coalesce,print,0,alias,correct,,7|1
c05541,E,i32,1,elem,coalesce,print,1,alias,correct,,0|1
c05542,E,i32,1,elem,printdirect,print,0,alias,loud_check_reject,"[ERROR]: print of a union value (i32?) is type-valid but not yet supported by codegen — narrow it first, e.g. `if v is i32 { print(v) }`",7|1
c05543,E,i32,1,elem,printdirect,print,1,alias,loud_check_reject,"[ERROR]: print of a union value (i32?) is type-valid but not yet supported by codegen — narrow it first, e.g. `if v is i32 { print(v) }`",null|1
c05544,E,i32,1,mapval,nenull,print,0,alias,correct,,7|1
c05545,E,i32,1,mapval,nenull,print,1,alias,correct,,NUL|1
c05546,E,i32,1,mapval,eqnull_else,print,0,alias,correct,,7|1
c05547,E,i32,1,mapval,eqnull_else,print,1,alias,correct,,NUL|1
c05548,E,i32,1,mapval,is_t,print,0,alias,correct,,7|1
c05549,E,i32,1,mapval,is_t,print,1,alias,correct,,NUL|1
c05550,E,i32,1,mapval,coalesce,print,0,alias,correct,,7|1
c05551,E,i32,1,mapval,coalesce,print,1,alias,correct,,0|1
c05552,E,i32,1,mapval,printdirect,print,0,alias,loud_check_reject,"[ERROR]: print of a union value (i32??) is type-valid but not yet supported by codegen — narrow it first, e.g. `if v is i32 { print(v) }`",7|1
c05553,E,i32,1,mapval,printdirect,print,1,alias,loud_check_reject,"[ERROR]: print of a union value (i32??) is type-valid but not yet supported by codegen — narrow it first, e.g. `if v is i32 { print(v) }`",null|1
c05554,E,i32,1,capture,nenull,print,0,alias,invalid_wasm,"1: Invalid input WebAssembly code at offset 370: type mismatch: expected i32, found (ref $type)",7|1
c05555,E,i32,1,capture,nenull,print,1,alias,invalid_wasm,"1: Invalid input WebAssembly code at offset 367: type mismatch: expected i32, found (ref $type)",NUL|1
c05556,E,i32,1,capture,eqnull_else,print,0,alias,invalid_wasm,"1: Invalid input WebAssembly code at offset 418: type mismatch: expected i32, found (ref $type)",7|1
c05557,E,i32,1,capture,eqnull_else,print,1,alias,invalid_wasm,"1: Invalid input WebAssembly code at offset 415: type mismatch: expected i32, found (ref $type)",NUL|1
c05558,E,i32,1,capture,is_t,print,0,alias,loud_emit_reject,emitProgram: narrowed union binding is not a local or global,7|1
c05559,E,i32,1,capture,is_t,print,1,alias,loud_emit_reject,emitProgram: narrowed union binding is not a local or global,NUL|1
c05560,E,i32,1,capture,coalesce,print,0,alias,loud_emit_reject,emitProgram: narrowed union binding is not a local or global,7|1
c05561,E,i32,1,capture,coalesce,print,1,alias,loud_emit_reject,emitProgram: narrowed union binding is not a local or global,0|1
c05562,E,i32,1,capture,printdirect,print,0,alias,loud_check_reject,"[ERROR]: print of a union value (i32?) is type-valid but not yet supported by codegen — narrow it first, e.g. `if v is i32 { print(v) }`",7|1
c05563,E,i32,1,capture,printdirect,print,1,alias,loud_check_reject,"[ERROR]: print of a union value (i32?) is type-valid but not yet supported by codegen — narrow it first, e.g. `if v is i32 { print(v) }`",null|1
c05564,E,i32,1,loopvar,nenull,print,0,alias,correct,,7|1
c05565,E,i32,1,loopvar,nenull,print,1,alias,correct,,NUL|1
c05566,E,i32,1,loopvar,eqnull_else,print,0,alias,correct,,7|1
c05567,E,i32,1,loopvar,eqnull_else,print,1,alias,correct,,NUL|1
c05568,E,i32,1,loopvar,is_t,print,0,alias,correct,,7|1
c05569,E,i32,1,loopvar,is_t,print,1,alias,correct,,NUL|1
c05570,E,i32,1,loopvar,coalesce,print,0,alias,correct,,7|1
c05571,E,i32,1,loopvar,coalesce,print,1,alias,correct,,0|1
c05572,E,i32,1,loopvar,printdirect,print,0,alias,loud_check_reject,"[ERROR]: print of a union value (i32?) is type-valid but not yet supported by codegen — narrow it first, e.g. `if v is i32 { print(v) }`",7|1
c05573,E,i32,1,loopvar,printdirect,print,1,alias,loud_check_reject,"[ERROR]: print of a union value (i32?) is type-valid but not yet supported by codegen — narrow it first, e.g. `if v is i32 { print(v) }`",null|1
c05574,E,i64,1,const_local,nenull,print,0,inline,correct,,70|1
c05575,E,i64,1,const_local,nenull,print,1,inline,correct,,NUL|1
c05576,E,i64,1,const_local,eqnull_else,print,0,inline,correct,,70|1
c05577,E,i64,1,const_local,eqnull_else,print,1,inline,correct,,NUL|1
c05578,E,i64,1,const_local,is_t,print,0,inline,correct,,70|1
c05579,E,i64,1,const_local,is_t,print,1,inline,correct,,NUL|1
c05580,E,i64,1,const_local,coalesce,print,0,inline,correct,,70|1
c05581,E,i64,1,const_local,coalesce,print,1,inline,correct,,0|1
c05582,E,i64,1,const_local,printdirect,print,0,inline,loud_check_reject,"[ERROR]: print of a union value (i64?) is type-valid but not yet supported by codegen — narrow it first, e.g. `if v is i32 { print(v) }`",70|1
c05583,E,i64,1,const_local,printdirect,print,1,inline,loud_check_reject,"[ERROR]: print of a union value (i64?) is type-valid but not yet supported by codegen — narrow it first, e.g. `if v is i32 { print(v) }`",null|1
c05584,E,i64,1,param,nenull,print,0,inline,correct,,70|1
c05585,E,i64,1,param,nenull,print,1,inline,correct,,NUL|1
c05586,E,i64,1,param,eqnull_else,print,0,inline,correct,,70|1
c05587,E,i64,1,param,eqnull_else,print,1,inline,correct,,NUL|1
c05588,E,i64,1,param,is_t,print,0,inline,correct,,70|1
c05589,E,i64,1,param,is_t,print,1,inline,correct,,NUL|1
c05590,E,i64,1,param,coalesce,print,0,inline,correct,,70|1
c05591,E,i64,1,param,coalesce,print,1,inline,correct,,0|1
c05592,E,i64,1,param,printdirect,print,0,inline,loud_check_reject,"[ERROR]: print of a union value (i64?) is type-valid but not yet supported by codegen — narrow it first, e.g. `if v is i32 { print(v) }`",70|1
c05593,E,i64,1,param,printdirect,print,1,inline,loud_check_reject,"[ERROR]: print of a union value (i64?) is type-valid but not yet supported by codegen — narrow it first, e.g. `if v is i32 { print(v) }`",null|1
c05594,E,i64,1,ret_ann,nenull,print,0,inline,correct,,70|1
c05595,E,i64,1,ret_ann,nenull,print,1,inline,correct,,NUL|1
c05596,E,i64,1,ret_ann,eqnull_else,print,0,inline,correct,,70|1
c05597,E,i64,1,ret_ann,eqnull_else,print,1,inline,correct,,NUL|1
c05598,E,i64,1,ret_ann,is_t,print,0,inline,correct,,70|1
c05599,E,i64,1,ret_ann,is_t,print,1,inline,correct,,NUL|1
c05600,E,i64,1,ret_ann,coalesce,print,0,inline,correct,,70|1
c05601,E,i64,1,ret_ann,coalesce,print,1,inline,correct,,0|1
c05602,E,i64,1,ret_ann,printdirect,print,0,inline,loud_check_reject,"[ERROR]: print of a union value (i64?) is type-valid but not yet supported by codegen — narrow it first, e.g. `if v is i32 { print(v) }`",70|1
c05603,E,i64,1,ret_ann,printdirect,print,1,inline,loud_check_reject,"[ERROR]: print of a union value (i64?) is type-valid but not yet supported by codegen — narrow it first, e.g. `if v is i32 { print(v) }`",null|1
c05604,E,i64,1,global,nenull,print,0,inline,correct,,70|1
c05605,E,i64,1,global,nenull,print,1,inline,correct,,NUL|1
c05606,E,i64,1,global,eqnull_else,print,0,inline,correct,,70|1
c05607,E,i64,1,global,eqnull_else,print,1,inline,correct,,NUL|1
c05608,E,i64,1,global,is_t,print,0,inline,correct,,70|1
c05609,E,i64,1,global,is_t,print,1,inline,correct,,NUL|1
c05610,E,i64,1,global,coalesce,print,0,inline,correct,,70|1
c05611,E,i64,1,global,coalesce,print,1,inline,correct,,0|1
c05612,E,i64,1,global,printdirect,print,0,inline,loud_check_reject,"[ERROR]: print of a union value (i64?) is type-valid but not yet supported by codegen — narrow it first, e.g. `if v is i32 { print(v) }`",70|1
c05613,E,i64,1,global,printdirect,print,1,inline,loud_check_reject,"[ERROR]: print of a union value (i64?) is type-valid but not yet supported by codegen — narrow it first, e.g. `if v is i32 { print(v) }`",null|1
c05614,E,i64,1,field,nenull,print,0,inline,correct,,70|1
c05615,E,i64,1,field,nenull,print,1,inline,correct,,NUL|1
c05616,E,i64,1,field,eqnull_else,print,0,inline,correct,,70|1
c05617,E,i64,1,field,eqnull_else,print,1,inline,correct,,NUL|1
c05618,E,i64,1,field,is_t,print,0,inline,correct,,70|1
c05619,E,i64,1,field,is_t,print,1,inline,correct,,NUL|1
c05620,E,i64,1,field,coalesce,print,0,inline,correct,,70|1
c05621,E,i64,1,field,coalesce,print,1,inline,correct,,0|1
c05622,E,i64,1,field,printdirect,print,0,inline,loud_check_reject,"[ERROR]: print of a union value (i64?) is type-valid but not yet supported by codegen — narrow it first, e.g. `if v is i32 { print(v) }`",70|1
c05623,E,i64,1,field,printdirect,print,1,inline,loud_check_reject,"[ERROR]: print of a union value (i64?) is type-valid but not yet supported by codegen — narrow it first, e.g. `if v is i32 { print(v) }`",null|1
c05624,E,i64,1,elem,nenull,print,0,inline,correct,,70|1
c05625,E,i64,1,elem,nenull,print,1,inline,correct,,NUL|1
c05626,E,i64,1,elem,eqnull_else,print,0,inline,correct,,70|1
c05627,E,i64,1,elem,eqnull_else,print,1,inline,correct,,NUL|1
c05628,E,i64,1,elem,is_t,print,0,inline,correct,,70|1
c05629,E,i64,1,elem,is_t,print,1,inline,correct,,NUL|1
c05630,E,i64,1,elem,coalesce,print,0,inline,correct,,70|1
c05631,E,i64,1,elem,coalesce,print,1,inline,correct,,0|1
c05632,E,i64,1,elem,printdirect,print,0,inline,loud_check_reject,"[ERROR]: print of a union value (i64?) is type-valid but not yet supported by codegen — narrow it first, e.g. `if v is i32 { print(v) }`",70|1
c05633,E,i64,1,elem,printdirect,print,1,inline,loud_check_reject,"[ERROR]: print of a union value (i64?) is type-valid but not yet supported by codegen — narrow it first, e.g. `if v is i32 { print(v) }`",null|1
c05634,E,i64,1,mapval,nenull,print,0,inline,correct,,70|1
c05635,E,i64,1,mapval,nenull,print,1,inline,correct,,NUL|1
c05636,E,i64,1,mapval,eqnull_else,print,0,inline,correct,,70|1
c05637,E,i64,1,mapval,eqnull_else,print,1,inline,correct,,NUL|1
c05638,E,i64,1,mapval,is_t,print,0,inline,correct,,70|1
c05639,E,i64,1,mapval,is_t,print,1,inline,correct,,NUL|1
c05640,E,i64,1,mapval,coalesce,print,0,inline,correct,,70|1
c05641,E,i64,1,mapval,coalesce,print,1,inline,correct,,0|1
c05642,E,i64,1,mapval,printdirect,print,0,inline,loud_check_reject,"[ERROR]: print of a union value (i64??) is type-valid but not yet supported by codegen — narrow it first, e.g. `if v is i32 { print(v) }`",70|1
c05643,E,i64,1,mapval,printdirect,print,1,inline,loud_check_reject,"[ERROR]: print of a union value (i64??) is type-valid but not yet supported by codegen — narrow it first, e.g. `if v is i32 { print(v) }`",null|1
c05644,E,i64,1,capture,nenull,print,0,inline,invalid_wasm,"1: Invalid input WebAssembly code at offset 400: type mismatch: expected i64, found (ref $type)",70|1
c05645,E,i64,1,capture,nenull,print,1,inline,invalid_wasm,"1: Invalid input WebAssembly code at offset 396: type mismatch: expected i64, found (ref $type)",NUL|1
c05646,E,i64,1,capture,eqnull_else,print,0,inline,invalid_wasm,"1: Invalid input WebAssembly code at offset 448: type mismatch: expected i64, found (ref $type)",70|1
c05647,E,i64,1,capture,eqnull_else,print,1,inline,invalid_wasm,"1: Invalid input WebAssembly code at offset 444: type mismatch: expected i64, found (ref $type)",NUL|1
c05648,E,i64,1,capture,is_t,print,0,inline,loud_emit_reject,emitProgram: narrowed union binding is not a local or global,70|1
c05649,E,i64,1,capture,is_t,print,1,inline,loud_emit_reject,emitProgram: narrowed union binding is not a local or global,NUL|1
c05650,E,i64,1,capture,coalesce,print,0,inline,loud_emit_reject,emitProgram: narrowed union binding is not a local or global,70|1
c05651,E,i64,1,capture,coalesce,print,1,inline,loud_emit_reject,emitProgram: narrowed union binding is not a local or global,0|1
c05652,E,i64,1,capture,printdirect,print,0,inline,loud_check_reject,"[ERROR]: print of a union value (i64?) is type-valid but not yet supported by codegen — narrow it first, e.g. `if v is i32 { print(v) }`",70|1
c05653,E,i64,1,capture,printdirect,print,1,inline,loud_check_reject,"[ERROR]: print of a union value (i64?) is type-valid but not yet supported by codegen — narrow it first, e.g. `if v is i32 { print(v) }`",null|1
c05654,E,i64,1,loopvar,nenull,print,0,inline,correct,,70|1
c05655,E,i64,1,loopvar,nenull,print,1,inline,correct,,NUL|1
c05656,E,i64,1,loopvar,eqnull_else,print,0,inline,correct,,70|1
c05657,E,i64,1,loopvar,eqnull_else,print,1,inline,correct,,NUL|1
c05658,E,i64,1,loopvar,is_t,print,0,inline,correct,,70|1
c05659,E,i64,1,loopvar,is_t,print,1,inline,correct,,NUL|1
c05660,E,i64,1,loopvar,coalesce,print,0,inline,correct,,70|1
c05661,E,i64,1,loopvar,coalesce,print,1,inline,correct,,0|1
c05662,E,i64,1,loopvar,printdirect,print,0,inline,loud_check_reject,"[ERROR]: print of a union value (i64?) is type-valid but not yet supported by codegen — narrow it first, e.g. `if v is i32 { print(v) }`",70|1
c05663,E,i64,1,loopvar,printdirect,print,1,inline,loud_check_reject,"[ERROR]: print of a union value (i64?) is type-valid but not yet supported by codegen — narrow it first, e.g. `if v is i32 { print(v) }`",null|1
c05664,E,i64,1,const_local,nenull,print,0,alias,correct,,70|1
c05665,E,i64,1,const_local,nenull,print,1,alias,correct,,NUL|1
c05666,E,i64,1,const_local,eqnull_else,print,0,alias,correct,,70|1
c05667,E,i64,1,const_local,eqnull_else,print,1,alias,correct,,NUL|1
c05668,E,i64,1,const_local,is_t,print,0,alias,correct,,70|1
c05669,E,i64,1,const_local,is_t,print,1,alias,correct,,NUL|1
c05670,E,i64,1,const_local,coalesce,print,0,alias,correct,,70|1
c05671,E,i64,1,const_local,coalesce,print,1,alias,correct,,0|1
c05672,E,i64,1,const_local,printdirect,print,0,alias,loud_check_reject,"[ERROR]: print of a union value (i64?) is type-valid but not yet supported by codegen — narrow it first, e.g. `if v is i32 { print(v) }`",70|1
c05673,E,i64,1,const_local,printdirect,print,1,alias,loud_check_reject,"[ERROR]: print of a union value (i64?) is type-valid but not yet supported by codegen — narrow it first, e.g. `if v is i32 { print(v) }`",null|1
c05674,E,i64,1,param,nenull,print,0,alias,correct,,70|1
c05675,E,i64,1,param,nenull,print,1,alias,correct,,NUL|1
c05676,E,i64,1,param,eqnull_else,print,0,alias,correct,,70|1
c05677,E,i64,1,param,eqnull_else,print,1,alias,correct,,NUL|1
c05678,E,i64,1,param,is_t,print,0,alias,correct,,70|1
c05679,E,i64,1,param,is_t,print,1,alias,correct,,NUL|1
c05680,E,i64,1,param,coalesce,print,0,alias,correct,,70|1
c05681,E,i64,1,param,coalesce,print,1,alias,correct,,0|1
c05682,E,i64,1,param,printdirect,print,0,alias,loud_check_reject,"[ERROR]: print of a union value (i64?) is type-valid but not yet supported by codegen — narrow it first, e.g. `if v is i32 { print(v) }`",70|1
c05683,E,i64,1,param,printdirect,print,1,alias,loud_check_reject,"[ERROR]: print of a union value (i64?) is type-valid but not yet supported by codegen — narrow it first, e.g. `if v is i32 { print(v) }`",null|1
c05684,E,i64,1,ret_ann,nenull,print,0,alias,correct,,70|1
c05685,E,i64,1,ret_ann,nenull,print,1,alias,correct,,NUL|1
c05686,E,i64,1,ret_ann,eqnull_else,print,0,alias,correct,,70|1
c05687,E,i64,1,ret_ann,eqnull_else,print,1,alias,correct,,NUL|1
c05688,E,i64,1,ret_ann,is_t,print,0,alias,correct,,70|1
c05689,E,i64,1,ret_ann,is_t,print,1,alias,correct,,NUL|1
c05690,E,i64,1,ret_ann,coalesce,print,0,alias,correct,,70|1
c05691,E,i64,1,ret_ann,coalesce,print,1,alias,correct,,0|1
c05692,E,i64,1,ret_ann,printdirect,print,0,alias,loud_check_reject,"[ERROR]: print of a union value (i64?) is type-valid but not yet supported by codegen — narrow it first, e.g. `if v is i32 { print(v) }`",70|1
c05693,E,i64,1,ret_ann,printdirect,print,1,alias,loud_check_reject,"[ERROR]: print of a union value (i64?) is type-valid but not yet supported by codegen — narrow it first, e.g. `if v is i32 { print(v) }`",null|1
c05694,E,i64,1,global,nenull,print,0,alias,correct,,70|1
c05695,E,i64,1,global,nenull,print,1,alias,correct,,NUL|1
c05696,E,i64,1,global,eqnull_else,print,0,alias,correct,,70|1
c05697,E,i64,1,global,eqnull_else,print,1,alias,correct,,NUL|1
c05698,E,i64,1,global,is_t,print,0,alias,correct,,70|1
c05699,E,i64,1,global,is_t,print,1,alias,correct,,NUL|1
c05700,E,i64,1,global,coalesce,print,0,alias,correct,,70|1
c05701,E,i64,1,global,coalesce,print,1,alias,correct,,0|1
c05702,E,i64,1,global,printdirect,print,0,alias,loud_check_reject,"[ERROR]: print of a union value (i64?) is type-valid but not yet supported by codegen — narrow it first, e.g. `if v is i32 { print(v) }`",70|1
c05703,E,i64,1,global,printdirect,print,1,alias,loud_check_reject,"[ERROR]: print of a union value (i64?) is type-valid but not yet supported by codegen — narrow it first, e.g. `if v is i32 { print(v) }`",null|1
c05704,E,i64,1,field,nenull,print,0,alias,loud_check_reject,[ERROR]: cannot assign {f: i64?} to 'w' of type {f: i64?},70|1
c05705,E,i64,1,field,nenull,print,1,alias,loud_check_reject,[ERROR]: cannot assign {f: i64?} to 'w' of type {f: i64?},NUL|1
c05706,E,i64,1,field,eqnull_else,print,0,alias,loud_check_reject,[ERROR]: cannot assign {f: i64?} to 'w' of type {f: i64?},70|1
c05707,E,i64,1,field,eqnull_else,print,1,alias,loud_check_reject,[ERROR]: cannot assign {f: i64?} to 'w' of type {f: i64?},NUL|1
c05708,E,i64,1,field,is_t,print,0,alias,loud_check_reject,[ERROR]: cannot assign {f: i64?} to 'w' of type {f: i64?},70|1
c05709,E,i64,1,field,is_t,print,1,alias,loud_check_reject,[ERROR]: cannot assign {f: i64?} to 'w' of type {f: i64?},NUL|1
c05710,E,i64,1,field,coalesce,print,0,alias,loud_check_reject,[ERROR]: cannot assign {f: i64?} to 'w' of type {f: i64?},70|1
c05711,E,i64,1,field,coalesce,print,1,alias,loud_check_reject,[ERROR]: cannot assign {f: i64?} to 'w' of type {f: i64?},0|1
c05712,E,i64,1,field,printdirect,print,0,alias,loud_check_reject,[ERROR]: cannot assign {f: i64?} to 'w' of type {f: i64?},70|1
c05713,E,i64,1,field,printdirect,print,1,alias,loud_check_reject,[ERROR]: cannot assign {f: i64?} to 'w' of type {f: i64?},null|1
c05714,E,i64,1,elem,nenull,print,0,alias,correct,,70|1
c05715,E,i64,1,elem,nenull,print,1,alias,correct,,NUL|1
c05716,E,i64,1,elem,eqnull_else,print,0,alias,correct,,70|1
c05717,E,i64,1,elem,eqnull_else,print,1,alias,correct,,NUL|1
c05718,E,i64,1,elem,is_t,print,0,alias,correct,,70|1
c05719,E,i64,1,elem,is_t,print,1,alias,correct,,NUL|1
c05720,E,i64,1,elem,coalesce,print,0,alias,correct,,70|1
c05721,E,i64,1,elem,coalesce,print,1,alias,correct,,0|1
c05722,E,i64,1,elem,printdirect,print,0,alias,loud_check_reject,"[ERROR]: print of a union value (i64?) is type-valid but not yet supported by codegen — narrow it first, e.g. `if v is i32 { print(v) }`",70|1
c05723,E,i64,1,elem,printdirect,print,1,alias,loud_check_reject,"[ERROR]: print of a union value (i64?) is type-valid but not yet supported by codegen — narrow it first, e.g. `if v is i32 { print(v) }`",null|1
c05724,E,i64,1,mapval,nenull,print,0,alias,correct,,70|1
c05725,E,i64,1,mapval,nenull,print,1,alias,correct,,NUL|1
c05726,E,i64,1,mapval,eqnull_else,print,0,alias,correct,,70|1
c05727,E,i64,1,mapval,eqnull_else,print,1,alias,correct,,NUL|1
c05728,E,i64,1,mapval,is_t,print,0,alias,correct,,70|1
c05729,E,i64,1,mapval,is_t,print,1,alias,correct,,NUL|1
c05730,E,i64,1,mapval,coalesce,print,0,alias,correct,,70|1
c05731,E,i64,1,mapval,coalesce,print,1,alias,correct,,0|1
c05732,E,i64,1,mapval,printdirect,print,0,alias,loud_check_reject,"[ERROR]: print of a union value (i64??) is type-valid but not yet supported by codegen — narrow it first, e.g. `if v is i32 { print(v) }`",70|1
c05733,E,i64,1,mapval,printdirect,print,1,alias,loud_check_reject,"[ERROR]: print of a union value (i64??) is type-valid but not yet supported by codegen — narrow it first, e.g. `if v is i32 { print(v) }`",null|1
c05734,E,i64,1,capture,nenull,print,0,alias,invalid_wasm,"1: Invalid input WebAssembly code at offset 400: type mismatch: expected i64, found (ref $type)",70|1
c05735,E,i64,1,capture,nenull,print,1,alias,invalid_wasm,"1: Invalid input WebAssembly code at offset 396: type mismatch: expected i64, found (ref $type)",NUL|1
c05736,E,i64,1,capture,eqnull_else,print,0,alias,invalid_wasm,"1: Invalid input WebAssembly code at offset 448: type mismatch: expected i64, found (ref $type)",70|1
c05737,E,i64,1,capture,eqnull_else,print,1,alias,invalid_wasm,"1: Invalid input WebAssembly code at offset 444: type mismatch: expected i64, found (ref $type)",NUL|1
c05738,E,i64,1,capture,is_t,print,0,alias,loud_emit_reject,emitProgram: narrowed union binding is not a local or global,70|1
c05739,E,i64,1,capture,is_t,print,1,alias,loud_emit_reject,emitProgram: narrowed union binding is not a local or global,NUL|1
c05740,E,i64,1,capture,coalesce,print,0,alias,loud_emit_reject,emitProgram: narrowed union binding is not a local or global,70|1
c05741,E,i64,1,capture,coalesce,print,1,alias,loud_emit_reject,emitProgram: narrowed union binding is not a local or global,0|1
c05742,E,i64,1,capture,printdirect,print,0,alias,loud_check_reject,"[ERROR]: print of a union value (i64?) is type-valid but not yet supported by codegen — narrow it first, e.g. `if v is i32 { print(v) }`",70|1
c05743,E,i64,1,capture,printdirect,print,1,alias,loud_check_reject,"[ERROR]: print of a union value (i64?) is type-valid but not yet supported by codegen — narrow it first, e.g. `if v is i32 { print(v) }`",null|1
c05744,E,i64,1,loopvar,nenull,print,0,alias,correct,,70|1
c05745,E,i64,1,loopvar,nenull,print,1,alias,correct,,NUL|1
c05746,E,i64,1,loopvar,eqnull_else,print,0,alias,correct,,70|1
c05747,E,i64,1,loopvar,eqnull_else,print,1,alias,correct,,NUL|1
c05748,E,i64,1,loopvar,is_t,print,0,alias,correct,,70|1
c05749,E,i64,1,loopvar,is_t,print,1,alias,correct,,NUL|1
c05750,E,i64,1,loopvar,coalesce,print,0,alias,correct,,70|1
c05751,E,i64,1,loopvar,coalesce,print,1,alias,correct,,0|1
c05752,E,i64,1,loopvar,printdirect,print,0,alias,loud_check_reject,"[ERROR]: print of a union value (i64?) is type-valid but not yet supported by codegen — narrow it first, e.g. `if v is i32 { print(v) }`",70|1
c05753,E,i64,1,loopvar,printdirect,print,1,alias,loud_check_reject,"[ERROR]: print of a union value (i64?) is type-valid but not yet supported by codegen — narrow it first, e.g. `if v is i32 { print(v) }`",null|1
c05754,E,f64,1,const_local,nenull,print,0,inline,correct,,7.25|1
c05755,E,f64,1,const_local,nenull,print,1,inline,correct,,NUL|1
c05756,E,f64,1,const_local,eqnull_else,print,0,inline,correct,,7.25|1
c05757,E,f64,1,const_local,eqnull_else,print,1,inline,correct,,NUL|1
c05758,E,f64,1,const_local,is_t,print,0,inline,correct,,7.25|1
c05759,E,f64,1,const_local,is_t,print,1,inline,correct,,NUL|1
c05760,E,f64,1,const_local,coalesce,print,0,inline,correct,,7.25|1
c05761,E,f64,1,const_local,coalesce,print,1,inline,correct,,0.5|1
c05762,E,f64,1,const_local,printdirect,print,0,inline,loud_check_reject,"[ERROR]: print of a union value (f64?) is type-valid but not yet supported by codegen — narrow it first, e.g. `if v is i32 { print(v) }`",7.25|1
c05763,E,f64,1,const_local,printdirect,print,1,inline,loud_check_reject,"[ERROR]: print of a union value (f64?) is type-valid but not yet supported by codegen — narrow it first, e.g. `if v is i32 { print(v) }`",null|1
c05764,E,f64,1,param,nenull,print,0,inline,correct,,7.25|1
c05765,E,f64,1,param,nenull,print,1,inline,correct,,NUL|1
c05766,E,f64,1,param,eqnull_else,print,0,inline,correct,,7.25|1
c05767,E,f64,1,param,eqnull_else,print,1,inline,correct,,NUL|1
c05768,E,f64,1,param,is_t,print,0,inline,correct,,7.25|1
c05769,E,f64,1,param,is_t,print,1,inline,correct,,NUL|1
c05770,E,f64,1,param,coalesce,print,0,inline,correct,,7.25|1
c05771,E,f64,1,param,coalesce,print,1,inline,correct,,0.5|1
c05772,E,f64,1,param,printdirect,print,0,inline,loud_check_reject,"[ERROR]: print of a union value (f64?) is type-valid but not yet supported by codegen — narrow it first, e.g. `if v is i32 { print(v) }`",7.25|1
c05773,E,f64,1,param,printdirect,print,1,inline,loud_check_reject,"[ERROR]: print of a union value (f64?) is type-valid but not yet supported by codegen — narrow it first, e.g. `if v is i32 { print(v) }`",null|1
c05774,E,f64,1,ret_ann,nenull,print,0,inline,correct,,7.25|1
c05775,E,f64,1,ret_ann,nenull,print,1,inline,correct,,NUL|1
c05776,E,f64,1,ret_ann,eqnull_else,print,0,inline,correct,,7.25|1
c05777,E,f64,1,ret_ann,eqnull_else,print,1,inline,correct,,NUL|1
c05778,E,f64,1,ret_ann,is_t,print,0,inline,correct,,7.25|1
c05779,E,f64,1,ret_ann,is_t,print,1,inline,correct,,NUL|1
c05780,E,f64,1,ret_ann,coalesce,print,0,inline,correct,,7.25|1
c05781,E,f64,1,ret_ann,coalesce,print,1,inline,correct,,0.5|1
c05782,E,f64,1,ret_ann,printdirect,print,0,inline,loud_check_reject,"[ERROR]: print of a union value (f64?) is type-valid but not yet supported by codegen — narrow it first, e.g. `if v is i32 { print(v) }`",7.25|1
c05783,E,f64,1,ret_ann,printdirect,print,1,inline,loud_check_reject,"[ERROR]: print of a union value (f64?) is type-valid but not yet supported by codegen — narrow it first, e.g. `if v is i32 { print(v) }`",null|1
c05784,E,f64,1,global,nenull,print,0,inline,correct,,7.25|1
c05785,E,f64,1,global,nenull,print,1,inline,correct,,NUL|1
c05786,E,f64,1,global,eqnull_else,print,0,inline,correct,,7.25|1
c05787,E,f64,1,global,eqnull_else,print,1,inline,correct,,NUL|1
c05788,E,f64,1,global,is_t,print,0,inline,correct,,7.25|1
c05789,E,f64,1,global,is_t,print,1,inline,correct,,NUL|1
c05790,E,f64,1,global,coalesce,print,0,inline,correct,,7.25|1
c05791,E,f64,1,global,coalesce,print,1,inline,correct,,0.5|1
c05792,E,f64,1,global,printdirect,print,0,inline,loud_check_reject,"[ERROR]: print of a union value (f64?) is type-valid but not yet supported by codegen — narrow it first, e.g. `if v is i32 { print(v) }`",7.25|1
c05793,E,f64,1,global,printdirect,print,1,inline,loud_check_reject,"[ERROR]: print of a union value (f64?) is type-valid but not yet supported by codegen — narrow it first, e.g. `if v is i32 { print(v) }`",null|1
c05794,E,f64,1,field,nenull,print,0,inline,correct,,7.25|1
c05795,E,f64,1,field,nenull,print,1,inline,correct,,NUL|1
c05796,E,f64,1,field,eqnull_else,print,0,inline,correct,,7.25|1
c05797,E,f64,1,field,eqnull_else,print,1,inline,correct,,NUL|1
c05798,E,f64,1,field,is_t,print,0,inline,correct,,7.25|1
c05799,E,f64,1,field,is_t,print,1,inline,correct,,NUL|1
c05800,E,f64,1,field,coalesce,print,0,inline,correct,,7.25|1
c05801,E,f64,1,field,coalesce,print,1,inline,correct,,0.5|1
c05802,E,f64,1,field,printdirect,print,0,inline,loud_check_reject,"[ERROR]: print of a union value (f64?) is type-valid but not yet supported by codegen — narrow it first, e.g. `if v is i32 { print(v) }`",7.25|1
c05803,E,f64,1,field,printdirect,print,1,inline,loud_check_reject,"[ERROR]: print of a union value (f64?) is type-valid but not yet supported by codegen — narrow it first, e.g. `if v is i32 { print(v) }`",null|1
c05804,E,f64,1,elem,nenull,print,0,inline,correct,,7.25|1
c05805,E,f64,1,elem,nenull,print,1,inline,correct,,NUL|1
c05806,E,f64,1,elem,eqnull_else,print,0,inline,correct,,7.25|1
c05807,E,f64,1,elem,eqnull_else,print,1,inline,correct,,NUL|1
c05808,E,f64,1,elem,is_t,print,0,inline,correct,,7.25|1
c05809,E,f64,1,elem,is_t,print,1,inline,correct,,NUL|1
c05810,E,f64,1,elem,coalesce,print,0,inline,correct,,7.25|1
c05811,E,f64,1,elem,coalesce,print,1,inline,correct,,0.5|1
c05812,E,f64,1,elem,printdirect,print,0,inline,loud_check_reject,"[ERROR]: print of a union value (f64?) is type-valid but not yet supported by codegen — narrow it first, e.g. `if v is i32 { print(v) }`",7.25|1
c05813,E,f64,1,elem,printdirect,print,1,inline,loud_check_reject,"[ERROR]: print of a union value (f64?) is type-valid but not yet supported by codegen — narrow it first, e.g. `if v is i32 { print(v) }`",null|1
c05814,E,f64,1,mapval,nenull,print,0,inline,correct,,7.25|1
c05815,E,f64,1,mapval,nenull,print,1,inline,correct,,NUL|1
c05816,E,f64,1,mapval,eqnull_else,print,0,inline,correct,,7.25|1
c05817,E,f64,1,mapval,eqnull_else,print,1,inline,correct,,NUL|1
c05818,E,f64,1,mapval,is_t,print,0,inline,correct,,7.25|1
c05819,E,f64,1,mapval,is_t,print,1,inline,correct,,NUL|1
c05820,E,f64,1,mapval,coalesce,print,0,inline,correct,,7.25|1
c05821,E,f64,1,mapval,coalesce,print,1,inline,correct,,0.5|1
c05822,E,f64,1,mapval,printdirect,print,0,inline,loud_check_reject,"[ERROR]: print of a union value (f64??) is type-valid but not yet supported by codegen — narrow it first, e.g. `if v is i32 { print(v) }`",7.25|1
c05823,E,f64,1,mapval,printdirect,print,1,inline,loud_check_reject,"[ERROR]: print of a union value (f64??) is type-valid but not yet supported by codegen — narrow it first, e.g. `if v is i32 { print(v) }`",null|1
c05824,E,f64,1,capture,nenull,print,0,inline,invalid_wasm,"1: Invalid input WebAssembly code at offset 406: type mismatch: expected f64, found (ref $type)",7.25|1
c05825,E,f64,1,capture,nenull,print,1,inline,invalid_wasm,"1: Invalid input WebAssembly code at offset 396: type mismatch: expected f64, found (ref $type)",NUL|1
c05826,E,f64,1,capture,eqnull_else,print,0,inline,invalid_wasm,"1: Invalid input WebAssembly code at offset 454: type mismatch: expected f64, found (ref $type)",7.25|1
c05827,E,f64,1,capture,eqnull_else,print,1,inline,invalid_wasm,"1: Invalid input WebAssembly code at offset 444: type mismatch: expected f64, found (ref $type)",NUL|1
c05828,E,f64,1,capture,is_t,print,0,inline,loud_emit_reject,emitProgram: narrowed union binding is not a local or global,7.25|1
c05829,E,f64,1,capture,is_t,print,1,inline,loud_emit_reject,emitProgram: narrowed union binding is not a local or global,NUL|1
c05830,E,f64,1,capture,coalesce,print,0,inline,loud_emit_reject,emitProgram: narrowed union binding is not a local or global,7.25|1
c05831,E,f64,1,capture,coalesce,print,1,inline,loud_emit_reject,emitProgram: narrowed union binding is not a local or global,0.5|1
c05832,E,f64,1,capture,printdirect,print,0,inline,loud_check_reject,"[ERROR]: print of a union value (f64?) is type-valid but not yet supported by codegen — narrow it first, e.g. `if v is i32 { print(v) }`",7.25|1
c05833,E,f64,1,capture,printdirect,print,1,inline,loud_check_reject,"[ERROR]: print of a union value (f64?) is type-valid but not yet supported by codegen — narrow it first, e.g. `if v is i32 { print(v) }`",null|1
c05834,E,f64,1,loopvar,nenull,print,0,inline,correct,,7.25|1
c05835,E,f64,1,loopvar,nenull,print,1,inline,correct,,NUL|1
c05836,E,f64,1,loopvar,eqnull_else,print,0,inline,correct,,7.25|1
c05837,E,f64,1,loopvar,eqnull_else,print,1,inline,correct,,NUL|1
c05838,E,f64,1,loopvar,is_t,print,0,inline,correct,,7.25|1
c05839,E,f64,1,loopvar,is_t,print,1,inline,correct,,NUL|1
c05840,E,f64,1,loopvar,coalesce,print,0,inline,correct,,7.25|1
c05841,E,f64,1,loopvar,coalesce,print,1,inline,correct,,0.5|1
c05842,E,f64,1,loopvar,printdirect,print,0,inline,loud_check_reject,"[ERROR]: print of a union value (f64?) is type-valid but not yet supported by codegen — narrow it first, e.g. `if v is i32 { print(v) }`",7.25|1
c05843,E,f64,1,loopvar,printdirect,print,1,inline,loud_check_reject,"[ERROR]: print of a union value (f64?) is type-valid but not yet supported by codegen — narrow it first, e.g. `if v is i32 { print(v) }`",null|1
c05844,E,f64,1,const_local,nenull,print,0,alias,correct,,7.25|1
c05845,E,f64,1,const_local,nenull,print,1,alias,correct,,NUL|1
c05846,E,f64,1,const_local,eqnull_else,print,0,alias,correct,,7.25|1
c05847,E,f64,1,const_local,eqnull_else,print,1,alias,correct,,NUL|1
c05848,E,f64,1,const_local,is_t,print,0,alias,correct,,7.25|1
c05849,E,f64,1,const_local,is_t,print,1,alias,correct,,NUL|1
c05850,E,f64,1,const_local,coalesce,print,0,alias,correct,,7.25|1
c05851,E,f64,1,const_local,coalesce,print,1,alias,correct,,0.5|1
c05852,E,f64,1,const_local,printdirect,print,0,alias,loud_check_reject,"[ERROR]: print of a union value (f64?) is type-valid but not yet supported by codegen — narrow it first, e.g. `if v is i32 { print(v) }`",7.25|1
c05853,E,f64,1,const_local,printdirect,print,1,alias,loud_check_reject,"[ERROR]: print of a union value (f64?) is type-valid but not yet supported by codegen — narrow it first, e.g. `if v is i32 { print(v) }`",null|1
c05854,E,f64,1,param,nenull,print,0,alias,correct,,7.25|1
c05855,E,f64,1,param,nenull,print,1,alias,correct,,NUL|1
c05856,E,f64,1,param,eqnull_else,print,0,alias,correct,,7.25|1
c05857,E,f64,1,param,eqnull_else,print,1,alias,correct,,NUL|1
c05858,E,f64,1,param,is_t,print,0,alias,correct,,7.25|1
c05859,E,f64,1,param,is_t,print,1,alias,correct,,NUL|1
c05860,E,f64,1,param,coalesce,print,0,alias,correct,,7.25|1
c05861,E,f64,1,param,coalesce,print,1,alias,correct,,0.5|1
c05862,E,f64,1,param,printdirect,print,0,alias,loud_check_reject,"[ERROR]: print of a union value (f64?) is type-valid but not yet supported by codegen — narrow it first, e.g. `if v is i32 { print(v) }`",7.25|1
c05863,E,f64,1,param,printdirect,print,1,alias,loud_check_reject,"[ERROR]: print of a union value (f64?) is type-valid but not yet supported by codegen — narrow it first, e.g. `if v is i32 { print(v) }`",null|1
c05864,E,f64,1,ret_ann,nenull,print,0,alias,correct,,7.25|1
c05865,E,f64,1,ret_ann,nenull,print,1,alias,correct,,NUL|1
c05866,E,f64,1,ret_ann,eqnull_else,print,0,alias,correct,,7.25|1
c05867,E,f64,1,ret_ann,eqnull_else,print,1,alias,correct,,NUL|1
c05868,E,f64,1,ret_ann,is_t,print,0,alias,correct,,7.25|1
c05869,E,f64,1,ret_ann,is_t,print,1,alias,correct,,NUL|1
c05870,E,f64,1,ret_ann,coalesce,print,0,alias,correct,,7.25|1
c05871,E,f64,1,ret_ann,coalesce,print,1,alias,correct,,0.5|1
c05872,E,f64,1,ret_ann,printdirect,print,0,alias,loud_check_reject,"[ERROR]: print of a union value (f64?) is type-valid but not yet supported by codegen — narrow it first, e.g. `if v is i32 { print(v) }`",7.25|1
c05873,E,f64,1,ret_ann,printdirect,print,1,alias,loud_check_reject,"[ERROR]: print of a union value (f64?) is type-valid but not yet supported by codegen — narrow it first, e.g. `if v is i32 { print(v) }`",null|1
c05874,E,f64,1,global,nenull,print,0,alias,correct,,7.25|1
c05875,E,f64,1,global,nenull,print,1,alias,correct,,NUL|1
c05876,E,f64,1,global,eqnull_else,print,0,alias,correct,,7.25|1
c05877,E,f64,1,global,eqnull_else,print,1,alias,correct,,NUL|1
c05878,E,f64,1,global,is_t,print,0,alias,correct,,7.25|1
c05879,E,f64,1,global,is_t,print,1,alias,correct,,NUL|1
c05880,E,f64,1,global,coalesce,print,0,alias,correct,,7.25|1
c05881,E,f64,1,global,coalesce,print,1,alias,correct,,0.5|1
c05882,E,f64,1,global,printdirect,print,0,alias,loud_check_reject,"[ERROR]: print of a union value (f64?) is type-valid but not yet supported by codegen — narrow it first, e.g. `if v is i32 { print(v) }`",7.25|1
c05883,E,f64,1,global,printdirect,print,1,alias,loud_check_reject,"[ERROR]: print of a union value (f64?) is type-valid but not yet supported by codegen — narrow it first, e.g. `if v is i32 { print(v) }`",null|1
c05884,E,f64,1,field,nenull,print,0,alias,loud_check_reject,[ERROR]: cannot assign {f: f64?} to 'w' of type {f: f64?},7.25|1
c05885,E,f64,1,field,nenull,print,1,alias,loud_check_reject,[ERROR]: cannot assign {f: f64?} to 'w' of type {f: f64?},NUL|1
c05886,E,f64,1,field,eqnull_else,print,0,alias,loud_check_reject,[ERROR]: cannot assign {f: f64?} to 'w' of type {f: f64?},7.25|1
c05887,E,f64,1,field,eqnull_else,print,1,alias,loud_check_reject,[ERROR]: cannot assign {f: f64?} to 'w' of type {f: f64?},NUL|1
c05888,E,f64,1,field,is_t,print,0,alias,loud_check_reject,[ERROR]: cannot assign {f: f64?} to 'w' of type {f: f64?},7.25|1
c05889,E,f64,1,field,is_t,print,1,alias,loud_check_reject,[ERROR]: cannot assign {f: f64?} to 'w' of type {f: f64?},NUL|1
c05890,E,f64,1,field,coalesce,print,0,alias,loud_check_reject,[ERROR]: cannot assign {f: f64?} to 'w' of type {f: f64?},7.25|1
c05891,E,f64,1,field,coalesce,print,1,alias,loud_check_reject,[ERROR]: cannot assign {f: f64?} to 'w' of type {f: f64?},0.5|1
c05892,E,f64,1,field,printdirect,print,0,alias,loud_check_reject,[ERROR]: cannot assign {f: f64?} to 'w' of type {f: f64?},7.25|1
c05893,E,f64,1,field,printdirect,print,1,alias,loud_check_reject,[ERROR]: cannot assign {f: f64?} to 'w' of type {f: f64?},null|1
c05894,E,f64,1,elem,nenull,print,0,alias,correct,,7.25|1
c05895,E,f64,1,elem,nenull,print,1,alias,correct,,NUL|1
c05896,E,f64,1,elem,eqnull_else,print,0,alias,correct,,7.25|1
c05897,E,f64,1,elem,eqnull_else,print,1,alias,correct,,NUL|1
c05898,E,f64,1,elem,is_t,print,0,alias,correct,,7.25|1
c05899,E,f64,1,elem,is_t,print,1,alias,correct,,NUL|1
c05900,E,f64,1,elem,coalesce,print,0,alias,correct,,7.25|1
c05901,E,f64,1,elem,coalesce,print,1,alias,correct,,0.5|1
c05902,E,f64,1,elem,printdirect,print,0,alias,loud_check_reject,"[ERROR]: print of a union value (f64?) is type-valid but not yet supported by codegen — narrow it first, e.g. `if v is i32 { print(v) }`",7.25|1
c05903,E,f64,1,elem,printdirect,print,1,alias,loud_check_reject,"[ERROR]: print of a union value (f64?) is type-valid but not yet supported by codegen — narrow it first, e.g. `if v is i32 { print(v) }`",null|1
c05904,E,f64,1,mapval,nenull,print,0,alias,correct,,7.25|1
c05905,E,f64,1,mapval,nenull,print,1,alias,correct,,NUL|1
c05906,E,f64,1,mapval,eqnull_else,print,0,alias,correct,,7.25|1
c05907,E,f64,1,mapval,eqnull_else,print,1,alias,correct,,NUL|1
c05908,E,f64,1,mapval,is_t,print,0,alias,correct,,7.25|1
c05909,E,f64,1,mapval,is_t,print,1,alias,correct,,NUL|1
c05910,E,f64,1,mapval,coalesce,print,0,alias,correct,,7.25|1
c05911,E,f64,1,mapval,coalesce,print,1,alias,correct,,0.5|1
c05912,E,f64,1,mapval,printdirect,print,0,alias,loud_check_reject,"[ERROR]: print of a union value (f64??) is type-valid but not yet supported by codegen — narrow it first, e.g. `if v is i32 { print(v) }`",7.25|1
c05913,E,f64,1,mapval,printdirect,print,1,alias,loud_check_reject,"[ERROR]: print of a union value (f64??) is type-valid but not yet supported by codegen — narrow it first, e.g. `if v is i32 { print(v) }`",null|1
c05914,E,f64,1,capture,nenull,print,0,alias,invalid_wasm,"1: Invalid input WebAssembly code at offset 406: type mismatch: expected f64, found (ref $type)",7.25|1
c05915,E,f64,1,capture,nenull,print,1,alias,invalid_wasm,"1: Invalid input WebAssembly code at offset 396: type mismatch: expected f64, found (ref $type)",NUL|1
c05916,E,f64,1,capture,eqnull_else,print,0,alias,invalid_wasm,"1: Invalid input WebAssembly code at offset 454: type mismatch: expected f64, found (ref $type)",7.25|1
c05917,E,f64,1,capture,eqnull_else,print,1,alias,invalid_wasm,"1: Invalid input WebAssembly code at offset 444: type mismatch: expected f64, found (ref $type)",NUL|1
c05918,E,f64,1,capture,is_t,print,0,alias,loud_emit_reject,emitProgram: narrowed union binding is not a local or global,7.25|1
c05919,E,f64,1,capture,is_t,print,1,alias,loud_emit_reject,emitProgram: narrowed union binding is not a local or global,NUL|1
c05920,E,f64,1,capture,coalesce,print,0,alias,loud_emit_reject,emitProgram: narrowed union binding is not a local or global,7.25|1
c05921,E,f64,1,capture,coalesce,print,1,alias,loud_emit_reject,emitProgram: narrowed union binding is not a local or global,0.5|1
c05922,E,f64,1,capture,printdirect,print,0,alias,loud_check_reject,"[ERROR]: print of a union value (f64?) is type-valid but not yet supported by codegen — narrow it first, e.g. `if v is i32 { print(v) }`",7.25|1
c05923,E,f64,1,capture,printdirect,print,1,alias,loud_check_reject,"[ERROR]: print of a union value (f64?) is type-valid but not yet supported by codegen — narrow it first, e.g. `if v is i32 { print(v) }`",null|1
c05924,E,f64,1,loopvar,nenull,print,0,alias,correct,,7.25|1
c05925,E,f64,1,loopvar,nenull,print,1,alias,correct,,NUL|1
c05926,E,f64,1,loopvar,eqnull_else,print,0,alias,correct,,7.25|1
c05927,E,f64,1,loopvar,eqnull_else,print,1,alias,correct,,NUL|1
c05928,E,f64,1,loopvar,is_t,print,0,alias,correct,,7.25|1
c05929,E,f64,1,loopvar,is_t,print,1,alias,correct,,NUL|1
c05930,E,f64,1,loopvar,coalesce,print,0,alias,correct,,7.25|1
c05931,E,f64,1,loopvar,coalesce,print,1,alias,correct,,0.5|1
c05932,E,f64,1,loopvar,printdirect,print,0,alias,loud_check_reject,"[ERROR]: print of a union value (f64?) is type-valid but not yet supported by codegen — narrow it first, e.g. `if v is i32 { print(v) }`",7.25|1
c05933,E,f64,1,loopvar,printdirect,print,1,alias,loud_check_reject,"[ERROR]: print of a union value (f64?) is type-valid but not yet supported by codegen — narrow it first, e.g. `if v is i32 { print(v) }`",null|1
c05934,E,f32,1,const_local,nenull,print,0,inline,correct,,7.25|1
c05935,E,f32,1,const_local,nenull,print,1,inline,correct,,NUL|1
c05936,E,f32,1,const_local,eqnull_else,print,0,inline,correct,,7.25|1
c05937,E,f32,1,const_local,eqnull_else,print,1,inline,correct,,NUL|1
c05938,E,f32,1,const_local,is_t,print,0,inline,correct,,7.25|1
c05939,E,f32,1,const_local,is_t,print,1,inline,correct,,NUL|1
c05940,E,f32,1,const_local,coalesce,print,0,inline,correct,,7.25|1
c05941,E,f32,1,const_local,coalesce,print,1,inline,correct,,0.5|1
c05942,E,f32,1,const_local,printdirect,print,0,inline,loud_check_reject,"[ERROR]: print of a union value (f32?) is type-valid but not yet supported by codegen — narrow it first, e.g. `if v is i32 { print(v) }`",7.25|1
c05943,E,f32,1,const_local,printdirect,print,1,inline,loud_check_reject,"[ERROR]: print of a union value (f32?) is type-valid but not yet supported by codegen — narrow it first, e.g. `if v is i32 { print(v) }`",null|1
c05944,E,f32,1,param,nenull,print,0,inline,correct,,7.25|1
c05945,E,f32,1,param,nenull,print,1,inline,correct,,NUL|1
c05946,E,f32,1,param,eqnull_else,print,0,inline,correct,,7.25|1
c05947,E,f32,1,param,eqnull_else,print,1,inline,correct,,NUL|1
c05948,E,f32,1,param,is_t,print,0,inline,correct,,7.25|1
c05949,E,f32,1,param,is_t,print,1,inline,correct,,NUL|1
c05950,E,f32,1,param,coalesce,print,0,inline,correct,,7.25|1
c05951,E,f32,1,param,coalesce,print,1,inline,correct,,0.5|1
c05952,E,f32,1,param,printdirect,print,0,inline,loud_check_reject,"[ERROR]: print of a union value (f32?) is type-valid but not yet supported by codegen — narrow it first, e.g. `if v is i32 { print(v) }`",7.25|1
c05953,E,f32,1,param,printdirect,print,1,inline,loud_check_reject,"[ERROR]: print of a union value (f32?) is type-valid but not yet supported by codegen — narrow it first, e.g. `if v is i32 { print(v) }`",null|1
c05954,E,f32,1,ret_ann,nenull,print,0,inline,correct,,7.25|1
c05955,E,f32,1,ret_ann,nenull,print,1,inline,correct,,NUL|1
c05956,E,f32,1,ret_ann,eqnull_else,print,0,inline,correct,,7.25|1
c05957,E,f32,1,ret_ann,eqnull_else,print,1,inline,correct,,NUL|1
c05958,E,f32,1,ret_ann,is_t,print,0,inline,correct,,7.25|1
c05959,E,f32,1,ret_ann,is_t,print,1,inline,correct,,NUL|1
c05960,E,f32,1,ret_ann,coalesce,print,0,inline,correct,,7.25|1
c05961,E,f32,1,ret_ann,coalesce,print,1,inline,correct,,0.5|1
c05962,E,f32,1,ret_ann,printdirect,print,0,inline,loud_check_reject,"[ERROR]: print of a union value (f32?) is type-valid but not yet supported by codegen — narrow it first, e.g. `if v is i32 { print(v) }`",7.25|1
c05963,E,f32,1,ret_ann,printdirect,print,1,inline,loud_check_reject,"[ERROR]: print of a union value (f32?) is type-valid but not yet supported by codegen — narrow it first, e.g. `if v is i32 { print(v) }`",null|1
c05964,E,f32,1,global,nenull,print,0,inline,correct,,7.25|1
c05965,E,f32,1,global,nenull,print,1,inline,correct,,NUL|1
c05966,E,f32,1,global,eqnull_else,print,0,inline,correct,,7.25|1
c05967,E,f32,1,global,eqnull_else,print,1,inline,correct,,NUL|1
c05968,E,f32,1,global,is_t,print,0,inline,correct,,7.25|1
c05969,E,f32,1,global,is_t,print,1,inline,correct,,NUL|1
c05970,E,f32,1,global,coalesce,print,0,inline,correct,,7.25|1
c05971,E,f32,1,global,coalesce,print,1,inline,correct,,0.5|1
c05972,E,f32,1,global,printdirect,print,0,inline,loud_check_reject,"[ERROR]: print of a union value (f32?) is type-valid but not yet supported by codegen — narrow it first, e.g. `if v is i32 { print(v) }`",7.25|1
c05973,E,f32,1,global,printdirect,print,1,inline,loud_check_reject,"[ERROR]: print of a union value (f32?) is type-valid but not yet supported by codegen — narrow it first, e.g. `if v is i32 { print(v) }`",null|1
c05974,E,f32,1,field,nenull,print,0,inline,correct,,7.25|1
c05975,E,f32,1,field,nenull,print,1,inline,correct,,NUL|1
c05976,E,f32,1,field,eqnull_else,print,0,inline,correct,,7.25|1
c05977,E,f32,1,field,eqnull_else,print,1,inline,correct,,NUL|1
c05978,E,f32,1,field,is_t,print,0,inline,correct,,7.25|1
c05979,E,f32,1,field,is_t,print,1,inline,correct,,NUL|1
c05980,E,f32,1,field,coalesce,print,0,inline,correct,,7.25|1
c05981,E,f32,1,field,coalesce,print,1,inline,correct,,0.5|1
c05982,E,f32,1,field,printdirect,print,0,inline,loud_check_reject,"[ERROR]: print of a union value (f32?) is type-valid but not yet supported by codegen — narrow it first, e.g. `if v is i32 { print(v) }`",7.25|1
c05983,E,f32,1,field,printdirect,print,1,inline,loud_check_reject,"[ERROR]: print of a union value (f32?) is type-valid but not yet supported by codegen — narrow it first, e.g. `if v is i32 { print(v) }`",null|1
c05984,E,f32,1,elem,nenull,print,0,inline,correct,,7.25|1
c05985,E,f32,1,elem,nenull,print,1,inline,correct,,NUL|1
c05986,E,f32,1,elem,eqnull_else,print,0,inline,correct,,7.25|1
c05987,E,f32,1,elem,eqnull_else,print,1,inline,correct,,NUL|1
c05988,E,f32,1,elem,is_t,print,0,inline,correct,,7.25|1
c05989,E,f32,1,elem,is_t,print,1,inline,correct,,NUL|1
c05990,E,f32,1,elem,coalesce,print,0,inline,correct,,7.25|1
c05991,E,f32,1,elem,coalesce,print,1,inline,correct,,0.5|1
c05992,E,f32,1,elem,printdirect,print,0,inline,loud_check_reject,"[ERROR]: print of a union value (f32?) is type-valid but not yet supported by codegen — narrow it first, e.g. `if v is i32 { print(v) }`",7.25|1
c05993,E,f32,1,elem,printdirect,print,1,inline,loud_check_reject,"[ERROR]: print of a union value (f32?) is type-valid but not yet supported by codegen — narrow it first, e.g. `if v is i32 { print(v) }`",null|1
c05994,E,f32,1,mapval,nenull,print,0,inline,correct,,7.25|1
c05995,E,f32,1,mapval,nenull,print,1,inline,correct,,NUL|1
c05996,E,f32,1,mapval,eqnull_else,print,0,inline,correct,,7.25|1
c05997,E,f32,1,mapval,eqnull_else,print,1,inline,correct,,NUL|1
c05998,E,f32,1,mapval,is_t,print,0,inline,correct,,7.25|1
c05999,E,f32,1,mapval,is_t,print,1,inline,correct,,NUL|1
c06000,E,f32,1,mapval,coalesce,print,0,inline,correct,,7.25|1
c06001,E,f32,1,mapval,coalesce,print,1,inline,correct,,0.5|1
c06002,E,f32,1,mapval,printdirect,print,0,inline,loud_check_reject,"[ERROR]: print of a union value (f32??) is type-valid but not yet supported by codegen — narrow it first, e.g. `if v is i32 { print(v) }`",7.25|1
c06003,E,f32,1,mapval,printdirect,print,1,inline,loud_check_reject,"[ERROR]: print of a union value (f32??) is type-valid but not yet supported by codegen — narrow it first, e.g. `if v is i32 { print(v) }`",null|1
c06004,E,f32,1,capture,nenull,print,0,inline,invalid_wasm,"1: Invalid input WebAssembly code at offset 430: type mismatch: expected f32, found (ref $type)",7.25|1
c06005,E,f32,1,capture,nenull,print,1,inline,invalid_wasm,"1: Invalid input WebAssembly code at offset 396: type mismatch: expected f32, found (ref $type)",NUL|1
c06006,E,f32,1,capture,eqnull_else,print,0,inline,invalid_wasm,"1: Invalid input WebAssembly code at offset 478: type mismatch: expected f32, found (ref $type)",7.25|1
c06007,E,f32,1,capture,eqnull_else,print,1,inline,invalid_wasm,"1: Invalid input WebAssembly code at offset 444: type mismatch: expected f32, found (ref $type)",NUL|1
c06008,E,f32,1,capture,is_t,print,0,inline,loud_emit_reject,emitProgram: narrowed union binding is not a local or global,7.25|1
c06009,E,f32,1,capture,is_t,print,1,inline,loud_emit_reject,emitProgram: narrowed union binding is not a local or global,NUL|1
c06010,E,f32,1,capture,coalesce,print,0,inline,loud_emit_reject,emitProgram: narrowed union binding is not a local or global,7.25|1
c06011,E,f32,1,capture,coalesce,print,1,inline,loud_emit_reject,emitProgram: narrowed union binding is not a local or global,0.5|1
c06012,E,f32,1,capture,printdirect,print,0,inline,loud_check_reject,"[ERROR]: print of a union value (f32?) is type-valid but not yet supported by codegen — narrow it first, e.g. `if v is i32 { print(v) }`",7.25|1
c06013,E,f32,1,capture,printdirect,print,1,inline,loud_check_reject,"[ERROR]: print of a union value (f32?) is type-valid but not yet supported by codegen — narrow it first, e.g. `if v is i32 { print(v) }`",null|1
c06014,E,f32,1,loopvar,nenull,print,0,inline,correct,,7.25|1
c06015,E,f32,1,loopvar,nenull,print,1,inline,correct,,NUL|1
c06016,E,f32,1,loopvar,eqnull_else,print,0,inline,correct,,7.25|1
c06017,E,f32,1,loopvar,eqnull_else,print,1,inline,correct,,NUL|1
c06018,E,f32,1,loopvar,is_t,print,0,inline,correct,,7.25|1
c06019,E,f32,1,loopvar,is_t,print,1,inline,correct,,NUL|1
c06020,E,f32,1,loopvar,coalesce,print,0,inline,correct,,7.25|1
c06021,E,f32,1,loopvar,coalesce,print,1,inline,correct,,0.5|1
c06022,E,f32,1,loopvar,printdirect,print,0,inline,loud_check_reject,"[ERROR]: print of a union value (f32?) is type-valid but not yet supported by codegen — narrow it first, e.g. `if v is i32 { print(v) }`",7.25|1
c06023,E,f32,1,loopvar,printdirect,print,1,inline,loud_check_reject,"[ERROR]: print of a union value (f32?) is type-valid but not yet supported by codegen — narrow it first, e.g. `if v is i32 { print(v) }`",null|1
c06024,E,f32,1,const_local,nenull,print,0,alias,correct,,7.25|1
c06025,E,f32,1,const_local,nenull,print,1,alias,correct,,NUL|1
c06026,E,f32,1,const_local,eqnull_else,print,0,alias,correct,,7.25|1
c06027,E,f32,1,const_local,eqnull_else,print,1,alias,correct,,NUL|1
c06028,E,f32,1,const_local,is_t,print,0,alias,correct,,7.25|1
c06029,E,f32,1,const_local,is_t,print,1,alias,correct,,NUL|1
c06030,E,f32,1,const_local,coalesce,print,0,alias,correct,,7.25|1
c06031,E,f32,1,const_local,coalesce,print,1,alias,correct,,0.5|1
c06032,E,f32,1,const_local,printdirect,print,0,alias,loud_check_reject,"[ERROR]: print of a union value (f32?) is type-valid but not yet supported by codegen — narrow it first, e.g. `if v is i32 { print(v) }`",7.25|1
c06033,E,f32,1,const_local,printdirect,print,1,alias,loud_check_reject,"[ERROR]: print of a union value (f32?) is type-valid but not yet supported by codegen — narrow it first, e.g. `if v is i32 { print(v) }`",null|1
c06034,E,f32,1,param,nenull,print,0,alias,correct,,7.25|1
c06035,E,f32,1,param,nenull,print,1,alias,correct,,NUL|1
c06036,E,f32,1,param,eqnull_else,print,0,alias,correct,,7.25|1
c06037,E,f32,1,param,eqnull_else,print,1,alias,correct,,NUL|1
c06038,E,f32,1,param,is_t,print,0,alias,correct,,7.25|1
c06039,E,f32,1,param,is_t,print,1,alias,correct,,NUL|1
c06040,E,f32,1,param,coalesce,print,0,alias,correct,,7.25|1
c06041,E,f32,1,param,coalesce,print,1,alias,correct,,0.5|1
c06042,E,f32,1,param,printdirect,print,0,alias,loud_check_reject,"[ERROR]: print of a union value (f32?) is type-valid but not yet supported by codegen — narrow it first, e.g. `if v is i32 { print(v) }`",7.25|1
c06043,E,f32,1,param,printdirect,print,1,alias,loud_check_reject,"[ERROR]: print of a union value (f32?) is type-valid but not yet supported by codegen — narrow it first, e.g. `if v is i32 { print(v) }`",null|1
c06044,E,f32,1,ret_ann,nenull,print,0,alias,correct,,7.25|1
c06045,E,f32,1,ret_ann,nenull,print,1,alias,correct,,NUL|1
c06046,E,f32,1,ret_ann,eqnull_else,print,0,alias,correct,,7.25|1
c06047,E,f32,1,ret_ann,eqnull_else,print,1,alias,correct,,NUL|1
c06048,E,f32,1,ret_ann,is_t,print,0,alias,correct,,7.25|1
c06049,E,f32,1,ret_ann,is_t,print,1,alias,correct,,NUL|1
c06050,E,f32,1,ret_ann,coalesce,print,0,alias,correct,,7.25|1
c06051,E,f32,1,ret_ann,coalesce,print,1,alias,correct,,0.5|1
c06052,E,f32,1,ret_ann,printdirect,print,0,alias,loud_check_reject,"[ERROR]: print of a union value (f32?) is type-valid but not yet supported by codegen — narrow it first, e.g. `if v is i32 { print(v) }`",7.25|1
c06053,E,f32,1,ret_ann,printdirect,print,1,alias,loud_check_reject,"[ERROR]: print of a union value (f32?) is type-valid but not yet supported by codegen — narrow it first, e.g. `if v is i32 { print(v) }`",null|1
c06054,E,f32,1,global,nenull,print,0,alias,correct,,7.25|1
c06055,E,f32,1,global,nenull,print,1,alias,correct,,NUL|1
c06056,E,f32,1,global,eqnull_else,print,0,alias,correct,,7.25|1
c06057,E,f32,1,global,eqnull_else,print,1,alias,correct,,NUL|1
c06058,E,f32,1,global,is_t,print,0,alias,correct,,7.25|1
c06059,E,f32,1,global,is_t,print,1,alias,correct,,NUL|1
c06060,E,f32,1,global,coalesce,print,0,alias,correct,,7.25|1
c06061,E,f32,1,global,coalesce,print,1,alias,correct,,0.5|1
c06062,E,f32,1,global,printdirect,print,0,alias,loud_check_reject,"[ERROR]: print of a union value (f32?) is type-valid but not yet supported by codegen — narrow it first, e.g. `if v is i32 { print(v) }`",7.25|1
c06063,E,f32,1,global,printdirect,print,1,alias,loud_check_reject,"[ERROR]: print of a union value (f32?) is type-valid but not yet supported by codegen — narrow it first, e.g. `if v is i32 { print(v) }`",null|1
c06064,E,f32,1,field,nenull,print,0,alias,loud_check_reject,[ERROR]: cannot assign {f: f32?} to 'w' of type {f: f32?},7.25|1
c06065,E,f32,1,field,nenull,print,1,alias,loud_check_reject,[ERROR]: cannot assign {f: f32?} to 'w' of type {f: f32?},NUL|1
c06066,E,f32,1,field,eqnull_else,print,0,alias,loud_check_reject,[ERROR]: cannot assign {f: f32?} to 'w' of type {f: f32?},7.25|1
c06067,E,f32,1,field,eqnull_else,print,1,alias,loud_check_reject,[ERROR]: cannot assign {f: f32?} to 'w' of type {f: f32?},NUL|1
c06068,E,f32,1,field,is_t,print,0,alias,loud_check_reject,[ERROR]: cannot assign {f: f32?} to 'w' of type {f: f32?},7.25|1
c06069,E,f32,1,field,is_t,print,1,alias,loud_check_reject,[ERROR]: cannot assign {f: f32?} to 'w' of type {f: f32?},NUL|1
c06070,E,f32,1,field,coalesce,print,0,alias,loud_check_reject,[ERROR]: cannot assign {f: f32?} to 'w' of type {f: f32?},7.25|1
c06071,E,f32,1,field,coalesce,print,1,alias,loud_check_reject,[ERROR]: cannot assign {f: f32?} to 'w' of type {f: f32?},0.5|1
c06072,E,f32,1,field,printdirect,print,0,alias,loud_check_reject,[ERROR]: cannot assign {f: f32?} to 'w' of type {f: f32?},7.25|1
c06073,E,f32,1,field,printdirect,print,1,alias,loud_check_reject,[ERROR]: cannot assign {f: f32?} to 'w' of type {f: f32?},null|1
c06074,E,f32,1,elem,nenull,print,0,alias,correct,,7.25|1
c06075,E,f32,1,elem,nenull,print,1,alias,correct,,NUL|1
c06076,E,f32,1,elem,eqnull_else,print,0,alias,correct,,7.25|1
c06077,E,f32,1,elem,eqnull_else,print,1,alias,correct,,NUL|1
c06078,E,f32,1,elem,is_t,print,0,alias,correct,,7.25|1
c06079,E,f32,1,elem,is_t,print,1,alias,correct,,NUL|1
c06080,E,f32,1,elem,coalesce,print,0,alias,correct,,7.25|1
c06081,E,f32,1,elem,coalesce,print,1,alias,correct,,0.5|1
c06082,E,f32,1,elem,printdirect,print,0,alias,loud_check_reject,"[ERROR]: print of a union value (f32?) is type-valid but not yet supported by codegen — narrow it first, e.g. `if v is i32 { print(v) }`",7.25|1
c06083,E,f32,1,elem,printdirect,print,1,alias,loud_check_reject,"[ERROR]: print of a union value (f32?) is type-valid but not yet supported by codegen — narrow it first, e.g. `if v is i32 { print(v) }`",null|1
c06084,E,f32,1,mapval,nenull,print,0,alias,correct,,7.25|1
c06085,E,f32,1,mapval,nenull,print,1,alias,correct,,NUL|1
c06086,E,f32,1,mapval,eqnull_else,print,0,alias,correct,,7.25|1
c06087,E,f32,1,mapval,eqnull_else,print,1,alias,correct,,NUL|1
c06088,E,f32,1,mapval,is_t,print,0,alias,correct,,7.25|1
c06089,E,f32,1,mapval,is_t,print,1,alias,correct,,NUL|1
c06090,E,f32,1,mapval,coalesce,print,0,alias,correct,,7.25|1
c06091,E,f32,1,mapval,coalesce,print,1,alias,correct,,0.5|1
c06092,E,f32,1,mapval,printdirect,print,0,alias,loud_check_reject,"[ERROR]: print of a union value (f32??) is type-valid but not yet supported by codegen — narrow it first, e.g. `if v is i32 { print(v) }`",7.25|1
c06093,E,f32,1,mapval,printdirect,print,1,alias,loud_check_reject,"[ERROR]: print of a union value (f32??) is type-valid but not yet supported by codegen — narrow it first, e.g. `if v is i32 { print(v) }`",null|1
c06094,E,f32,1,capture,nenull,print,0,alias,invalid_wasm,"1: Invalid input WebAssembly code at offset 430: type mismatch: expected f32, found (ref $type)",7.25|1
c06095,E,f32,1,capture,nenull,print,1,alias,invalid_wasm,"1: Invalid input WebAssembly code at offset 396: type mismatch: expected f32, found (ref $type)",NUL|1
c06096,E,f32,1,capture,eqnull_else,print,0,alias,invalid_wasm,"1: Invalid input WebAssembly code at offset 478: type mismatch: expected f32, found (ref $type)",7.25|1
c06097,E,f32,1,capture,eqnull_else,print,1,alias,invalid_wasm,"1: Invalid input WebAssembly code at offset 444: type mismatch: expected f32, found (ref $type)",NUL|1
c06098,E,f32,1,capture,is_t,print,0,alias,loud_emit_reject,emitProgram: narrowed union binding is not a local or global,7.25|1
c06099,E,f32,1,capture,is_t,print,1,alias,loud_emit_reject,emitProgram: narrowed union binding is not a local or global,NUL|1
c06100,E,f32,1,capture,coalesce,print,0,alias,loud_emit_reject,emitProgram: narrowed union binding is not a local or global,7.25|1
c06101,E,f32,1,capture,coalesce,print,1,alias,loud_emit_reject,emitProgram: narrowed union binding is not a local or global,0.5|1
c06102,E,f32,1,capture,printdirect,print,0,alias,loud_check_reject,"[ERROR]: print of a union value (f32?) is type-valid but not yet supported by codegen — narrow it first, e.g. `if v is i32 { print(v) }`",7.25|1
c06103,E,f32,1,capture,printdirect,print,1,alias,loud_check_reject,"[ERROR]: print of a union value (f32?) is type-valid but not yet supported by codegen — narrow it first, e.g. `if v is i32 { print(v) }`",null|1
c06104,E,f32,1,loopvar,nenull,print,0,alias,correct,,7.25|1
c06105,E,f32,1,loopvar,nenull,print,1,alias,correct,,NUL|1
c06106,E,f32,1,loopvar,eqnull_else,print,0,alias,correct,,7.25|1
c06107,E,f32,1,loopvar,eqnull_else,print,1,alias,correct,,NUL|1
c06108,E,f32,1,loopvar,is_t,print,0,alias,correct,,7.25|1
c06109,E,f32,1,loopvar,is_t,print,1,alias,correct,,NUL|1
c06110,E,f32,1,loopvar,coalesce,print,0,alias,correct,,7.25|1
c06111,E,f32,1,loopvar,coalesce,print,1,alias,correct,,0.5|1
c06112,E,f32,1,loopvar,printdirect,print,0,alias,loud_check_reject,"[ERROR]: print of a union value (f32?) is type-valid but not yet supported by codegen — narrow it first, e.g. `if v is i32 { print(v) }`",7.25|1
c06113,E,f32,1,loopvar,printdirect,print,1,alias,loud_check_reject,"[ERROR]: print of a union value (f32?) is type-valid but not yet supported by codegen — narrow it first, e.g. `if v is i32 { print(v) }`",null|1
c06114,E,boolean,1,const_local,nenull,print,0,inline,correct,,true|1
c06115,E,boolean,1,const_local,nenull,print,1,inline,correct,,NUL|1
c06116,E,boolean,1,const_local,eqnull_else,print,0,inline,correct,,true|1
c06117,E,boolean,1,const_local,eqnull_else,print,1,inline,correct,,NUL|1
c06118,E,boolean,1,const_local,is_t,print,0,inline,correct,,true|1
c06119,E,boolean,1,const_local,is_t,print,1,inline,correct,,NUL|1
c06120,E,boolean,1,const_local,coalesce,print,0,inline,correct,,true|1
c06121,E,boolean,1,const_local,coalesce,print,1,inline,correct,,false|1
c06122,E,boolean,1,const_local,printdirect,print,0,inline,correct,,true|1
c06123,E,boolean,1,const_local,printdirect,print,1,inline,correct,,null|1
c06124,E,boolean,1,param,nenull,print,0,inline,correct,,true|1
c06125,E,boolean,1,param,nenull,print,1,inline,correct,,NUL|1
c06126,E,boolean,1,param,eqnull_else,print,0,inline,correct,,true|1
c06127,E,boolean,1,param,eqnull_else,print,1,inline,correct,,NUL|1
c06128,E,boolean,1,param,is_t,print,0,inline,correct,,true|1
c06129,E,boolean,1,param,is_t,print,1,inline,correct,,NUL|1
c06130,E,boolean,1,param,coalesce,print,0,inline,correct,,true|1
c06131,E,boolean,1,param,coalesce,print,1,inline,correct,,false|1
c06132,E,boolean,1,param,printdirect,print,0,inline,correct,,true|1
c06133,E,boolean,1,param,printdirect,print,1,inline,correct,,null|1
c06134,E,boolean,1,ret_ann,nenull,print,0,inline,correct,,true|1
c06135,E,boolean,1,ret_ann,nenull,print,1,inline,correct,,NUL|1
c06136,E,boolean,1,ret_ann,eqnull_else,print,0,inline,correct,,true|1
c06137,E,boolean,1,ret_ann,eqnull_else,print,1,inline,correct,,NUL|1
c06138,E,boolean,1,ret_ann,is_t,print,0,inline,correct,,true|1
c06139,E,boolean,1,ret_ann,is_t,print,1,inline,correct,,NUL|1
c06140,E,boolean,1,ret_ann,coalesce,print,0,inline,correct,,true|1
c06141,E,boolean,1,ret_ann,coalesce,print,1,inline,correct,,false|1
c06142,E,boolean,1,ret_ann,printdirect,print,0,inline,correct,,true|1
c06143,E,boolean,1,ret_ann,printdirect,print,1,inline,correct,,null|1
c06144,E,boolean,1,global,nenull,print,0,inline,correct,,true|1
c06145,E,boolean,1,global,nenull,print,1,inline,correct,,NUL|1
c06146,E,boolean,1,global,eqnull_else,print,0,inline,correct,,true|1
c06147,E,boolean,1,global,eqnull_else,print,1,inline,correct,,NUL|1
c06148,E,boolean,1,global,is_t,print,0,inline,correct,,true|1
c06149,E,boolean,1,global,is_t,print,1,inline,correct,,NUL|1
c06150,E,boolean,1,global,coalesce,print,0,inline,correct,,true|1
c06151,E,boolean,1,global,coalesce,print,1,inline,correct,,false|1
c06152,E,boolean,1,global,printdirect,print,0,inline,correct,,true|1
c06153,E,boolean,1,global,printdirect,print,1,inline,correct,,null|1
c06154,E,boolean,1,field,nenull,print,0,inline,correct,,true|1
c06155,E,boolean,1,field,nenull,print,1,inline,correct,,NUL|1
c06156,E,boolean,1,field,eqnull_else,print,0,inline,correct,,true|1
c06157,E,boolean,1,field,eqnull_else,print,1,inline,correct,,NUL|1
c06158,E,boolean,1,field,is_t,print,0,inline,correct,,true|1
c06159,E,boolean,1,field,is_t,print,1,inline,correct,,NUL|1
c06160,E,boolean,1,field,coalesce,print,0,inline,correct,,true|1
c06161,E,boolean,1,field,coalesce,print,1,inline,correct,,false|1
c06162,E,boolean,1,field,printdirect,print,0,inline,correct,,true|1
c06163,E,boolean,1,field,printdirect,print,1,inline,correct,,null|1
c06164,E,boolean,1,elem,nenull,print,0,inline,correct,,true|1
c06165,E,boolean,1,elem,nenull,print,1,inline,correct,,NUL|1
c06166,E,boolean,1,elem,eqnull_else,print,0,inline,correct,,true|1
c06167,E,boolean,1,elem,eqnull_else,print,1,inline,correct,,NUL|1
c06168,E,boolean,1,elem,is_t,print,0,inline,correct,,true|1
c06169,E,boolean,1,elem,is_t,print,1,inline,correct,,NUL|1
c06170,E,boolean,1,elem,coalesce,print,0,inline,correct,,true|1
c06171,E,boolean,1,elem,coalesce,print,1,inline,correct,,false|1
c06172,E,boolean,1,elem,printdirect,print,0,inline,correct,,true|1
c06173,E,boolean,1,elem,printdirect,print,1,inline,correct,,null|1
c06174,E,boolean,1,mapval,nenull,print,0,inline,correct,,true|1
c06175,E,boolean,1,mapval,nenull,print,1,inline,correct,,NUL|1
c06176,E,boolean,1,mapval,eqnull_else,print,0,inline,correct,,true|1
c06177,E,boolean,1,mapval,eqnull_else,print,1,inline,correct,,NUL|1
c06178,E,boolean,1,mapval,is_t,print,0,inline,correct,,true|1
c06179,E,boolean,1,mapval,is_t,print,1,inline,correct,,NUL|1
c06180,E,boolean,1,mapval,coalesce,print,0,inline,correct,,true|1
c06181,E,boolean,1,mapval,coalesce,print,1,inline,correct,,false|1
c06182,E,boolean,1,mapval,printdirect,print,0,inline,correct,,true|1
c06183,E,boolean,1,mapval,printdirect,print,1,inline,correct,,null|1
c06184,E,boolean,1,capture,nenull,print,0,inline,correct,,true|1
c06185,E,boolean,1,capture,nenull,print,1,inline,correct,,NUL|1
c06186,E,boolean,1,capture,eqnull_else,print,0,inline,correct,,true|1
c06187,E,boolean,1,capture,eqnull_else,print,1,inline,correct,,NUL|1
c06188,E,boolean,1,capture,is_t,print,0,inline,correct,,true|1
c06189,E,boolean,1,capture,is_t,print,1,inline,correct,,NUL|1
c06190,E,boolean,1,capture,coalesce,print,0,inline,correct,,true|1
c06191,E,boolean,1,capture,coalesce,print,1,inline,correct,,false|1
c06192,E,boolean,1,capture,printdirect,print,0,inline,correct,,true|1
c06193,E,boolean,1,capture,printdirect,print,1,inline,correct,,null|1
c06194,E,boolean,1,loopvar,nenull,print,0,inline,correct,,true|1
c06195,E,boolean,1,loopvar,nenull,print,1,inline,correct,,NUL|1
c06196,E,boolean,1,loopvar,eqnull_else,print,0,inline,correct,,true|1
c06197,E,boolean,1,loopvar,eqnull_else,print,1,inline,correct,,NUL|1
c06198,E,boolean,1,loopvar,is_t,print,0,inline,correct,,true|1
c06199,E,boolean,1,loopvar,is_t,print,1,inline,correct,,NUL|1
c06200,E,boolean,1,loopvar,coalesce,print,0,inline,correct,,true|1
c06201,E,boolean,1,loopvar,coalesce,print,1,inline,correct,,false|1
c06202,E,boolean,1,loopvar,printdirect,print,0,inline,correct,,true|1
c06203,E,boolean,1,loopvar,printdirect,print,1,inline,correct,,null|1
c06204,E,boolean,1,const_local,nenull,print,0,alias,correct,,true|1
c06205,E,boolean,1,const_local,nenull,print,1,alias,correct,,NUL|1
c06206,E,boolean,1,const_local,eqnull_else,print,0,alias,correct,,true|1
c06207,E,boolean,1,const_local,eqnull_else,print,1,alias,correct,,NUL|1
c06208,E,boolean,1,const_local,is_t,print,0,alias,correct,,true|1
c06209,E,boolean,1,const_local,is_t,print,1,alias,correct,,NUL|1
c06210,E,boolean,1,const_local,coalesce,print,0,alias,correct,,true|1
c06211,E,boolean,1,const_local,coalesce,print,1,alias,correct,,false|1
c06212,E,boolean,1,const_local,printdirect,print,0,alias,correct,,true|1
c06213,E,boolean,1,const_local,printdirect,print,1,alias,correct,,null|1
c06214,E,boolean,1,param,nenull,print,0,alias,correct,,true|1
c06215,E,boolean,1,param,nenull,print,1,alias,correct,,NUL|1
c06216,E,boolean,1,param,eqnull_else,print,0,alias,correct,,true|1
c06217,E,boolean,1,param,eqnull_else,print,1,alias,correct,,NUL|1
c06218,E,boolean,1,param,is_t,print,0,alias,correct,,true|1
c06219,E,boolean,1,param,is_t,print,1,alias,correct,,NUL|1
c06220,E,boolean,1,param,coalesce,print,0,alias,correct,,true|1
c06221,E,boolean,1,param,coalesce,print,1,alias,correct,,false|1
c06222,E,boolean,1,param,printdirect,print,0,alias,correct,,true|1
c06223,E,boolean,1,param,printdirect,print,1,alias,correct,,null|1
c06224,E,boolean,1,ret_ann,nenull,print,0,alias,correct,,true|1
c06225,E,boolean,1,ret_ann,nenull,print,1,alias,correct,,NUL|1
c06226,E,boolean,1,ret_ann,eqnull_else,print,0,alias,correct,,true|1
c06227,E,boolean,1,ret_ann,eqnull_else,print,1,alias,correct,,NUL|1
c06228,E,boolean,1,ret_ann,is_t,print,0,alias,correct,,true|1
c06229,E,boolean,1,ret_ann,is_t,print,1,alias,correct,,NUL|1
c06230,E,boolean,1,ret_ann,coalesce,print,0,alias,correct,,true|1
c06231,E,boolean,1,ret_ann,coalesce,print,1,alias,correct,,false|1
c06232,E,boolean,1,ret_ann,printdirect,print,0,alias,correct,,true|1
c06233,E,boolean,1,ret_ann,printdirect,print,1,alias,correct,,null|1
c06234,E,boolean,1,global,nenull,print,0,alias,correct,,true|1
c06235,E,boolean,1,global,nenull,print,1,alias,correct,,NUL|1
c06236,E,boolean,1,global,eqnull_else,print,0,alias,correct,,true|1
c06237,E,boolean,1,global,eqnull_else,print,1,alias,correct,,NUL|1
c06238,E,boolean,1,global,is_t,print,0,alias,correct,,true|1
c06239,E,boolean,1,global,is_t,print,1,alias,correct,,NUL|1
c06240,E,boolean,1,global,coalesce,print,0,alias,correct,,true|1
c06241,E,boolean,1,global,coalesce,print,1,alias,correct,,false|1
c06242,E,boolean,1,global,printdirect,print,0,alias,correct,,true|1
c06243,E,boolean,1,global,printdirect,print,1,alias,correct,,null|1
c06244,E,boolean,1,field,nenull,print,0,alias,loud_check_reject,[ERROR]: cannot assign {f: boolean?} to 'w' of type {f: boolean?},true|1
c06245,E,boolean,1,field,nenull,print,1,alias,loud_check_reject,[ERROR]: cannot assign {f: boolean?} to 'w' of type {f: boolean?},NUL|1
c06246,E,boolean,1,field,eqnull_else,print,0,alias,loud_check_reject,[ERROR]: cannot assign {f: boolean?} to 'w' of type {f: boolean?},true|1
c06247,E,boolean,1,field,eqnull_else,print,1,alias,loud_check_reject,[ERROR]: cannot assign {f: boolean?} to 'w' of type {f: boolean?},NUL|1
c06248,E,boolean,1,field,is_t,print,0,alias,loud_check_reject,[ERROR]: cannot assign {f: boolean?} to 'w' of type {f: boolean?},true|1
c06249,E,boolean,1,field,is_t,print,1,alias,loud_check_reject,[ERROR]: cannot assign {f: boolean?} to 'w' of type {f: boolean?},NUL|1
c06250,E,boolean,1,field,coalesce,print,0,alias,loud_check_reject,[ERROR]: cannot assign {f: boolean?} to 'w' of type {f: boolean?},true|1
c06251,E,boolean,1,field,coalesce,print,1,alias,loud_check_reject,[ERROR]: cannot assign {f: boolean?} to 'w' of type {f: boolean?},false|1
c06252,E,boolean,1,field,printdirect,print,0,alias,loud_check_reject,[ERROR]: cannot assign {f: boolean?} to 'w' of type {f: boolean?},true|1
c06253,E,boolean,1,field,printdirect,print,1,alias,loud_check_reject,[ERROR]: cannot assign {f: boolean?} to 'w' of type {f: boolean?},null|1
c06254,E,boolean,1,elem,nenull,print,0,alias,correct,,true|1
c06255,E,boolean,1,elem,nenull,print,1,alias,correct,,NUL|1
c06256,E,boolean,1,elem,eqnull_else,print,0,alias,correct,,true|1
c06257,E,boolean,1,elem,eqnull_else,print,1,alias,correct,,NUL|1
c06258,E,boolean,1,elem,is_t,print,0,alias,correct,,true|1
c06259,E,boolean,1,elem,is_t,print,1,alias,correct,,NUL|1
c06260,E,boolean,1,elem,coalesce,print,0,alias,correct,,true|1
c06261,E,boolean,1,elem,coalesce,print,1,alias,correct,,false|1
c06262,E,boolean,1,elem,printdirect,print,0,alias,correct,,true|1
c06263,E,boolean,1,elem,printdirect,print,1,alias,correct,,null|1
c06264,E,boolean,1,mapval,nenull,print,0,alias,correct,,true|1
c06265,E,boolean,1,mapval,nenull,print,1,alias,correct,,NUL|1
c06266,E,boolean,1,mapval,eqnull_else,print,0,alias,correct,,true|1
c06267,E,boolean,1,mapval,eqnull_else,print,1,alias,correct,,NUL|1
c06268,E,boolean,1,mapval,is_t,print,0,alias,correct,,true|1
c06269,E,boolean,1,mapval,is_t,print,1,alias,correct,,NUL|1
c06270,E,boolean,1,mapval,coalesce,print,0,alias,correct,,true|1
c06271,E,boolean,1,mapval,coalesce,print,1,alias,correct,,false|1
c06272,E,boolean,1,mapval,printdirect,print,0,alias,correct,,true|1
c06273,E,boolean,1,mapval,printdirect,print,1,alias,correct,,null|1
c06274,E,boolean,1,capture,nenull,print,0,alias,correct,,true|1
c06275,E,boolean,1,capture,nenull,print,1,alias,correct,,NUL|1
c06276,E,boolean,1,capture,eqnull_else,print,0,alias,correct,,true|1
c06277,E,boolean,1,capture,eqnull_else,print,1,alias,correct,,NUL|1
c06278,E,boolean,1,capture,is_t,print,0,alias,correct,,true|1
c06279,E,boolean,1,capture,is_t,print,1,alias,correct,,NUL|1
c06280,E,boolean,1,capture,coalesce,print,0,alias,correct,,true|1
c06281,E,boolean,1,capture,coalesce,print,1,alias,correct,,false|1
c06282,E,boolean,1,capture,printdirect,print,0,alias,correct,,true|1
c06283,E,boolean,1,capture,printdirect,print,1,alias,correct,,null|1
c06284,E,boolean,1,loopvar,nenull,print,0,alias,correct,,true|1
c06285,E,boolean,1,loopvar,nenull,print,1,alias,correct,,NUL|1
c06286,E,boolean,1,loopvar,eqnull_else,print,0,alias,correct,,true|1
c06287,E,boolean,1,loopvar,eqnull_else,print,1,alias,correct,,NUL|1
c06288,E,boolean,1,loopvar,is_t,print,0,alias,correct,,true|1
c06289,E,boolean,1,loopvar,is_t,print,1,alias,correct,,NUL|1
c06290,E,boolean,1,loopvar,coalesce,print,0,alias,correct,,true|1
c06291,E,boolean,1,loopvar,coalesce,print,1,alias,correct,,false|1
c06292,E,boolean,1,loopvar,printdirect,print,0,alias,correct,,true|1
c06293,E,boolean,1,loopvar,printdirect,print,1,alias,correct,,null|1
c06294,E,string,1,const_local,nenull,print,0,inline,correct,,aa|1
c06295,E,string,1,const_local,nenull,print,1,inline,correct,,NUL|1
c06296,E,string,1,const_local,eqnull_else,print,0,inline,correct,,aa|1
c06297,E,string,1,const_local,eqnull_else,print,1,inline,correct,,NUL|1
c06298,E,string,1,const_local,is_t,print,0,inline,correct,,aa|1
c06299,E,string,1,const_local,is_t,print,1,inline,correct,,NUL|1
c06300,E,string,1,const_local,coalesce,print,0,inline,correct,,aa|1
c06301,E,string,1,const_local,coalesce,print,1,inline,correct,,DD|1
c06302,E,string,1,const_local,printdirect,print,0,inline,correct,,aa|1
c06303,E,string,1,const_local,printdirect,print,1,inline,correct,,null|1
c06304,E,string,1,param,nenull,print,0,inline,correct,,aa|1
c06305,E,string,1,param,nenull,print,1,inline,correct,,NUL|1
c06306,E,string,1,param,eqnull_else,print,0,inline,correct,,aa|1
c06307,E,string,1,param,eqnull_else,print,1,inline,correct,,NUL|1
c06308,E,string,1,param,is_t,print,0,inline,correct,,aa|1
c06309,E,string,1,param,is_t,print,1,inline,correct,,NUL|1
c06310,E,string,1,param,coalesce,print,0,inline,correct,,aa|1
c06311,E,string,1,param,coalesce,print,1,inline,correct,,DD|1
c06312,E,string,1,param,printdirect,print,0,inline,correct,,aa|1
c06313,E,string,1,param,printdirect,print,1,inline,correct,,null|1
c06314,E,string,1,ret_ann,nenull,print,0,inline,correct,,aa|1
c06315,E,string,1,ret_ann,nenull,print,1,inline,correct,,NUL|1
c06316,E,string,1,ret_ann,eqnull_else,print,0,inline,correct,,aa|1
c06317,E,string,1,ret_ann,eqnull_else,print,1,inline,correct,,NUL|1
c06318,E,string,1,ret_ann,is_t,print,0,inline,correct,,aa|1
c06319,E,string,1,ret_ann,is_t,print,1,inline,correct,,NUL|1
c06320,E,string,1,ret_ann,coalesce,print,0,inline,correct,,aa|1
c06321,E,string,1,ret_ann,coalesce,print,1,inline,correct,,DD|1
c06322,E,string,1,ret_ann,printdirect,print,0,inline,correct,,aa|1
c06323,E,string,1,ret_ann,printdirect,print,1,inline,correct,,null|1
c06324,E,string,1,global,nenull,print,0,inline,correct,,aa|1
c06325,E,string,1,global,nenull,print,1,inline,correct,,NUL|1
c06326,E,string,1,global,eqnull_else,print,0,inline,correct,,aa|1
c06327,E,string,1,global,eqnull_else,print,1,inline,correct,,NUL|1
c06328,E,string,1,global,is_t,print,0,inline,correct,,aa|1
c06329,E,string,1,global,is_t,print,1,inline,correct,,NUL|1
c06330,E,string,1,global,coalesce,print,0,inline,correct,,aa|1
c06331,E,string,1,global,coalesce,print,1,inline,correct,,DD|1
c06332,E,string,1,global,printdirect,print,0,inline,correct,,aa|1
c06333,E,string,1,global,printdirect,print,1,inline,correct,,null|1
c06334,E,string,1,field,nenull,print,0,inline,correct,,aa|1
c06335,E,string,1,field,nenull,print,1,inline,correct,,NUL|1
c06336,E,string,1,field,eqnull_else,print,0,inline,correct,,aa|1
c06337,E,string,1,field,eqnull_else,print,1,inline,correct,,NUL|1
c06338,E,string,1,field,is_t,print,0,inline,correct,,aa|1
c06339,E,string,1,field,is_t,print,1,inline,correct,,NUL|1
c06340,E,string,1,field,coalesce,print,0,inline,correct,,aa|1
c06341,E,string,1,field,coalesce,print,1,inline,correct,,DD|1
c06342,E,string,1,field,printdirect,print,0,inline,correct,,aa|1
c06343,E,string,1,field,printdirect,print,1,inline,correct,,null|1
c06344,E,string,1,elem,nenull,print,0,inline,correct,,aa|1
c06345,E,string,1,elem,nenull,print,1,inline,correct,,NUL|1
c06346,E,string,1,elem,eqnull_else,print,0,inline,correct,,aa|1
c06347,E,string,1,elem,eqnull_else,print,1,inline,correct,,NUL|1
c06348,E,string,1,elem,is_t,print,0,inline,correct,,aa|1
c06349,E,string,1,elem,is_t,print,1,inline,correct,,NUL|1
c06350,E,string,1,elem,coalesce,print,0,inline,correct,,aa|1
c06351,E,string,1,elem,coalesce,print,1,inline,correct,,DD|1
c06352,E,string,1,elem,printdirect,print,0,inline,correct,,aa|1
c06353,E,string,1,elem,printdirect,print,1,inline,correct,,null|1
c06354,E,string,1,mapval,nenull,print,0,inline,correct,,aa|1
c06355,E,string,1,mapval,nenull,print,1,inline,correct,,NUL|1
c06356,E,string,1,mapval,eqnull_else,print,0,inline,correct,,aa|1
c06357,E,string,1,mapval,eqnull_else,print,1,inline,correct,,NUL|1
c06358,E,string,1,mapval,is_t,print,0,inline,correct,,aa|1
c06359,E,string,1,mapval,is_t,print,1,inline,correct,,NUL|1
c06360,E,string,1,mapval,coalesce,print,0,inline,correct,,aa|1
c06361,E,string,1,mapval,coalesce,print,1,inline,correct,,DD|1
c06362,E,string,1,mapval,printdirect,print,0,inline,correct,,aa|1
c06363,E,string,1,mapval,printdirect,print,1,inline,correct,,null|1
c06364,E,string,1,capture,nenull,print,0,inline,correct,,aa|1
c06365,E,string,1,capture,nenull,print,1,inline,correct,,NUL|1
c06366,E,string,1,capture,eqnull_else,print,0,inline,correct,,aa|1
c06367,E,string,1,capture,eqnull_else,print,1,inline,correct,,NUL|1
c06368,E,string,1,capture,is_t,print,0,inline,correct,,aa|1
c06369,E,string,1,capture,is_t,print,1,inline,correct,,NUL|1
c06370,E,string,1,capture,coalesce,print,0,inline,correct,,aa|1
c06371,E,string,1,capture,coalesce,print,1,inline,correct,,DD|1
c06372,E,string,1,capture,printdirect,print,0,inline,correct,,aa|1
c06373,E,string,1,capture,printdirect,print,1,inline,correct,,null|1
c06374,E,string,1,loopvar,nenull,print,0,inline,correct,,aa|1
c06375,E,string,1,loopvar,nenull,print,1,inline,correct,,NUL|1
c06376,E,string,1,loopvar,eqnull_else,print,0,inline,correct,,aa|1
c06377,E,string,1,loopvar,eqnull_else,print,1,inline,correct,,NUL|1
c06378,E,string,1,loopvar,is_t,print,0,inline,correct,,aa|1
c06379,E,string,1,loopvar,is_t,print,1,inline,correct,,NUL|1
c06380,E,string,1,loopvar,coalesce,print,0,inline,correct,,aa|1
c06381,E,string,1,loopvar,coalesce,print,1,inline,correct,,DD|1
c06382,E,string,1,loopvar,printdirect,print,0,inline,correct,,aa|1
c06383,E,string,1,loopvar,printdirect,print,1,inline,correct,,null|1
c06384,E,string,1,const_local,nenull,print,0,alias,correct,,aa|1
c06385,E,string,1,const_local,nenull,print,1,alias,correct,,NUL|1
c06386,E,string,1,const_local,eqnull_else,print,0,alias,correct,,aa|1
c06387,E,string,1,const_local,eqnull_else,print,1,alias,correct,,NUL|1
c06388,E,string,1,const_local,is_t,print,0,alias,correct,,aa|1
c06389,E,string,1,const_local,is_t,print,1,alias,correct,,NUL|1
c06390,E,string,1,const_local,coalesce,print,0,alias,correct,,aa|1
c06391,E,string,1,const_local,coalesce,print,1,alias,correct,,DD|1
c06392,E,string,1,const_local,printdirect,print,0,alias,correct,,aa|1
c06393,E,string,1,const_local,printdirect,print,1,alias,correct,,null|1
c06394,E,string,1,param,nenull,print,0,alias,correct,,aa|1
c06395,E,string,1,param,nenull,print,1,alias,correct,,NUL|1
c06396,E,string,1,param,eqnull_else,print,0,alias,correct,,aa|1
c06397,E,string,1,param,eqnull_else,print,1,alias,correct,,NUL|1
c06398,E,string,1,param,is_t,print,0,alias,correct,,aa|1
c06399,E,string,1,param,is_t,print,1,alias,correct,,NUL|1
c06400,E,string,1,param,coalesce,print,0,alias,correct,,aa|1
c06401,E,string,1,param,coalesce,print,1,alias,correct,,DD|1
c06402,E,string,1,param,printdirect,print,0,alias,correct,,aa|1
c06403,E,string,1,param,printdirect,print,1,alias,correct,,null|1
c06404,E,string,1,ret_ann,nenull,print,0,alias,correct,,aa|1
c06405,E,string,1,ret_ann,nenull,print,1,alias,correct,,NUL|1
c06406,E,string,1,ret_ann,eqnull_else,print,0,alias,correct,,aa|1
c06407,E,string,1,ret_ann,eqnull_else,print,1,alias,correct,,NUL|1
c06408,E,string,1,ret_ann,is_t,print,0,alias,correct,,aa|1
c06409,E,string,1,ret_ann,is_t,print,1,alias,correct,,NUL|1
c06410,E,string,1,ret_ann,coalesce,print,0,alias,correct,,aa|1
c06411,E,string,1,ret_ann,coalesce,print,1,alias,correct,,DD|1
c06412,E,string,1,ret_ann,printdirect,print,0,alias,correct,,aa|1
c06413,E,string,1,ret_ann,printdirect,print,1,alias,correct,,null|1
c06414,E,string,1,global,nenull,print,0,alias,correct,,aa|1
c06415,E,string,1,global,nenull,print,1,alias,correct,,NUL|1
c06416,E,string,1,global,eqnull_else,print,0,alias,correct,,aa|1
c06417,E,string,1,global,eqnull_else,print,1,alias,correct,,NUL|1
c06418,E,string,1,global,is_t,print,0,alias,correct,,aa|1
c06419,E,string,1,global,is_t,print,1,alias,correct,,NUL|1
c06420,E,string,1,global,coalesce,print,0,alias,correct,,aa|1
c06421,E,string,1,global,coalesce,print,1,alias,correct,,DD|1
c06422,E,string,1,global,printdirect,print,0,alias,correct,,aa|1
c06423,E,string,1,global,printdirect,print,1,alias,correct,,null|1
c06424,E,string,1,field,nenull,print,0,alias,loud_check_reject,[ERROR]: cannot assign {f: string?} to 'w' of type {f: string?},aa|1
c06425,E,string,1,field,nenull,print,1,alias,loud_check_reject,[ERROR]: cannot assign {f: string?} to 'w' of type {f: string?},NUL|1
c06426,E,string,1,field,eqnull_else,print,0,alias,loud_check_reject,[ERROR]: cannot assign {f: string?} to 'w' of type {f: string?},aa|1
c06427,E,string,1,field,eqnull_else,print,1,alias,loud_check_reject,[ERROR]: cannot assign {f: string?} to 'w' of type {f: string?},NUL|1
c06428,E,string,1,field,is_t,print,0,alias,loud_check_reject,[ERROR]: cannot assign {f: string?} to 'w' of type {f: string?},aa|1
c06429,E,string,1,field,is_t,print,1,alias,loud_check_reject,[ERROR]: cannot assign {f: string?} to 'w' of type {f: string?},NUL|1
c06430,E,string,1,field,coalesce,print,0,alias,loud_check_reject,[ERROR]: cannot assign {f: string?} to 'w' of type {f: string?},aa|1
c06431,E,string,1,field,coalesce,print,1,alias,loud_check_reject,[ERROR]: cannot assign {f: string?} to 'w' of type {f: string?},DD|1
c06432,E,string,1,field,printdirect,print,0,alias,loud_check_reject,[ERROR]: cannot assign {f: string?} to 'w' of type {f: string?},aa|1
c06433,E,string,1,field,printdirect,print,1,alias,loud_check_reject,[ERROR]: cannot assign {f: string?} to 'w' of type {f: string?},null|1
c06434,E,string,1,elem,nenull,print,0,alias,correct,,aa|1
c06435,E,string,1,elem,nenull,print,1,alias,correct,,NUL|1
c06436,E,string,1,elem,eqnull_else,print,0,alias,correct,,aa|1
c06437,E,string,1,elem,eqnull_else,print,1,alias,correct,,NUL|1
c06438,E,string,1,elem,is_t,print,0,alias,correct,,aa|1
c06439,E,string,1,elem,is_t,print,1,alias,correct,,NUL|1
c06440,E,string,1,elem,coalesce,print,0,alias,correct,,aa|1
c06441,E,string,1,elem,coalesce,print,1,alias,correct,,DD|1
c06442,E,string,1,elem,printdirect,print,0,alias,correct,,aa|1
c06443,E,string,1,elem,printdirect,print,1,alias,correct,,null|1
c06444,E,string,1,mapval,nenull,print,0,alias,correct,,aa|1
c06445,E,string,1,mapval,nenull,print,1,alias,correct,,NUL|1
c06446,E,string,1,mapval,eqnull_else,print,0,alias,correct,,aa|1
c06447,E,string,1,mapval,eqnull_else,print,1,alias,correct,,NUL|1
c06448,E,string,1,mapval,is_t,print,0,alias,correct,,aa|1
c06449,E,string,1,mapval,is_t,print,1,alias,correct,,NUL|1
c06450,E,string,1,mapval,coalesce,print,0,alias,correct,,aa|1
c06451,E,string,1,mapval,coalesce,print,1,alias,correct,,DD|1
c06452,E,string,1,mapval,printdirect,print,0,alias,correct,,aa|1
c06453,E,string,1,mapval,printdirect,print,1,alias,correct,,null|1
c06454,E,string,1,capture,nenull,print,0,alias,correct,,aa|1
c06455,E,string,1,capture,nenull,print,1,alias,correct,,NUL|1
c06456,E,string,1,capture,eqnull_else,print,0,alias,correct,,aa|1
c06457,E,string,1,capture,eqnull_else,print,1,alias,correct,,NUL|1
c06458,E,string,1,capture,is_t,print,0,alias,correct,,aa|1
c06459,E,string,1,capture,is_t,print,1,alias,correct,,NUL|1
c06460,E,string,1,capture,coalesce,print,0,alias,correct,,aa|1
c06461,E,string,1,capture,coalesce,print,1,alias,correct,,DD|1
c06462,E,string,1,capture,printdirect,print,0,alias,correct,,aa|1
c06463,E,string,1,capture,printdirect,print,1,alias,correct,,null|1
c06464,E,string,1,loopvar,nenull,print,0,alias,correct,,aa|1
c06465,E,string,1,loopvar,nenull,print,1,alias,correct,,NUL|1
c06466,E,string,1,loopvar,eqnull_else,print,0,alias,correct,,aa|1
c06467,E,string,1,loopvar,eqnull_else,print,1,alias,correct,,NUL|1
c06468,E,string,1,loopvar,is_t,print,0,alias,correct,,aa|1
c06469,E,string,1,loopvar,is_t,print,1,alias,correct,,NUL|1
c06470,E,string,1,loopvar,coalesce,print,0,alias,correct,,aa|1
c06471,E,string,1,loopvar,coalesce,print,1,alias,correct,,DD|1
c06472,E,string,1,loopvar,printdirect,print,0,alias,correct,,aa|1
c06473,E,string,1,loopvar,printdirect,print,1,alias,correct,,null|1
c06474,E,namedlit,1,const_local,nenull,print,0,inline,correct,,p|1
c06475,E,namedlit,1,const_local,nenull,print,1,inline,correct,,NUL|1
c06476,E,namedlit,1,const_local,eqnull_else,print,0,inline,correct,,p|1
c06477,E,namedlit,1,const_local,eqnull_else,print,1,inline,correct,,NUL|1
c06478,E,namedlit,1,const_local,is_t,print,0,inline,correct,,p|1
c06479,E,namedlit,1,const_local,is_t,print,1,inline,correct,,NUL|1
c06480,E,namedlit,1,const_local,coalesce,print,0,inline,correct,,p|1
c06481,E,namedlit,1,const_local,coalesce,print,1,inline,correct,,q|1
c06482,E,namedlit,1,const_local,printdirect,print,0,inline,correct,,p|1
c06483,E,namedlit,1,const_local,printdirect,print,1,inline,correct,,null|1
c06484,E,namedlit,1,param,nenull,print,0,inline,correct,,p|1
c06485,E,namedlit,1,param,nenull,print,1,inline,correct,,NUL|1
c06486,E,namedlit,1,param,eqnull_else,print,0,inline,correct,,p|1
c06487,E,namedlit,1,param,eqnull_else,print,1,inline,correct,,NUL|1
c06488,E,namedlit,1,param,is_t,print,0,inline,correct,,p|1
c06489,E,namedlit,1,param,is_t,print,1,inline,correct,,NUL|1
c06490,E,namedlit,1,param,coalesce,print,0,inline,correct,,p|1
c06491,E,namedlit,1,param,coalesce,print,1,inline,correct,,q|1
c06492,E,namedlit,1,param,printdirect,print,0,inline,correct,,p|1
c06493,E,namedlit,1,param,printdirect,print,1,inline,correct,,null|1
c06494,E,namedlit,1,ret_ann,nenull,print,0,inline,correct,,p|1
c06495,E,namedlit,1,ret_ann,nenull,print,1,inline,correct,,NUL|1
c06496,E,namedlit,1,ret_ann,eqnull_else,print,0,inline,correct,,p|1
c06497,E,namedlit,1,ret_ann,eqnull_else,print,1,inline,correct,,NUL|1
c06498,E,namedlit,1,ret_ann,is_t,print,0,inline,correct,,p|1
c06499,E,namedlit,1,ret_ann,is_t,print,1,inline,correct,,NUL|1
c06500,E,namedlit,1,ret_ann,coalesce,print,0,inline,correct,,p|1
c06501,E,namedlit,1,ret_ann,coalesce,print,1,inline,correct,,q|1
c06502,E,namedlit,1,ret_ann,printdirect,print,0,inline,correct,,p|1
c06503,E,namedlit,1,ret_ann,printdirect,print,1,inline,correct,,null|1
c06504,E,namedlit,1,global,nenull,print,0,inline,correct,,p|1
c06505,E,namedlit,1,global,nenull,print,1,inline,correct,,NUL|1
c06506,E,namedlit,1,global,eqnull_else,print,0,inline,correct,,p|1
c06507,E,namedlit,1,global,eqnull_else,print,1,inline,correct,,NUL|1
c06508,E,namedlit,1,global,is_t,print,0,inline,correct,,p|1
c06509,E,namedlit,1,global,is_t,print,1,inline,correct,,NUL|1
c06510,E,namedlit,1,global,coalesce,print,0,inline,correct,,p|1
c06511,E,namedlit,1,global,coalesce,print,1,inline,correct,,q|1
c06512,E,namedlit,1,global,printdirect,print,0,inline,correct,,p|1
c06513,E,namedlit,1,global,printdirect,print,1,inline,correct,,null|1
c06514,E,namedlit,1,field,nenull,print,0,inline,correct,,p|1
c06515,E,namedlit,1,field,nenull,print,1,inline,correct,,NUL|1
c06516,E,namedlit,1,field,eqnull_else,print,0,inline,correct,,p|1
c06517,E,namedlit,1,field,eqnull_else,print,1,inline,correct,,NUL|1
c06518,E,namedlit,1,field,is_t,print,0,inline,correct,,p|1
c06519,E,namedlit,1,field,is_t,print,1,inline,correct,,NUL|1
c06520,E,namedlit,1,field,coalesce,print,0,inline,correct,,p|1
c06521,E,namedlit,1,field,coalesce,print,1,inline,correct,,q|1
c06522,E,namedlit,1,field,printdirect,print,0,inline,correct,,p|1
c06523,E,namedlit,1,field,printdirect,print,1,inline,correct,,null|1
c06524,E,namedlit,1,elem,nenull,print,0,inline,correct,,p|1
c06525,E,namedlit,1,elem,nenull,print,1,inline,correct,,NUL|1
c06526,E,namedlit,1,elem,eqnull_else,print,0,inline,correct,,p|1
c06527,E,namedlit,1,elem,eqnull_else,print,1,inline,correct,,NUL|1
c06528,E,namedlit,1,elem,is_t,print,0,inline,correct,,p|1
c06529,E,namedlit,1,elem,is_t,print,1,inline,correct,,NUL|1
c06530,E,namedlit,1,elem,coalesce,print,0,inline,correct,,p|1
c06531,E,namedlit,1,elem,coalesce,print,1,inline,correct,,q|1
c06532,E,namedlit,1,elem,printdirect,print,0,inline,correct,,p|1
c06533,E,namedlit,1,elem,printdirect,print,1,inline,correct,,null|1
c06534,E,namedlit,1,mapval,nenull,print,0,inline,correct,,p|1
c06535,E,namedlit,1,mapval,nenull,print,1,inline,correct,,NUL|1
c06536,E,namedlit,1,mapval,eqnull_else,print,0,inline,correct,,p|1
c06537,E,namedlit,1,mapval,eqnull_else,print,1,inline,correct,,NUL|1
c06538,E,namedlit,1,mapval,is_t,print,0,inline,correct,,p|1
c06539,E,namedlit,1,mapval,is_t,print,1,inline,correct,,NUL|1
c06540,E,namedlit,1,mapval,coalesce,print,0,inline,correct,,p|1
c06541,E,namedlit,1,mapval,coalesce,print,1,inline,correct,,q|1
c06542,E,namedlit,1,mapval,printdirect,print,0,inline,correct,,p|1
c06543,E,namedlit,1,mapval,printdirect,print,1,inline,correct,,null|1
c06544,E,namedlit,1,capture,nenull,print,0,inline,correct,,p|1
c06545,E,namedlit,1,capture,nenull,print,1,inline,correct,,NUL|1
c06546,E,namedlit,1,capture,eqnull_else,print,0,inline,correct,,p|1
c06547,E,namedlit,1,capture,eqnull_else,print,1,inline,correct,,NUL|1
c06548,E,namedlit,1,capture,is_t,print,0,inline,correct,,p|1
c06549,E,namedlit,1,capture,is_t,print,1,inline,correct,,NUL|1
c06550,E,namedlit,1,capture,coalesce,print,0,inline,correct,,p|1
c06551,E,namedlit,1,capture,coalesce,print,1,inline,correct,,q|1
c06552,E,namedlit,1,capture,printdirect,print,0,inline,correct,,p|1
c06553,E,namedlit,1,capture,printdirect,print,1,inline,correct,,null|1
c06554,E,namedlit,1,loopvar,nenull,print,0,inline,correct,,p|1
c06555,E,namedlit,1,loopvar,nenull,print,1,inline,correct,,NUL|1
c06556,E,namedlit,1,loopvar,eqnull_else,print,0,inline,correct,,p|1
c06557,E,namedlit,1,loopvar,eqnull_else,print,1,inline,correct,,NUL|1
c06558,E,namedlit,1,loopvar,is_t,print,0,inline,correct,,p|1
c06559,E,namedlit,1,loopvar,is_t,print,1,inline,correct,,NUL|1
c06560,E,namedlit,1,loopvar,coalesce,print,0,inline,correct,,p|1
c06561,E,namedlit,1,loopvar,coalesce,print,1,inline,correct,,q|1
c06562,E,namedlit,1,loopvar,printdirect,print,0,inline,correct,,p|1
c06563,E,namedlit,1,loopvar,printdirect,print,1,inline,correct,,null|1
c06564,E,namedlit,1,const_local,nenull,print,0,alias,correct,,p|1
c06565,E,namedlit,1,const_local,nenull,print,1,alias,correct,,NUL|1
c06566,E,namedlit,1,const_local,eqnull_else,print,0,alias,correct,,p|1
c06567,E,namedlit,1,const_local,eqnull_else,print,1,alias,correct,,NUL|1
c06568,E,namedlit,1,const_local,is_t,print,0,alias,correct,,p|1
c06569,E,namedlit,1,const_local,is_t,print,1,alias,correct,,NUL|1
c06570,E,namedlit,1,const_local,coalesce,print,0,alias,correct,,p|1
c06571,E,namedlit,1,const_local,coalesce,print,1,alias,correct,,q|1
c06572,E,namedlit,1,const_local,printdirect,print,0,alias,correct,,p|1
c06573,E,namedlit,1,const_local,printdirect,print,1,alias,correct,,null|1
c06574,E,namedlit,1,param,nenull,print,0,alias,correct,,p|1
c06575,E,namedlit,1,param,nenull,print,1,alias,correct,,NUL|1
c06576,E,namedlit,1,param,eqnull_else,print,0,alias,correct,,p|1
c06577,E,namedlit,1,param,eqnull_else,print,1,alias,correct,,NUL|1
c06578,E,namedlit,1,param,is_t,print,0,alias,correct,,p|1
c06579,E,namedlit,1,param,is_t,print,1,alias,correct,,NUL|1
c06580,E,namedlit,1,param,coalesce,print,0,alias,correct,,p|1
c06581,E,namedlit,1,param,coalesce,print,1,alias,correct,,q|1
c06582,E,namedlit,1,param,printdirect,print,0,alias,correct,,p|1
c06583,E,namedlit,1,param,printdirect,print,1,alias,correct,,null|1
c06584,E,namedlit,1,ret_ann,nenull,print,0,alias,correct,,p|1
c06585,E,namedlit,1,ret_ann,nenull,print,1,alias,correct,,NUL|1
c06586,E,namedlit,1,ret_ann,eqnull_else,print,0,alias,correct,,p|1
c06587,E,namedlit,1,ret_ann,eqnull_else,print,1,alias,correct,,NUL|1
c06588,E,namedlit,1,ret_ann,is_t,print,0,alias,correct,,p|1
c06589,E,namedlit,1,ret_ann,is_t,print,1,alias,correct,,NUL|1
c06590,E,namedlit,1,ret_ann,coalesce,print,0,alias,correct,,p|1
c06591,E,namedlit,1,ret_ann,coalesce,print,1,alias,correct,,q|1
c06592,E,namedlit,1,ret_ann,printdirect,print,0,alias,correct,,p|1
c06593,E,namedlit,1,ret_ann,printdirect,print,1,alias,correct,,null|1
c06594,E,namedlit,1,global,nenull,print,0,alias,correct,,p|1
c06595,E,namedlit,1,global,nenull,print,1,alias,correct,,NUL|1
c06596,E,namedlit,1,global,eqnull_else,print,0,alias,correct,,p|1
c06597,E,namedlit,1,global,eqnull_else,print,1,alias,correct,,NUL|1
c06598,E,namedlit,1,global,is_t,print,0,alias,correct,,p|1
c06599,E,namedlit,1,global,is_t,print,1,alias,correct,,NUL|1
c06600,E,namedlit,1,global,coalesce,print,0,alias,correct,,p|1
c06601,E,namedlit,1,global,coalesce,print,1,alias,correct,,q|1
c06602,E,namedlit,1,global,printdirect,print,0,alias,correct,,p|1
c06603,E,namedlit,1,global,printdirect,print,1,alias,correct,,null|1
c06604,E,namedlit,1,field,nenull,print,0,alias,loud_check_reject,"[ERROR]: cannot assign {f: ""p"" | ""q""?} to 'w' of type {f: ""p"" | ""q""?}",p|1
c06605,E,namedlit,1,field,nenull,print,1,alias,loud_check_reject,"[ERROR]: cannot assign {f: ""p"" | ""q""?} to 'w' of type {f: ""p"" | ""q""?}",NUL|1
c06606,E,namedlit,1,field,eqnull_else,print,0,alias,loud_check_reject,"[ERROR]: cannot assign {f: ""p"" | ""q""?} to 'w' of type {f: ""p"" | ""q""?}",p|1
c06607,E,namedlit,1,field,eqnull_else,print,1,alias,loud_check_reject,"[ERROR]: cannot assign {f: ""p"" | ""q""?} to 'w' of type {f: ""p"" | ""q""?}",NUL|1
c06608,E,namedlit,1,field,is_t,print,0,alias,loud_check_reject,"[ERROR]: cannot assign {f: ""p"" | ""q""?} to 'w' of type {f: ""p"" | ""q""?}",p|1
c06609,E,namedlit,1,field,is_t,print,1,alias,loud_check_reject,"[ERROR]: cannot assign {f: ""p"" | ""q""?} to 'w' of type {f: ""p"" | ""q""?}",NUL|1
c06610,E,namedlit,1,field,coalesce,print,0,alias,loud_check_reject,"[ERROR]: cannot assign {f: ""p"" | ""q""?} to 'w' of type {f: ""p"" | ""q""?}",p|1
c06611,E,namedlit,1,field,coalesce,print,1,alias,loud_check_reject,"[ERROR]: cannot assign {f: ""p"" | ""q""?} to 'w' of type {f: ""p"" | ""q""?}",q|1
c06612,E,namedlit,1,field,printdirect,print,0,alias,loud_check_reject,"[ERROR]: cannot assign {f: ""p"" | ""q""?} to 'w' of type {f: ""p"" | ""q""?}",p|1
c06613,E,namedlit,1,field,printdirect,print,1,alias,loud_check_reject,"[ERROR]: cannot assign {f: ""p"" | ""q""?} to 'w' of type {f: ""p"" | ""q""?}",null|1
c06614,E,namedlit,1,elem,nenull,print,0,alias,correct,,p|1
c06615,E,namedlit,1,elem,nenull,print,1,alias,correct,,NUL|1
c06616,E,namedlit,1,elem,eqnull_else,print,0,alias,correct,,p|1
c06617,E,namedlit,1,elem,eqnull_else,print,1,alias,correct,,NUL|1
c06618,E,namedlit,1,elem,is_t,print,0,alias,correct,,p|1
c06619,E,namedlit,1,elem,is_t,print,1,alias,correct,,NUL|1
c06620,E,namedlit,1,elem,coalesce,print,0,alias,correct,,p|1
c06621,E,namedlit,1,elem,coalesce,print,1,alias,correct,,q|1
c06622,E,namedlit,1,elem,printdirect,print,0,alias,correct,,p|1
c06623,E,namedlit,1,elem,printdirect,print,1,alias,correct,,null|1
c06624,E,namedlit,1,mapval,nenull,print,0,alias,correct,,p|1
c06625,E,namedlit,1,mapval,nenull,print,1,alias,correct,,NUL|1
c06626,E,namedlit,1,mapval,eqnull_else,print,0,alias,correct,,p|1
c06627,E,namedlit,1,mapval,eqnull_else,print,1,alias,correct,,NUL|1
c06628,E,namedlit,1,mapval,is_t,print,0,alias,correct,,p|1
c06629,E,namedlit,1,mapval,is_t,print,1,alias,correct,,NUL|1
c06630,E,namedlit,1,mapval,coalesce,print,0,alias,correct,,p|1
c06631,E,namedlit,1,mapval,coalesce,print,1,alias,correct,,q|1
c06632,E,namedlit,1,mapval,printdirect,print,0,alias,correct,,p|1
c06633,E,namedlit,1,mapval,printdirect,print,1,alias,correct,,null|1
c06634,E,namedlit,1,capture,nenull,print,0,alias,correct,,p|1
c06635,E,namedlit,1,capture,nenull,print,1,alias,correct,,NUL|1
c06636,E,namedlit,1,capture,eqnull_else,print,0,alias,correct,,p|1
c06637,E,namedlit,1,capture,eqnull_else,print,1,alias,correct,,NUL|1
c06638,E,namedlit,1,capture,is_t,print,0,alias,correct,,p|1
c06639,E,namedlit,1,capture,is_t,print,1,alias,correct,,NUL|1
c06640,E,namedlit,1,capture,coalesce,print,0,alias,correct,,p|1
c06641,E,namedlit,1,capture,coalesce,print,1,alias,correct,,q|1
c06642,E,namedlit,1,capture,printdirect,print,0,alias,correct,,p|1
c06643,E,namedlit,1,capture,printdirect,print,1,alias,correct,,null|1
c06644,E,namedlit,1,loopvar,nenull,print,0,alias,correct,,p|1
c06645,E,namedlit,1,loopvar,nenull,print,1,alias,correct,,NUL|1
c06646,E,namedlit,1,loopvar,eqnull_else,print,0,alias,correct,,p|1
c06647,E,namedlit,1,loopvar,eqnull_else,print,1,alias,correct,,NUL|1
c06648,E,namedlit,1,loopvar,is_t,print,0,alias,correct,,p|1
c06649,E,namedlit,1,loopvar,is_t,print,1,alias,correct,,NUL|1
c06650,E,namedlit,1,loopvar,coalesce,print,0,alias,correct,,p|1
c06651,E,namedlit,1,loopvar,coalesce,print,1,alias,correct,,q|1
c06652,E,namedlit,1,loopvar,printdirect,print,0,alias,correct,,p|1
c06653,E,namedlit,1,loopvar,printdirect,print,1,alias,correct,,null|1
c06654,E,inlinelit,1,const_local,nenull,print,0,inline,correct,,p|1
c06655,E,inlinelit,1,const_local,nenull,print,1,inline,correct,,NUL|1
c06656,E,inlinelit,1,const_local,eqnull_else,print,0,inline,correct,,p|1
c06657,E,inlinelit,1,const_local,eqnull_else,print,1,inline,correct,,NUL|1
c06658,E,inlinelit,1,const_local,is_t,print,0,inline,correct,,p|1
c06659,E,inlinelit,1,const_local,is_t,print,1,inline,correct,,NUL|1
c06660,E,inlinelit,1,const_local,coalesce,print,0,inline,correct,,p|1
c06661,E,inlinelit,1,const_local,coalesce,print,1,inline,correct,,q|1
c06662,E,inlinelit,1,const_local,printdirect,print,0,inline,correct,,p|1
c06663,E,inlinelit,1,const_local,printdirect,print,1,inline,correct,,null|1
c06664,E,inlinelit,1,param,nenull,print,0,inline,correct,,p|1
c06665,E,inlinelit,1,param,nenull,print,1,inline,correct,,NUL|1
c06666,E,inlinelit,1,param,eqnull_else,print,0,inline,correct,,p|1
c06667,E,inlinelit,1,param,eqnull_else,print,1,inline,correct,,NUL|1
c06668,E,inlinelit,1,param,is_t,print,0,inline,correct,,p|1
c06669,E,inlinelit,1,param,is_t,print,1,inline,correct,,NUL|1
c06670,E,inlinelit,1,param,coalesce,print,0,inline,correct,,p|1
c06671,E,inlinelit,1,param,coalesce,print,1,inline,correct,,q|1
c06672,E,inlinelit,1,param,printdirect,print,0,inline,correct,,p|1
c06673,E,inlinelit,1,param,printdirect,print,1,inline,correct,,null|1
c06674,E,inlinelit,1,ret_ann,nenull,print,0,inline,correct,,p|1
c06675,E,inlinelit,1,ret_ann,nenull,print,1,inline,correct,,NUL|1
c06676,E,inlinelit,1,ret_ann,eqnull_else,print,0,inline,correct,,p|1
c06677,E,inlinelit,1,ret_ann,eqnull_else,print,1,inline,correct,,NUL|1
c06678,E,inlinelit,1,ret_ann,is_t,print,0,inline,correct,,p|1
c06679,E,inlinelit,1,ret_ann,is_t,print,1,inline,correct,,NUL|1
c06680,E,inlinelit,1,ret_ann,coalesce,print,0,inline,correct,,p|1
c06681,E,inlinelit,1,ret_ann,coalesce,print,1,inline,correct,,q|1
c06682,E,inlinelit,1,ret_ann,printdirect,print,0,inline,correct,,p|1
c06683,E,inlinelit,1,ret_ann,printdirect,print,1,inline,correct,,null|1
c06684,E,inlinelit,1,global,nenull,print,0,inline,correct,,p|1
c06685,E,inlinelit,1,global,nenull,print,1,inline,correct,,NUL|1
c06686,E,inlinelit,1,global,eqnull_else,print,0,inline,correct,,p|1
c06687,E,inlinelit,1,global,eqnull_else,print,1,inline,correct,,NUL|1
c06688,E,inlinelit,1,global,is_t,print,0,inline,correct,,p|1
c06689,E,inlinelit,1,global,is_t,print,1,inline,correct,,NUL|1
c06690,E,inlinelit,1,global,coalesce,print,0,inline,correct,,p|1
c06691,E,inlinelit,1,global,coalesce,print,1,inline,correct,,q|1
c06692,E,inlinelit,1,global,printdirect,print,0,inline,correct,,p|1
c06693,E,inlinelit,1,global,printdirect,print,1,inline,correct,,null|1
c06694,E,inlinelit,1,field,nenull,print,0,inline,correct,,p|1
c06695,E,inlinelit,1,field,nenull,print,1,inline,correct,,NUL|1
c06696,E,inlinelit,1,field,eqnull_else,print,0,inline,correct,,p|1
c06697,E,inlinelit,1,field,eqnull_else,print,1,inline,correct,,NUL|1
c06698,E,inlinelit,1,field,is_t,print,0,inline,correct,,p|1
c06699,E,inlinelit,1,field,is_t,print,1,inline,correct,,NUL|1
c06700,E,inlinelit,1,field,coalesce,print,0,inline,correct,,p|1
c06701,E,inlinelit,1,field,coalesce,print,1,inline,correct,,q|1
c06702,E,inlinelit,1,field,printdirect,print,0,inline,correct,,p|1
c06703,E,inlinelit,1,field,printdirect,print,1,inline,correct,,null|1
c06704,E,inlinelit,1,elem,nenull,print,0,inline,correct,,p|1
c06705,E,inlinelit,1,elem,nenull,print,1,inline,correct,,NUL|1
c06706,E,inlinelit,1,elem,eqnull_else,print,0,inline,correct,,p|1
c06707,E,inlinelit,1,elem,eqnull_else,print,1,inline,correct,,NUL|1
c06708,E,inlinelit,1,elem,is_t,print,0,inline,correct,,p|1
c06709,E,inlinelit,1,elem,is_t,print,1,inline,correct,,NUL|1
c06710,E,inlinelit,1,elem,coalesce,print,0,inline,correct,,p|1
c06711,E,inlinelit,1,elem,coalesce,print,1,inline,correct,,q|1
c06712,E,inlinelit,1,elem,printdirect,print,0,inline,correct,,p|1
c06713,E,inlinelit,1,elem,printdirect,print,1,inline,correct,,null|1
c06714,E,inlinelit,1,mapval,nenull,print,0,inline,correct,,p|1
c06715,E,inlinelit,1,mapval,nenull,print,1,inline,correct,,NUL|1
c06716,E,inlinelit,1,mapval,eqnull_else,print,0,inline,correct,,p|1
c06717,E,inlinelit,1,mapval,eqnull_else,print,1,inline,correct,,NUL|1
c06718,E,inlinelit,1,mapval,is_t,print,0,inline,correct,,p|1
c06719,E,inlinelit,1,mapval,is_t,print,1,inline,correct,,NUL|1
c06720,E,inlinelit,1,mapval,coalesce,print,0,inline,correct,,p|1
c06721,E,inlinelit,1,mapval,coalesce,print,1,inline,correct,,q|1
c06722,E,inlinelit,1,mapval,printdirect,print,0,inline,correct,,p|1
c06723,E,inlinelit,1,mapval,printdirect,print,1,inline,correct,,null|1
c06724,E,inlinelit,1,capture,nenull,print,0,inline,correct,,p|1
c06725,E,inlinelit,1,capture,nenull,print,1,inline,correct,,NUL|1
c06726,E,inlinelit,1,capture,eqnull_else,print,0,inline,correct,,p|1
c06727,E,inlinelit,1,capture,eqnull_else,print,1,inline,correct,,NUL|1
c06728,E,inlinelit,1,capture,is_t,print,0,inline,correct,,p|1
c06729,E,inlinelit,1,capture,is_t,print,1,inline,correct,,NUL|1
c06730,E,inlinelit,1,capture,coalesce,print,0,inline,correct,,p|1
c06731,E,inlinelit,1,capture,coalesce,print,1,inline,correct,,q|1
c06732,E,inlinelit,1,capture,printdirect,print,0,inline,correct,,p|1
c06733,E,inlinelit,1,capture,printdirect,print,1,inline,correct,,null|1
c06734,E,inlinelit,1,loopvar,nenull,print,0,inline,correct,,p|1
c06735,E,inlinelit,1,loopvar,nenull,print,1,inline,correct,,NUL|1
c06736,E,inlinelit,1,loopvar,eqnull_else,print,0,inline,correct,,p|1
c06737,E,inlinelit,1,loopvar,eqnull_else,print,1,inline,correct,,NUL|1
c06738,E,inlinelit,1,loopvar,is_t,print,0,inline,correct,,p|1
c06739,E,inlinelit,1,loopvar,is_t,print,1,inline,correct,,NUL|1
c06740,E,inlinelit,1,loopvar,coalesce,print,0,inline,correct,,p|1
c06741,E,inlinelit,1,loopvar,coalesce,print,1,inline,correct,,q|1
c06742,E,inlinelit,1,loopvar,printdirect,print,0,inline,correct,,p|1
c06743,E,inlinelit,1,loopvar,printdirect,print,1,inline,correct,,null|1
c06744,E,inlinelit,1,const_local,nenull,print,0,alias,correct,,p|1
c06745,E,inlinelit,1,const_local,nenull,print,1,alias,correct,,NUL|1
c06746,E,inlinelit,1,const_local,eqnull_else,print,0,alias,correct,,p|1
c06747,E,inlinelit,1,const_local,eqnull_else,print,1,alias,correct,,NUL|1
c06748,E,inlinelit,1,const_local,is_t,print,0,alias,correct,,p|1
c06749,E,inlinelit,1,const_local,is_t,print,1,alias,correct,,NUL|1
c06750,E,inlinelit,1,const_local,coalesce,print,0,alias,correct,,p|1
c06751,E,inlinelit,1,const_local,coalesce,print,1,alias,correct,,q|1
c06752,E,inlinelit,1,const_local,printdirect,print,0,alias,correct,,p|1
c06753,E,inlinelit,1,const_local,printdirect,print,1,alias,correct,,null|1
c06754,E,inlinelit,1,param,nenull,print,0,alias,correct,,p|1
c06755,E,inlinelit,1,param,nenull,print,1,alias,correct,,NUL|1
c06756,E,inlinelit,1,param,eqnull_else,print,0,alias,correct,,p|1
c06757,E,inlinelit,1,param,eqnull_else,print,1,alias,correct,,NUL|1
c06758,E,inlinelit,1,param,is_t,print,0,alias,correct,,p|1
c06759,E,inlinelit,1,param,is_t,print,1,alias,correct,,NUL|1
c06760,E,inlinelit,1,param,coalesce,print,0,alias,correct,,p|1
c06761,E,inlinelit,1,param,coalesce,print,1,alias,correct,,q|1
c06762,E,inlinelit,1,param,printdirect,print,0,alias,correct,,p|1
c06763,E,inlinelit,1,param,printdirect,print,1,alias,correct,,null|1
c06764,E,inlinelit,1,ret_ann,nenull,print,0,alias,correct,,p|1
c06765,E,inlinelit,1,ret_ann,nenull,print,1,alias,correct,,NUL|1
c06766,E,inlinelit,1,ret_ann,eqnull_else,print,0,alias,correct,,p|1
c06767,E,inlinelit,1,ret_ann,eqnull_else,print,1,alias,correct,,NUL|1
c06768,E,inlinelit,1,ret_ann,is_t,print,0,alias,correct,,p|1
c06769,E,inlinelit,1,ret_ann,is_t,print,1,alias,correct,,NUL|1
c06770,E,inlinelit,1,ret_ann,coalesce,print,0,alias,correct,,p|1
c06771,E,inlinelit,1,ret_ann,coalesce,print,1,alias,correct,,q|1
c06772,E,inlinelit,1,ret_ann,printdirect,print,0,alias,correct,,p|1
c06773,E,inlinelit,1,ret_ann,printdirect,print,1,alias,correct,,null|1
c06774,E,inlinelit,1,global,nenull,print,0,alias,correct,,p|1
c06775,E,inlinelit,1,global,nenull,print,1,alias,correct,,NUL|1
c06776,E,inlinelit,1,global,eqnull_else,print,0,alias,correct,,p|1
c06777,E,inlinelit,1,global,eqnull_else,print,1,alias,correct,,NUL|1
c06778,E,inlinelit,1,global,is_t,print,0,alias,correct,,p|1
c06779,E,inlinelit,1,global,is_t,print,1,alias,correct,,NUL|1
c06780,E,inlinelit,1,global,coalesce,print,0,alias,correct,,p|1
c06781,E,inlinelit,1,global,coalesce,print,1,alias,correct,,q|1
c06782,E,inlinelit,1,global,printdirect,print,0,alias,correct,,p|1
c06783,E,inlinelit,1,global,printdirect,print,1,alias,correct,,null|1
c06784,E,inlinelit,1,field,nenull,print,0,alias,loud_check_reject,"[ERROR]: cannot assign {f: ""p"" | ""q""?} to 'w' of type {f: ""p"" | ""q""?}",p|1
c06785,E,inlinelit,1,field,nenull,print,1,alias,loud_check_reject,"[ERROR]: cannot assign {f: ""p"" | ""q""?} to 'w' of type {f: ""p"" | ""q""?}",NUL|1
c06786,E,inlinelit,1,field,eqnull_else,print,0,alias,loud_check_reject,"[ERROR]: cannot assign {f: ""p"" | ""q""?} to 'w' of type {f: ""p"" | ""q""?}",p|1
c06787,E,inlinelit,1,field,eqnull_else,print,1,alias,loud_check_reject,"[ERROR]: cannot assign {f: ""p"" | ""q""?} to 'w' of type {f: ""p"" | ""q""?}",NUL|1
c06788,E,inlinelit,1,field,is_t,print,0,alias,loud_check_reject,"[ERROR]: cannot assign {f: ""p"" | ""q""?} to 'w' of type {f: ""p"" | ""q""?}",p|1
c06789,E,inlinelit,1,field,is_t,print,1,alias,loud_check_reject,"[ERROR]: cannot assign {f: ""p"" | ""q""?} to 'w' of type {f: ""p"" | ""q""?}",NUL|1
c06790,E,inlinelit,1,field,coalesce,print,0,alias,loud_check_reject,"[ERROR]: cannot assign {f: ""p"" | ""q""?} to 'w' of type {f: ""p"" | ""q""?}",p|1
c06791,E,inlinelit,1,field,coalesce,print,1,alias,loud_check_reject,"[ERROR]: cannot assign {f: ""p"" | ""q""?} to 'w' of type {f: ""p"" | ""q""?}",q|1
c06792,E,inlinelit,1,field,printdirect,print,0,alias,loud_check_reject,"[ERROR]: cannot assign {f: ""p"" | ""q""?} to 'w' of type {f: ""p"" | ""q""?}",p|1
c06793,E,inlinelit,1,field,printdirect,print,1,alias,loud_check_reject,"[ERROR]: cannot assign {f: ""p"" | ""q""?} to 'w' of type {f: ""p"" | ""q""?}",null|1
c06794,E,inlinelit,1,elem,nenull,print,0,alias,correct,,p|1
c06795,E,inlinelit,1,elem,nenull,print,1,alias,correct,,NUL|1
c06796,E,inlinelit,1,elem,eqnull_else,print,0,alias,correct,,p|1
c06797,E,inlinelit,1,elem,eqnull_else,print,1,alias,correct,,NUL|1
c06798,E,inlinelit,1,elem,is_t,print,0,alias,correct,,p|1
c06799,E,inlinelit,1,elem,is_t,print,1,alias,correct,,NUL|1
c06800,E,inlinelit,1,elem,coalesce,print,0,alias,correct,,p|1
c06801,E,inlinelit,1,elem,coalesce,print,1,alias,correct,,q|1
c06802,E,inlinelit,1,elem,printdirect,print,0,alias,correct,,p|1
c06803,E,inlinelit,1,elem,printdirect,print,1,alias,correct,,null|1
c06804,E,inlinelit,1,mapval,nenull,print,0,alias,correct,,p|1
c06805,E,inlinelit,1,mapval,nenull,print,1,alias,correct,,NUL|1
c06806,E,inlinelit,1,mapval,eqnull_else,print,0,alias,correct,,p|1
c06807,E,inlinelit,1,mapval,eqnull_else,print,1,alias,correct,,NUL|1
c06808,E,inlinelit,1,mapval,is_t,print,0,alias,correct,,p|1
c06809,E,inlinelit,1,mapval,is_t,print,1,alias,correct,,NUL|1
c06810,E,inlinelit,1,mapval,coalesce,print,0,alias,correct,,p|1
c06811,E,inlinelit,1,mapval,coalesce,print,1,alias,correct,,q|1
c06812,E,inlinelit,1,mapval,printdirect,print,0,alias,correct,,p|1
c06813,E,inlinelit,1,mapval,printdirect,print,1,alias,correct,,null|1
c06814,E,inlinelit,1,capture,nenull,print,0,alias,correct,,p|1
c06815,E,inlinelit,1,capture,nenull,print,1,alias,correct,,NUL|1
c06816,E,inlinelit,1,capture,eqnull_else,print,0,alias,correct,,p|1
c06817,E,inlinelit,1,capture,eqnull_else,print,1,alias,correct,,NUL|1
c06818,E,inlinelit,1,capture,is_t,print,0,alias,correct,,p|1
c06819,E,inlinelit,1,capture,is_t,print,1,alias,correct,,NUL|1
c06820,E,inlinelit,1,capture,coalesce,print,0,alias,correct,,p|1
c06821,E,inlinelit,1,capture,coalesce,print,1,alias,correct,,q|1
c06822,E,inlinelit,1,capture,printdirect,print,0,alias,correct,,p|1
c06823,E,inlinelit,1,capture,printdirect,print,1,alias,correct,,null|1
c06824,E,inlinelit,1,loopvar,nenull,print,0,alias,correct,,p|1
c06825,E,inlinelit,1,loopvar,nenull,print,1,alias,correct,,NUL|1
c06826,E,inlinelit,1,loopvar,eqnull_else,print,0,alias,correct,,p|1
c06827,E,inlinelit,1,loopvar,eqnull_else,print,1,alias,correct,,NUL|1
c06828,E,inlinelit,1,loopvar,is_t,print,0,alias,correct,,p|1
c06829,E,inlinelit,1,loopvar,is_t,print,1,alias,correct,,NUL|1
c06830,E,inlinelit,1,loopvar,coalesce,print,0,alias,correct,,p|1
c06831,E,inlinelit,1,loopvar,coalesce,print,1,alias,correct,,q|1
c06832,E,inlinelit,1,loopvar,printdirect,print,0,alias,correct,,p|1
c06833,E,inlinelit,1,loopvar,printdirect,print,1,alias,correct,,null|1
c06834,E,numlit,1,const_local,nenull,print,0,inline,correct,,1|1
c06835,E,numlit,1,const_local,nenull,print,1,inline,correct,,NUL|1
c06836,E,numlit,1,const_local,eqnull_else,print,0,inline,correct,,1|1
c06837,E,numlit,1,const_local,eqnull_else,print,1,inline,correct,,NUL|1
c06838,E,numlit,1,const_local,is_t,print,0,inline,correct,,1|1
c06839,E,numlit,1,const_local,is_t,print,1,inline,correct,,NUL|1
c06840,E,numlit,1,const_local,coalesce,print,0,inline,correct,,1|1
c06841,E,numlit,1,const_local,coalesce,print,1,inline,correct,,2|1
c06842,E,numlit,1,const_local,printdirect,print,0,inline,loud_check_reject,"[ERROR]: print of a union value (1 | 2?) is type-valid but not yet supported by codegen — narrow it first, e.g. `if v is i32 { print(v) }`",1|1
c06843,E,numlit,1,const_local,printdirect,print,1,inline,loud_check_reject,"[ERROR]: print of a union value (1 | 2?) is type-valid but not yet supported by codegen — narrow it first, e.g. `if v is i32 { print(v) }`",null|1
c06844,E,numlit,1,param,nenull,print,0,inline,correct,,1|1
c06845,E,numlit,1,param,nenull,print,1,inline,correct,,NUL|1
c06846,E,numlit,1,param,eqnull_else,print,0,inline,correct,,1|1
c06847,E,numlit,1,param,eqnull_else,print,1,inline,correct,,NUL|1
c06848,E,numlit,1,param,is_t,print,0,inline,correct,,1|1
c06849,E,numlit,1,param,is_t,print,1,inline,correct,,NUL|1
c06850,E,numlit,1,param,coalesce,print,0,inline,correct,,1|1
c06851,E,numlit,1,param,coalesce,print,1,inline,correct,,2|1
c06852,E,numlit,1,param,printdirect,print,0,inline,loud_check_reject,"[ERROR]: print of a union value (1 | 2?) is type-valid but not yet supported by codegen — narrow it first, e.g. `if v is i32 { print(v) }`",1|1
c06853,E,numlit,1,param,printdirect,print,1,inline,loud_check_reject,"[ERROR]: print of a union value (1 | 2?) is type-valid but not yet supported by codegen — narrow it first, e.g. `if v is i32 { print(v) }`",null|1
c06854,E,numlit,1,ret_ann,nenull,print,0,inline,correct,,1|1
c06855,E,numlit,1,ret_ann,nenull,print,1,inline,correct,,NUL|1
c06856,E,numlit,1,ret_ann,eqnull_else,print,0,inline,correct,,1|1
c06857,E,numlit,1,ret_ann,eqnull_else,print,1,inline,correct,,NUL|1
c06858,E,numlit,1,ret_ann,is_t,print,0,inline,correct,,1|1
c06859,E,numlit,1,ret_ann,is_t,print,1,inline,correct,,NUL|1
c06860,E,numlit,1,ret_ann,coalesce,print,0,inline,correct,,1|1
c06861,E,numlit,1,ret_ann,coalesce,print,1,inline,correct,,2|1
c06862,E,numlit,1,ret_ann,printdirect,print,0,inline,loud_check_reject,"[ERROR]: print of a union value (1 | 2?) is type-valid but not yet supported by codegen — narrow it first, e.g. `if v is i32 { print(v) }`",1|1
c06863,E,numlit,1,ret_ann,printdirect,print,1,inline,loud_check_reject,"[ERROR]: print of a union value (1 | 2?) is type-valid but not yet supported by codegen — narrow it first, e.g. `if v is i32 { print(v) }`",null|1
c06864,E,numlit,1,global,nenull,print,0,inline,correct,,1|1
c06865,E,numlit,1,global,nenull,print,1,inline,correct,,NUL|1
c06866,E,numlit,1,global,eqnull_else,print,0,inline,correct,,1|1
c06867,E,numlit,1,global,eqnull_else,print,1,inline,correct,,NUL|1
c06868,E,numlit,1,global,is_t,print,0,inline,correct,,1|1
c06869,E,numlit,1,global,is_t,print,1,inline,correct,,NUL|1
c06870,E,numlit,1,global,coalesce,print,0,inline,correct,,1|1
c06871,E,numlit,1,global,coalesce,print,1,inline,correct,,2|1
c06872,E,numlit,1,global,printdirect,print,0,inline,loud_check_reject,"[ERROR]: print of a union value (1 | 2?) is type-valid but not yet supported by codegen — narrow it first, e.g. `if v is i32 { print(v) }`",1|1
c06873,E,numlit,1,global,printdirect,print,1,inline,loud_check_reject,"[ERROR]: print of a union value (1 | 2?) is type-valid but not yet supported by codegen — narrow it first, e.g. `if v is i32 { print(v) }`",null|1
c06874,E,numlit,1,field,nenull,print,0,inline,correct,,1|1
c06875,E,numlit,1,field,nenull,print,1,inline,correct,,NUL|1
c06876,E,numlit,1,field,eqnull_else,print,0,inline,correct,,1|1
c06877,E,numlit,1,field,eqnull_else,print,1,inline,correct,,NUL|1
c06878,E,numlit,1,field,is_t,print,0,inline,correct,,1|1
c06879,E,numlit,1,field,is_t,print,1,inline,correct,,NUL|1
c06880,E,numlit,1,field,coalesce,print,0,inline,correct,,1|1
c06881,E,numlit,1,field,coalesce,print,1,inline,correct,,2|1
c06882,E,numlit,1,field,printdirect,print,0,inline,loud_check_reject,"[ERROR]: print of a union value (1 | 2?) is type-valid but not yet supported by codegen — narrow it first, e.g. `if v is i32 { print(v) }`",1|1
c06883,E,numlit,1,field,printdirect,print,1,inline,loud_check_reject,"[ERROR]: print of a union value (1 | 2?) is type-valid but not yet supported by codegen — narrow it first, e.g. `if v is i32 { print(v) }`",null|1
c06884,E,numlit,1,elem,nenull,print,0,inline,correct,,1|1
c06885,E,numlit,1,elem,nenull,print,1,inline,correct,,NUL|1
c06886,E,numlit,1,elem,eqnull_else,print,0,inline,correct,,1|1
c06887,E,numlit,1,elem,eqnull_else,print,1,inline,correct,,NUL|1
c06888,E,numlit,1,elem,is_t,print,0,inline,correct,,1|1
c06889,E,numlit,1,elem,is_t,print,1,inline,correct,,NUL|1
c06890,E,numlit,1,elem,coalesce,print,0,inline,correct,,1|1
c06891,E,numlit,1,elem,coalesce,print,1,inline,correct,,2|1
c06892,E,numlit,1,elem,printdirect,print,0,inline,loud_check_reject,"[ERROR]: print of a union value (1 | 2?) is type-valid but not yet supported by codegen — narrow it first, e.g. `if v is i32 { print(v) }`",1|1
c06893,E,numlit,1,elem,printdirect,print,1,inline,loud_check_reject,"[ERROR]: print of a union value (1 | 2?) is type-valid but not yet supported by codegen — narrow it first, e.g. `if v is i32 { print(v) }`",null|1
c06894,E,numlit,1,mapval,nenull,print,0,inline,correct,,1|1
c06895,E,numlit,1,mapval,nenull,print,1,inline,correct,,NUL|1
c06896,E,numlit,1,mapval,eqnull_else,print,0,inline,correct,,1|1
c06897,E,numlit,1,mapval,eqnull_else,print,1,inline,correct,,NUL|1
c06898,E,numlit,1,mapval,is_t,print,0,inline,correct,,1|1
c06899,E,numlit,1,mapval,is_t,print,1,inline,correct,,NUL|1
c06900,E,numlit,1,mapval,coalesce,print,0,inline,correct,,1|1
c06901,E,numlit,1,mapval,coalesce,print,1,inline,correct,,2|1
c06902,E,numlit,1,mapval,printdirect,print,0,inline,loud_check_reject,"[ERROR]: print of a union value (1 | 2??) is type-valid but not yet supported by codegen — narrow it first, e.g. `if v is i32 { print(v) }`",1|1
c06903,E,numlit,1,mapval,printdirect,print,1,inline,loud_check_reject,"[ERROR]: print of a union value (1 | 2??) is type-valid but not yet supported by codegen — narrow it first, e.g. `if v is i32 { print(v) }`",null|1
c06904,E,numlit,1,capture,nenull,print,0,inline,invalid_wasm,"1: Invalid input WebAssembly code at offset 370: type mismatch: expected i32, found (ref $type)",1|1
c06905,E,numlit,1,capture,nenull,print,1,inline,invalid_wasm,"1: Invalid input WebAssembly code at offset 367: type mismatch: expected i32, found (ref $type)",NUL|1
c06906,E,numlit,1,capture,eqnull_else,print,0,inline,invalid_wasm,"1: Invalid input WebAssembly code at offset 418: type mismatch: expected i32, found (ref $type)",1|1
c06907,E,numlit,1,capture,eqnull_else,print,1,inline,invalid_wasm,"1: Invalid input WebAssembly code at offset 415: type mismatch: expected i32, found (ref $type)",NUL|1
c06908,E,numlit,1,capture,is_t,print,0,inline,invalid_wasm,"1: Invalid input WebAssembly code at offset 446: type mismatch: expected i32, found (ref $type)",1|1
c06909,E,numlit,1,capture,is_t,print,1,inline,invalid_wasm,"1: Invalid input WebAssembly code at offset 443: type mismatch: expected i32, found (ref $type)",NUL|1
c06910,E,numlit,1,capture,coalesce,print,0,inline,loud_emit_reject,emitProgram: narrowed union binding is not a local or global,1|1
c06911,E,numlit,1,capture,coalesce,print,1,inline,loud_emit_reject,emitProgram: narrowed union binding is not a local or global,2|1
c06912,E,numlit,1,capture,printdirect,print,0,inline,loud_check_reject,"[ERROR]: print of a union value (1 | 2?) is type-valid but not yet supported by codegen — narrow it first, e.g. `if v is i32 { print(v) }`",1|1
c06913,E,numlit,1,capture,printdirect,print,1,inline,loud_check_reject,"[ERROR]: print of a union value (1 | 2?) is type-valid but not yet supported by codegen — narrow it first, e.g. `if v is i32 { print(v) }`",null|1
c06914,E,numlit,1,loopvar,nenull,print,0,inline,correct,,1|1
c06915,E,numlit,1,loopvar,nenull,print,1,inline,correct,,NUL|1
c06916,E,numlit,1,loopvar,eqnull_else,print,0,inline,correct,,1|1
c06917,E,numlit,1,loopvar,eqnull_else,print,1,inline,correct,,NUL|1
c06918,E,numlit,1,loopvar,is_t,print,0,inline,correct,,1|1
c06919,E,numlit,1,loopvar,is_t,print,1,inline,correct,,NUL|1
c06920,E,numlit,1,loopvar,coalesce,print,0,inline,correct,,1|1
c06921,E,numlit,1,loopvar,coalesce,print,1,inline,correct,,2|1
c06922,E,numlit,1,loopvar,printdirect,print,0,inline,loud_check_reject,"[ERROR]: print of a union value (1 | 2?) is type-valid but not yet supported by codegen — narrow it first, e.g. `if v is i32 { print(v) }`",1|1
c06923,E,numlit,1,loopvar,printdirect,print,1,inline,loud_check_reject,"[ERROR]: print of a union value (1 | 2?) is type-valid but not yet supported by codegen — narrow it first, e.g. `if v is i32 { print(v) }`",null|1
c06924,E,numlit,1,const_local,nenull,print,0,alias,correct,,1|1
c06925,E,numlit,1,const_local,nenull,print,1,alias,correct,,NUL|1
c06926,E,numlit,1,const_local,eqnull_else,print,0,alias,correct,,1|1
c06927,E,numlit,1,const_local,eqnull_else,print,1,alias,correct,,NUL|1
c06928,E,numlit,1,const_local,is_t,print,0,alias,correct,,1|1
c06929,E,numlit,1,const_local,is_t,print,1,alias,correct,,NUL|1
c06930,E,numlit,1,const_local,coalesce,print,0,alias,correct,,1|1
c06931,E,numlit,1,const_local,coalesce,print,1,alias,correct,,2|1
c06932,E,numlit,1,const_local,printdirect,print,0,alias,loud_check_reject,"[ERROR]: print of a union value (1 | 2?) is type-valid but not yet supported by codegen — narrow it first, e.g. `if v is i32 { print(v) }`",1|1
c06933,E,numlit,1,const_local,printdirect,print,1,alias,loud_check_reject,"[ERROR]: print of a union value (1 | 2?) is type-valid but not yet supported by codegen — narrow it first, e.g. `if v is i32 { print(v) }`",null|1
c06934,E,numlit,1,param,nenull,print,0,alias,correct,,1|1
c06935,E,numlit,1,param,nenull,print,1,alias,correct,,NUL|1
c06936,E,numlit,1,param,eqnull_else,print,0,alias,correct,,1|1
c06937,E,numlit,1,param,eqnull_else,print,1,alias,correct,,NUL|1
c06938,E,numlit,1,param,is_t,print,0,alias,correct,,1|1
c06939,E,numlit,1,param,is_t,print,1,alias,correct,,NUL|1
c06940,E,numlit,1,param,coalesce,print,0,alias,correct,,1|1
c06941,E,numlit,1,param,coalesce,print,1,alias,correct,,2|1
c06942,E,numlit,1,param,printdirect,print,0,alias,loud_check_reject,"[ERROR]: print of a union value (1 | 2?) is type-valid but not yet supported by codegen — narrow it first, e.g. `if v is i32 { print(v) }`",1|1
c06943,E,numlit,1,param,printdirect,print,1,alias,loud_check_reject,"[ERROR]: print of a union value (1 | 2?) is type-valid but not yet supported by codegen — narrow it first, e.g. `if v is i32 { print(v) }`",null|1
c06944,E,numlit,1,ret_ann,nenull,print,0,alias,correct,,1|1
c06945,E,numlit,1,ret_ann,nenull,print,1,alias,correct,,NUL|1
c06946,E,numlit,1,ret_ann,eqnull_else,print,0,alias,correct,,1|1
c06947,E,numlit,1,ret_ann,eqnull_else,print,1,alias,correct,,NUL|1
c06948,E,numlit,1,ret_ann,is_t,print,0,alias,correct,,1|1
c06949,E,numlit,1,ret_ann,is_t,print,1,alias,correct,,NUL|1
c06950,E,numlit,1,ret_ann,coalesce,print,0,alias,correct,,1|1
c06951,E,numlit,1,ret_ann,coalesce,print,1,alias,correct,,2|1
c06952,E,numlit,1,ret_ann,printdirect,print,0,alias,loud_check_reject,"[ERROR]: print of a union value (1 | 2?) is type-valid but not yet supported by codegen — narrow it first, e.g. `if v is i32 { print(v) }`",1|1
c06953,E,numlit,1,ret_ann,printdirect,print,1,alias,loud_check_reject,"[ERROR]: print of a union value (1 | 2?) is type-valid but not yet supported by codegen — narrow it first, e.g. `if v is i32 { print(v) }`",null|1
c06954,E,numlit,1,global,nenull,print,0,alias,correct,,1|1
c06955,E,numlit,1,global,nenull,print,1,alias,correct,,NUL|1
c06956,E,numlit,1,global,eqnull_else,print,0,alias,correct,,1|1
c06957,E,numlit,1,global,eqnull_else,print,1,alias,correct,,NUL|1
c06958,E,numlit,1,global,is_t,print,0,alias,correct,,1|1
c06959,E,numlit,1,global,is_t,print,1,alias,correct,,NUL|1
c06960,E,numlit,1,global,coalesce,print,0,alias,correct,,1|1
c06961,E,numlit,1,global,coalesce,print,1,alias,correct,,2|1
c06962,E,numlit,1,global,printdirect,print,0,alias,loud_check_reject,"[ERROR]: print of a union value (1 | 2?) is type-valid but not yet supported by codegen — narrow it first, e.g. `if v is i32 { print(v) }`",1|1
c06963,E,numlit,1,global,printdirect,print,1,alias,loud_check_reject,"[ERROR]: print of a union value (1 | 2?) is type-valid but not yet supported by codegen — narrow it first, e.g. `if v is i32 { print(v) }`",null|1
c06964,E,numlit,1,field,nenull,print,0,alias,loud_check_reject,[ERROR]: cannot assign {f: 1 | 2?} to 'w' of type {f: 1 | 2?},1|1
c06965,E,numlit,1,field,nenull,print,1,alias,loud_check_reject,[ERROR]: cannot assign {f: 1 | 2?} to 'w' of type {f: 1 | 2?},NUL|1
c06966,E,numlit,1,field,eqnull_else,print,0,alias,loud_check_reject,[ERROR]: cannot assign {f: 1 | 2?} to 'w' of type {f: 1 | 2?},1|1
c06967,E,numlit,1,field,eqnull_else,print,1,alias,loud_check_reject,[ERROR]: cannot assign {f: 1 | 2?} to 'w' of type {f: 1 | 2?},NUL|1
c06968,E,numlit,1,field,is_t,print,0,alias,loud_check_reject,[ERROR]: cannot assign {f: 1 | 2?} to 'w' of type {f: 1 | 2?},1|1
c06969,E,numlit,1,field,is_t,print,1,alias,loud_check_reject,[ERROR]: cannot assign {f: 1 | 2?} to 'w' of type {f: 1 | 2?},NUL|1
c06970,E,numlit,1,field,coalesce,print,0,alias,loud_check_reject,[ERROR]: cannot assign {f: 1 | 2?} to 'w' of type {f: 1 | 2?},1|1
c06971,E,numlit,1,field,coalesce,print,1,alias,loud_check_reject,[ERROR]: cannot assign {f: 1 | 2?} to 'w' of type {f: 1 | 2?},2|1
c06972,E,numlit,1,field,printdirect,print,0,alias,loud_check_reject,[ERROR]: cannot assign {f: 1 | 2?} to 'w' of type {f: 1 | 2?},1|1
c06973,E,numlit,1,field,printdirect,print,1,alias,loud_check_reject,[ERROR]: cannot assign {f: 1 | 2?} to 'w' of type {f: 1 | 2?},null|1
c06974,E,numlit,1,elem,nenull,print,0,alias,correct,,1|1
c06975,E,numlit,1,elem,nenull,print,1,alias,correct,,NUL|1
c06976,E,numlit,1,elem,eqnull_else,print,0,alias,correct,,1|1
c06977,E,numlit,1,elem,eqnull_else,print,1,alias,correct,,NUL|1
c06978,E,numlit,1,elem,is_t,print,0,alias,correct,,1|1
c06979,E,numlit,1,elem,is_t,print,1,alias,correct,,NUL|1
c06980,E,numlit,1,elem,coalesce,print,0,alias,correct,,1|1
c06981,E,numlit,1,elem,coalesce,print,1,alias,correct,,2|1
c06982,E,numlit,1,elem,printdirect,print,0,alias,loud_check_reject,"[ERROR]: print of a union value (1 | 2?) is type-valid but not yet supported by codegen — narrow it first, e.g. `if v is i32 { print(v) }`",1|1
c06983,E,numlit,1,elem,printdirect,print,1,alias,loud_check_reject,"[ERROR]: print of a union value (1 | 2?) is type-valid but not yet supported by codegen — narrow it first, e.g. `if v is i32 { print(v) }`",null|1
c06984,E,numlit,1,mapval,nenull,print,0,alias,correct,,1|1
c06985,E,numlit,1,mapval,nenull,print,1,alias,correct,,NUL|1
c06986,E,numlit,1,mapval,eqnull_else,print,0,alias,correct,,1|1
c06987,E,numlit,1,mapval,eqnull_else,print,1,alias,correct,,NUL|1
c06988,E,numlit,1,mapval,is_t,print,0,alias,correct,,1|1
c06989,E,numlit,1,mapval,is_t,print,1,alias,correct,,NUL|1
c06990,E,numlit,1,mapval,coalesce,print,0,alias,correct,,1|1
c06991,E,numlit,1,mapval,coalesce,print,1,alias,correct,,2|1
c06992,E,numlit,1,mapval,printdirect,print,0,alias,loud_check_reject,"[ERROR]: print of a union value (1 | 2??) is type-valid but not yet supported by codegen — narrow it first, e.g. `if v is i32 { print(v) }`",1|1
c06993,E,numlit,1,mapval,printdirect,print,1,alias,loud_check_reject,"[ERROR]: print of a union value (1 | 2??) is type-valid but not yet supported by codegen — narrow it first, e.g. `if v is i32 { print(v) }`",null|1
c06994,E,numlit,1,capture,nenull,print,0,alias,invalid_wasm,"1: Invalid input WebAssembly code at offset 370: type mismatch: expected i32, found (ref $type)",1|1
c06995,E,numlit,1,capture,nenull,print,1,alias,invalid_wasm,"1: Invalid input WebAssembly code at offset 367: type mismatch: expected i32, found (ref $type)",NUL|1
c06996,E,numlit,1,capture,eqnull_else,print,0,alias,invalid_wasm,"1: Invalid input WebAssembly code at offset 418: type mismatch: expected i32, found (ref $type)",1|1
c06997,E,numlit,1,capture,eqnull_else,print,1,alias,invalid_wasm,"1: Invalid input WebAssembly code at offset 415: type mismatch: expected i32, found (ref $type)",NUL|1
c06998,E,numlit,1,capture,is_t,print,0,alias,invalid_wasm,"1: Invalid input WebAssembly code at offset 446: type mismatch: expected i32, found (ref $type)",1|1
c06999,E,numlit,1,capture,is_t,print,1,alias,invalid_wasm,"1: Invalid input WebAssembly code at offset 443: type mismatch: expected i32, found (ref $type)",NUL|1
c07000,E,numlit,1,capture,coalesce,print,0,alias,loud_emit_reject,emitProgram: narrowed union binding is not a local or global,1|1
c07001,E,numlit,1,capture,coalesce,print,1,alias,loud_emit_reject,emitProgram: narrowed union binding is not a local or global,2|1
c07002,E,numlit,1,capture,printdirect,print,0,alias,loud_check_reject,"[ERROR]: print of a union value (1 | 2?) is type-valid but not yet supported by codegen — narrow it first, e.g. `if v is i32 { print(v) }`",1|1
c07003,E,numlit,1,capture,printdirect,print,1,alias,loud_check_reject,"[ERROR]: print of a union value (1 | 2?) is type-valid but not yet supported by codegen — narrow it first, e.g. `if v is i32 { print(v) }`",null|1
c07004,E,numlit,1,loopvar,nenull,print,0,alias,correct,,1|1
c07005,E,numlit,1,loopvar,nenull,print,1,alias,correct,,NUL|1
c07006,E,numlit,1,loopvar,eqnull_else,print,0,alias,correct,,1|1
c07007,E,numlit,1,loopvar,eqnull_else,print,1,alias,correct,,NUL|1
c07008,E,numlit,1,loopvar,is_t,print,0,alias,correct,,1|1
c07009,E,numlit,1,loopvar,is_t,print,1,alias,correct,,NUL|1
c07010,E,numlit,1,loopvar,coalesce,print,0,alias,correct,,1|1
c07011,E,numlit,1,loopvar,coalesce,print,1,alias,correct,,2|1
c07012,E,numlit,1,loopvar,printdirect,print,0,alias,loud_check_reject,"[ERROR]: print of a union value (1 | 2?) is type-valid but not yet supported by codegen — narrow it first, e.g. `if v is i32 { print(v) }`",1|1
c07013,E,numlit,1,loopvar,printdirect,print,1,alias,loud_check_reject,"[ERROR]: print of a union value (1 | 2?) is type-valid but not yet supported by codegen — narrow it first, e.g. `if v is i32 { print(v) }`",null|1
c07014,E,vubox,1,const_local,nenull,isarm,0,inline,correct,,aa|1
c07015,E,vubox,1,const_local,nenull,isarm,1,inline,correct,,NUL|1
c07016,E,vubox,1,const_local,eqnull_else,isarm,0,inline,correct,,aa|1
c07017,E,vubox,1,const_local,eqnull_else,isarm,1,inline,correct,,NUL|1
c07018,E,vubox,1,const_local,is_t,isarm,0,inline,correct,,aa|1
c07019,E,vubox,1,const_local,is_t,isarm,1,inline,correct,,NUL|1
c07020,E,vubox,1,param,nenull,isarm,0,inline,correct,,aa|1
c07021,E,vubox,1,param,nenull,isarm,1,inline,correct,,NUL|1
c07022,E,vubox,1,param,eqnull_else,isarm,0,inline,correct,,aa|1
c07023,E,vubox,1,param,eqnull_else,isarm,1,inline,correct,,NUL|1
c07024,E,vubox,1,param,is_t,isarm,0,inline,correct,,aa|1
c07025,E,vubox,1,param,is_t,isarm,1,inline,correct,,NUL|1
c07026,E,vubox,1,ret_ann,nenull,isarm,0,inline,correct,,aa|1
c07027,E,vubox,1,ret_ann,nenull,isarm,1,inline,correct,,NUL|1
c07028,E,vubox,1,ret_ann,eqnull_else,isarm,0,inline,correct,,aa|1
c07029,E,vubox,1,ret_ann,eqnull_else,isarm,1,inline,correct,,NUL|1
c07030,E,vubox,1,ret_ann,is_t,isarm,0,inline,correct,,aa|1
c07031,E,vubox,1,ret_ann,is_t,isarm,1,inline,correct,,NUL|1
c07032,E,vubox,1,global,nenull,isarm,0,inline,correct,,aa|1
c07033,E,vubox,1,global,nenull,isarm,1,inline,correct,,NUL|1
c07034,E,vubox,1,global,eqnull_else,isarm,0,inline,correct,,aa|1
c07035,E,vubox,1,global,eqnull_else,isarm,1,inline,correct,,NUL|1
c07036,E,vubox,1,global,is_t,isarm,0,inline,correct,,aa|1
c07037,E,vubox,1,global,is_t,isarm,1,inline,correct,,NUL|1
c07038,E,vubox,1,field,nenull,isarm,0,inline,correct,,aa|1
c07039,E,vubox,1,field,nenull,isarm,1,inline,correct,,NUL|1
c07040,E,vubox,1,field,eqnull_else,isarm,0,inline,correct,,aa|1
c07041,E,vubox,1,field,eqnull_else,isarm,1,inline,correct,,NUL|1
c07042,E,vubox,1,field,is_t,isarm,0,inline,correct,,aa|1
c07043,E,vubox,1,field,is_t,isarm,1,inline,correct,,NUL|1
c07044,E,vubox,1,elem,nenull,isarm,0,inline,correct,,aa|1
c07045,E,vubox,1,elem,nenull,isarm,1,inline,correct,,NUL|1
c07046,E,vubox,1,elem,eqnull_else,isarm,0,inline,correct,,aa|1
c07047,E,vubox,1,elem,eqnull_else,isarm,1,inline,correct,,NUL|1
c07048,E,vubox,1,elem,is_t,isarm,0,inline,correct,,aa|1
c07049,E,vubox,1,elem,is_t,isarm,1,inline,correct,,NUL|1
c07050,E,vubox,1,mapval,nenull,isarm,0,inline,correct,,aa|1
c07051,E,vubox,1,mapval,nenull,isarm,1,inline,correct,,NUL|1
c07052,E,vubox,1,mapval,eqnull_else,isarm,0,inline,correct,,aa|1
c07053,E,vubox,1,mapval,eqnull_else,isarm,1,inline,correct,,NUL|1
c07054,E,vubox,1,mapval,is_t,isarm,0,inline,correct,,aa|1
c07055,E,vubox,1,mapval,is_t,isarm,1,inline,correct,,NUL|1
c07056,E,vubox,1,capture,nenull,isarm,0,inline,loud_emit_reject,emitProgram: narrowed union binding is not a local or global,aa|1
c07057,E,vubox,1,capture,nenull,isarm,1,inline,loud_emit_reject,emitProgram: narrowed union binding is not a local or global,NUL|1
c07058,E,vubox,1,capture,eqnull_else,isarm,0,inline,loud_emit_reject,emitProgram: narrowed union binding is not a local or global,aa|1
c07059,E,vubox,1,capture,eqnull_else,isarm,1,inline,loud_emit_reject,emitProgram: narrowed union binding is not a local or global,NUL|1
c07060,E,vubox,1,capture,is_t,isarm,0,inline,loud_emit_reject,emitProgram: narrowed union binding is not a local or global,aa|1
c07061,E,vubox,1,capture,is_t,isarm,1,inline,loud_emit_reject,emitProgram: narrowed union binding is not a local or global,NUL|1
c07062,E,vubox,1,loopvar,nenull,isarm,0,inline,correct,,aa|1
c07063,E,vubox,1,loopvar,nenull,isarm,1,inline,correct,,NUL|1
c07064,E,vubox,1,loopvar,eqnull_else,isarm,0,inline,correct,,aa|1
c07065,E,vubox,1,loopvar,eqnull_else,isarm,1,inline,correct,,NUL|1
c07066,E,vubox,1,loopvar,is_t,isarm,0,inline,correct,,aa|1
c07067,E,vubox,1,loopvar,is_t,isarm,1,inline,correct,,NUL|1
c07068,E,vubox,1,const_local,nenull,isarm,0,alias,correct,,aa|1
c07069,E,vubox,1,const_local,nenull,isarm,1,alias,correct,,NUL|1
c07070,E,vubox,1,const_local,eqnull_else,isarm,0,alias,correct,,aa|1
c07071,E,vubox,1,const_local,eqnull_else,isarm,1,alias,correct,,NUL|1
c07072,E,vubox,1,const_local,is_t,isarm,0,alias,correct,,aa|1
c07073,E,vubox,1,const_local,is_t,isarm,1,alias,correct,,NUL|1
c07074,E,vubox,1,param,nenull,isarm,0,alias,correct,,aa|1
c07075,E,vubox,1,param,nenull,isarm,1,alias,correct,,NUL|1
c07076,E,vubox,1,param,eqnull_else,isarm,0,alias,correct,,aa|1
c07077,E,vubox,1,param,eqnull_else,isarm,1,alias,correct,,NUL|1
c07078,E,vubox,1,param,is_t,isarm,0,alias,correct,,aa|1
c07079,E,vubox,1,param,is_t,isarm,1,alias,correct,,NUL|1
c07080,E,vubox,1,ret_ann,nenull,isarm,0,alias,correct,,aa|1
c07081,E,vubox,1,ret_ann,nenull,isarm,1,alias,correct,,NUL|1
c07082,E,vubox,1,ret_ann,eqnull_else,isarm,0,alias,correct,,aa|1
c07083,E,vubox,1,ret_ann,eqnull_else,isarm,1,alias,correct,,NUL|1
c07084,E,vubox,1,ret_ann,is_t,isarm,0,alias,correct,,aa|1
c07085,E,vubox,1,ret_ann,is_t,isarm,1,alias,correct,,NUL|1
c07086,E,vubox,1,global,nenull,isarm,0,alias,correct,,aa|1
c07087,E,vubox,1,global,nenull,isarm,1,alias,correct,,NUL|1
c07088,E,vubox,1,global,eqnull_else,isarm,0,alias,correct,,aa|1
c07089,E,vubox,1,global,eqnull_else,isarm,1,alias,correct,,NUL|1
c07090,E,vubox,1,global,is_t,isarm,0,alias,correct,,aa|1
c07091,E,vubox,1,global,is_t,isarm,1,alias,correct,,NUL|1
c07092,E,vubox,1,field,nenull,isarm,0,alias,loud_check_reject,[ERROR]: cannot assign {f: string | i32?} to 'w' of type {f: string | i32?},aa|1
c07093,E,vubox,1,field,nenull,isarm,1,alias,loud_check_reject,[ERROR]: cannot assign {f: string | i32?} to 'w' of type {f: string | i32?},NUL|1
c07094,E,vubox,1,field,eqnull_else,isarm,0,alias,loud_check_reject,[ERROR]: cannot assign {f: string | i32?} to 'w' of type {f: string | i32?},aa|1
c07095,E,vubox,1,field,eqnull_else,isarm,1,alias,loud_check_reject,[ERROR]: cannot assign {f: string | i32?} to 'w' of type {f: string | i32?},NUL|1
c07096,E,vubox,1,field,is_t,isarm,0,alias,loud_check_reject,[ERROR]: cannot assign {f: string | i32?} to 'w' of type {f: string | i32?},aa|1
c07097,E,vubox,1,field,is_t,isarm,1,alias,loud_check_reject,[ERROR]: cannot assign {f: string | i32?} to 'w' of type {f: string | i32?},NUL|1
c07098,E,vubox,1,elem,nenull,isarm,0,alias,correct,,aa|1
c07099,E,vubox,1,elem,nenull,isarm,1,alias,correct,,NUL|1
c07100,E,vubox,1,elem,eqnull_else,isarm,0,alias,correct,,aa|1
c07101,E,vubox,1,elem,eqnull_else,isarm,1,alias,correct,,NUL|1
c07102,E,vubox,1,elem,is_t,isarm,0,alias,correct,,aa|1
c07103,E,vubox,1,elem,is_t,isarm,1,alias,correct,,NUL|1
c07104,E,vubox,1,mapval,nenull,isarm,0,alias,correct,,aa|1
c07105,E,vubox,1,mapval,nenull,isarm,1,alias,correct,,NUL|1
c07106,E,vubox,1,mapval,eqnull_else,isarm,0,alias,correct,,aa|1
c07107,E,vubox,1,mapval,eqnull_else,isarm,1,alias,correct,,NUL|1
c07108,E,vubox,1,mapval,is_t,isarm,0,alias,correct,,aa|1
c07109,E,vubox,1,mapval,is_t,isarm,1,alias,correct,,NUL|1
c07110,E,vubox,1,capture,nenull,isarm,0,alias,loud_emit_reject,emitProgram: narrowed union binding is not a local or global,aa|1
c07111,E,vubox,1,capture,nenull,isarm,1,alias,loud_emit_reject,emitProgram: narrowed union binding is not a local or global,NUL|1
c07112,E,vubox,1,capture,eqnull_else,isarm,0,alias,loud_emit_reject,emitProgram: narrowed union binding is not a local or global,aa|1
c07113,E,vubox,1,capture,eqnull_else,isarm,1,alias,loud_emit_reject,emitProgram: narrowed union binding is not a local or global,NUL|1
c07114,E,vubox,1,capture,is_t,isarm,0,alias,loud_emit_reject,emitProgram: narrowed union binding is not a local or global,aa|1
c07115,E,vubox,1,capture,is_t,isarm,1,alias,loud_emit_reject,emitProgram: narrowed union binding is not a local or global,NUL|1
c07116,E,vubox,1,loopvar,nenull,isarm,0,alias,correct,,aa|1
c07117,E,vubox,1,loopvar,nenull,isarm,1,alias,correct,,NUL|1
c07118,E,vubox,1,loopvar,eqnull_else,isarm,0,alias,correct,,aa|1
c07119,E,vubox,1,loopvar,eqnull_else,isarm,1,alias,correct,,NUL|1
c07120,E,vubox,1,loopvar,is_t,isarm,0,alias,correct,,aa|1
c07121,E,vubox,1,loopvar,is_t,isarm,1,alias,correct,,NUL|1
c07122,E,structunion,1,const_local,nenull,isarm,0,inline,loud_emit_reject,emitProgram: narrowed receiver names no union variant,1|1
c07123,E,structunion,1,const_local,nenull,isarm,1,inline,loud_emit_reject,emitProgram: narrowed receiver names no union variant,NUL|1
c07124,E,structunion,1,const_local,eqnull_else,isarm,0,inline,loud_emit_reject,emitProgram: narrowed receiver names no union variant,1|1
c07125,E,structunion,1,const_local,eqnull_else,isarm,1,inline,loud_emit_reject,emitProgram: narrowed receiver names no union variant,NUL|1
c07126,E,structunion,1,const_local,is_t,isarm,0,inline,loud_check_reject,[ERROR]: no field 'd' on {c: i32},1|1
c07127,E,structunion,1,const_local,is_t,isarm,1,inline,loud_check_reject,[ERROR]: no field 'd' on {c: i32},NUL|1
c07128,E,structunion,1,param,nenull,isarm,0,inline,loud_emit_reject,emitProgram: narrowed receiver names no union variant,1|1
c07129,E,structunion,1,param,nenull,isarm,1,inline,loud_emit_reject,emitProgram: narrowed receiver names no union variant,NUL|1
c07130,E,structunion,1,param,eqnull_else,isarm,0,inline,loud_emit_reject,emitProgram: narrowed receiver names no union variant,1|1
c07131,E,structunion,1,param,eqnull_else,isarm,1,inline,loud_emit_reject,emitProgram: narrowed receiver names no union variant,NUL|1
c07132,E,structunion,1,param,is_t,isarm,0,inline,loud_check_reject,[ERROR]: no field 'd' on {c: i32},1|1
c07133,E,structunion,1,param,is_t,isarm,1,inline,loud_check_reject,[ERROR]: no field 'd' on {c: i32},NUL|1
c07134,E,structunion,1,ret_ann,nenull,isarm,0,inline,loud_emit_reject,emitProgram: narrowed receiver names no union variant,1|1
c07135,E,structunion,1,ret_ann,nenull,isarm,1,inline,loud_emit_reject,emitProgram: narrowed receiver names no union variant,NUL|1
c07136,E,structunion,1,ret_ann,eqnull_else,isarm,0,inline,loud_emit_reject,emitProgram: narrowed receiver names no union variant,1|1
c07137,E,structunion,1,ret_ann,eqnull_else,isarm,1,inline,loud_emit_reject,emitProgram: narrowed receiver names no union variant,NUL|1
c07138,E,structunion,1,ret_ann,is_t,isarm,0,inline,loud_check_reject,[ERROR]: no field 'd' on {c: i32},1|1
c07139,E,structunion,1,ret_ann,is_t,isarm,1,inline,loud_check_reject,[ERROR]: no field 'd' on {c: i32},NUL|1
c07140,E,structunion,1,global,nenull,isarm,0,inline,loud_emit_reject,emitProgram: narrowed receiver names no union variant,1|1
c07141,E,structunion,1,global,nenull,isarm,1,inline,loud_emit_reject,emitProgram: narrowed receiver names no union variant,NUL|1
c07142,E,structunion,1,global,eqnull_else,isarm,0,inline,loud_emit_reject,emitProgram: narrowed receiver names no union variant,1|1
c07143,E,structunion,1,global,eqnull_else,isarm,1,inline,loud_emit_reject,emitProgram: narrowed receiver names no union variant,NUL|1
c07144,E,structunion,1,global,is_t,isarm,0,inline,loud_check_reject,[ERROR]: no field 'd' on {c: i32},1|1
c07145,E,structunion,1,global,is_t,isarm,1,inline,loud_check_reject,[ERROR]: no field 'd' on {c: i32},NUL|1
c07146,E,structunion,1,field,nenull,isarm,0,inline,loud_emit_reject,emitProgram: narrowed receiver names no union variant,1|1
c07147,E,structunion,1,field,nenull,isarm,1,inline,loud_emit_reject,emitProgram: narrowed receiver names no union variant,NUL|1
c07148,E,structunion,1,field,eqnull_else,isarm,0,inline,loud_emit_reject,emitProgram: narrowed receiver names no union variant,1|1
c07149,E,structunion,1,field,eqnull_else,isarm,1,inline,loud_emit_reject,emitProgram: narrowed receiver names no union variant,NUL|1
c07150,E,structunion,1,field,is_t,isarm,0,inline,loud_check_reject,[ERROR]: no field 'd' on {c: i32},1|1
c07151,E,structunion,1,field,is_t,isarm,1,inline,loud_check_reject,[ERROR]: no field 'd' on {c: i32},NUL|1
c07152,E,structunion,1,elem,nenull,isarm,0,inline,loud_emit_reject,emitProgram: narrowed receiver names no union variant,1|1
c07153,E,structunion,1,elem,nenull,isarm,1,inline,loud_emit_reject,emitProgram: narrowed receiver names no union variant,NUL|1
c07154,E,structunion,1,elem,eqnull_else,isarm,0,inline,loud_emit_reject,emitProgram: narrowed receiver names no union variant,1|1
c07155,E,structunion,1,elem,eqnull_else,isarm,1,inline,loud_emit_reject,emitProgram: narrowed receiver names no union variant,NUL|1
c07156,E,structunion,1,elem,is_t,isarm,0,inline,loud_check_reject,[ERROR]: no field 'd' on {c: i32},1|1
c07157,E,structunion,1,elem,is_t,isarm,1,inline,loud_check_reject,[ERROR]: no field 'd' on {c: i32},NUL|1
c07158,E,structunion,1,mapval,nenull,isarm,0,inline,loud_emit_reject,emitProgram: narrowed receiver names no union variant,1|1
c07159,E,structunion,1,mapval,nenull,isarm,1,inline,loud_emit_reject,emitProgram: narrowed receiver names no union variant,NUL|1
c07160,E,structunion,1,mapval,eqnull_else,isarm,0,inline,loud_emit_reject,emitProgram: narrowed receiver names no union variant,1|1
c07161,E,structunion,1,mapval,eqnull_else,isarm,1,inline,loud_emit_reject,emitProgram: narrowed receiver names no union variant,NUL|1
c07162,E,structunion,1,mapval,is_t,isarm,0,inline,loud_check_reject,[ERROR]: no field 'd' on {c: i32},1|1
c07163,E,structunion,1,mapval,is_t,isarm,1,inline,loud_check_reject,[ERROR]: no field 'd' on {c: i32},NUL|1
c07164,E,structunion,1,capture,nenull,isarm,0,inline,loud_emit_reject,emitProgram: narrowed receiver names no union variant,1|1
c07165,E,structunion,1,capture,nenull,isarm,1,inline,loud_emit_reject,emitProgram: narrowed receiver names no union variant,NUL|1
c07166,E,structunion,1,capture,eqnull_else,isarm,0,inline,loud_emit_reject,emitProgram: narrowed receiver names no union variant,1|1
c07167,E,structunion,1,capture,eqnull_else,isarm,1,inline,loud_emit_reject,emitProgram: narrowed receiver names no union variant,NUL|1
c07168,E,structunion,1,capture,is_t,isarm,0,inline,loud_check_reject,[ERROR]: no field 'd' on {c: i32},1|1
c07169,E,structunion,1,capture,is_t,isarm,1,inline,loud_check_reject,[ERROR]: no field 'd' on {c: i32},NUL|1
c07170,E,structunion,1,loopvar,nenull,isarm,0,inline,loud_emit_reject,emitProgram: narrowed receiver names no union variant,1|1
c07171,E,structunion,1,loopvar,nenull,isarm,1,inline,loud_emit_reject,emitProgram: narrowed receiver names no union variant,NUL|1
c07172,E,structunion,1,loopvar,eqnull_else,isarm,0,inline,loud_emit_reject,emitProgram: narrowed receiver names no union variant,1|1
c07173,E,structunion,1,loopvar,eqnull_else,isarm,1,inline,loud_emit_reject,emitProgram: narrowed receiver names no union variant,NUL|1
c07174,E,structunion,1,loopvar,is_t,isarm,0,inline,loud_check_reject,[ERROR]: no field 'd' on {c: i32},1|1
c07175,E,structunion,1,loopvar,is_t,isarm,1,inline,loud_check_reject,[ERROR]: no field 'd' on {c: i32},NUL|1
c07176,E,structunion,1,const_local,nenull,isarm,0,alias,loud_emit_reject,emitProgram: narrowed receiver names no union variant,1|1
c07177,E,structunion,1,const_local,nenull,isarm,1,alias,loud_emit_reject,emitProgram: narrowed receiver names no union variant,NUL|1
c07178,E,structunion,1,const_local,eqnull_else,isarm,0,alias,loud_emit_reject,emitProgram: narrowed receiver names no union variant,1|1
c07179,E,structunion,1,const_local,eqnull_else,isarm,1,alias,loud_emit_reject,emitProgram: narrowed receiver names no union variant,NUL|1
c07180,E,structunion,1,const_local,is_t,isarm,0,alias,loud_check_reject,[ERROR]: no field 'd' on {c: i32},1|1
c07181,E,structunion,1,const_local,is_t,isarm,1,alias,loud_check_reject,[ERROR]: no field 'd' on {c: i32},NUL|1
c07182,E,structunion,1,param,nenull,isarm,0,alias,loud_emit_reject,emitProgram: narrowed receiver names no union variant,1|1
c07183,E,structunion,1,param,nenull,isarm,1,alias,loud_emit_reject,emitProgram: narrowed receiver names no union variant,NUL|1
c07184,E,structunion,1,param,eqnull_else,isarm,0,alias,loud_emit_reject,emitProgram: narrowed receiver names no union variant,1|1
c07185,E,structunion,1,param,eqnull_else,isarm,1,alias,loud_emit_reject,emitProgram: narrowed receiver names no union variant,NUL|1
c07186,E,structunion,1,param,is_t,isarm,0,alias,loud_check_reject,[ERROR]: no field 'd' on {c: i32},1|1
c07187,E,structunion,1,param,is_t,isarm,1,alias,loud_check_reject,[ERROR]: no field 'd' on {c: i32},NUL|1
c07188,E,structunion,1,ret_ann,nenull,isarm,0,alias,loud_emit_reject,emitProgram: narrowed receiver names no union variant,1|1
c07189,E,structunion,1,ret_ann,nenull,isarm,1,alias,loud_emit_reject,emitProgram: narrowed receiver names no union variant,NUL|1
c07190,E,structunion,1,ret_ann,eqnull_else,isarm,0,alias,loud_emit_reject,emitProgram: narrowed receiver names no union variant,1|1
c07191,E,structunion,1,ret_ann,eqnull_else,isarm,1,alias,loud_emit_reject,emitProgram: narrowed receiver names no union variant,NUL|1
c07192,E,structunion,1,ret_ann,is_t,isarm,0,alias,loud_check_reject,[ERROR]: no field 'd' on {c: i32},1|1
c07193,E,structunion,1,ret_ann,is_t,isarm,1,alias,loud_check_reject,[ERROR]: no field 'd' on {c: i32},NUL|1
c07194,E,structunion,1,global,nenull,isarm,0,alias,loud_emit_reject,emitProgram: narrowed receiver names no union variant,1|1
c07195,E,structunion,1,global,nenull,isarm,1,alias,loud_emit_reject,emitProgram: narrowed receiver names no union variant,NUL|1
c07196,E,structunion,1,global,eqnull_else,isarm,0,alias,loud_emit_reject,emitProgram: narrowed receiver names no union variant,1|1
c07197,E,structunion,1,global,eqnull_else,isarm,1,alias,loud_emit_reject,emitProgram: narrowed receiver names no union variant,NUL|1
c07198,E,structunion,1,global,is_t,isarm,0,alias,loud_check_reject,[ERROR]: no field 'd' on {c: i32},1|1
c07199,E,structunion,1,global,is_t,isarm,1,alias,loud_check_reject,[ERROR]: no field 'd' on {c: i32},NUL|1
c07200,E,structunion,1,field,nenull,isarm,0,alias,loud_check_reject,[ERROR]: cannot assign {f: {c: i32} | {d: i32}?} to 'w' of type {f: {c: i32} | {d: i32}?},1|1
c07201,E,structunion,1,field,nenull,isarm,1,alias,loud_check_reject,[ERROR]: cannot assign {f: {c: i32} | {d: i32}?} to 'w' of type {f: {c: i32} | {d: i32}?},NUL|1
c07202,E,structunion,1,field,eqnull_else,isarm,0,alias,loud_check_reject,[ERROR]: cannot assign {f: {c: i32} | {d: i32}?} to 'w' of type {f: {c: i32} | {d: i32}?},1|1
c07203,E,structunion,1,field,eqnull_else,isarm,1,alias,loud_check_reject,[ERROR]: cannot assign {f: {c: i32} | {d: i32}?} to 'w' of type {f: {c: i32} | {d: i32}?},NUL|1
c07204,E,structunion,1,field,is_t,isarm,0,alias,loud_check_reject,[ERROR]: cannot assign {f: {c: i32} | {d: i32}?} to 'w' of type {f: {c: i32} | {d: i32}?},1|1
c07205,E,structunion,1,field,is_t,isarm,1,alias,loud_check_reject,[ERROR]: cannot assign {f: {c: i32} | {d: i32}?} to 'w' of type {f: {c: i32} | {d: i32}?},NUL|1
c07206,E,structunion,1,elem,nenull,isarm,0,alias,loud_emit_reject,emitProgram: narrowed receiver names no union variant,1|1
c07207,E,structunion,1,elem,nenull,isarm,1,alias,loud_emit_reject,emitProgram: narrowed receiver names no union variant,NUL|1
c07208,E,structunion,1,elem,eqnull_else,isarm,0,alias,loud_emit_reject,emitProgram: narrowed receiver names no union variant,1|1
c07209,E,structunion,1,elem,eqnull_else,isarm,1,alias,loud_emit_reject,emitProgram: narrowed receiver names no union variant,NUL|1
c07210,E,structunion,1,elem,is_t,isarm,0,alias,loud_check_reject,[ERROR]: no field 'd' on {c: i32},1|1
c07211,E,structunion,1,elem,is_t,isarm,1,alias,loud_check_reject,[ERROR]: no field 'd' on {c: i32},NUL|1
c07212,E,structunion,1,mapval,nenull,isarm,0,alias,loud_emit_reject,emitProgram: narrowed receiver names no union variant,1|1
c07213,E,structunion,1,mapval,nenull,isarm,1,alias,loud_emit_reject,emitProgram: narrowed receiver names no union variant,NUL|1
c07214,E,structunion,1,mapval,eqnull_else,isarm,0,alias,loud_emit_reject,emitProgram: narrowed receiver names no union variant,1|1
c07215,E,structunion,1,mapval,eqnull_else,isarm,1,alias,loud_emit_reject,emitProgram: narrowed receiver names no union variant,NUL|1
c07216,E,structunion,1,mapval,is_t,isarm,0,alias,loud_check_reject,[ERROR]: no field 'd' on {c: i32},1|1
c07217,E,structunion,1,mapval,is_t,isarm,1,alias,loud_check_reject,[ERROR]: no field 'd' on {c: i32},NUL|1
c07218,E,structunion,1,capture,nenull,isarm,0,alias,loud_emit_reject,emitProgram: narrowed receiver names no union variant,1|1
c07219,E,structunion,1,capture,nenull,isarm,1,alias,loud_emit_reject,emitProgram: narrowed receiver names no union variant,NUL|1
c07220,E,structunion,1,capture,eqnull_else,isarm,0,alias,loud_emit_reject,emitProgram: narrowed receiver names no union variant,1|1
c07221,E,structunion,1,capture,eqnull_else,isarm,1,alias,loud_emit_reject,emitProgram: narrowed receiver names no union variant,NUL|1
c07222,E,structunion,1,capture,is_t,isarm,0,alias,loud_check_reject,[ERROR]: no field 'd' on {c: i32},1|1
c07223,E,structunion,1,capture,is_t,isarm,1,alias,loud_check_reject,[ERROR]: no field 'd' on {c: i32},NUL|1
c07224,E,structunion,1,loopvar,nenull,isarm,0,alias,loud_emit_reject,emitProgram: narrowed receiver names no union variant,1|1
c07225,E,structunion,1,loopvar,nenull,isarm,1,alias,loud_emit_reject,emitProgram: narrowed receiver names no union variant,NUL|1
c07226,E,structunion,1,loopvar,eqnull_else,isarm,0,alias,loud_emit_reject,emitProgram: narrowed receiver names no union variant,1|1
c07227,E,structunion,1,loopvar,eqnull_else,isarm,1,alias,loud_emit_reject,emitProgram: narrowed receiver names no union variant,NUL|1
c07228,E,structunion,1,loopvar,is_t,isarm,0,alias,loud_check_reject,[ERROR]: no field 'd' on {c: i32},1|1
c07229,E,structunion,1,loopvar,is_t,isarm,1,alias,loud_check_reject,[ERROR]: no field 'd' on {c: i32},NUL|1
c07230,E,struct,1,const_local,nenull,field,0,inline,correct,,5|1
c07231,E,struct,1,const_local,nenull,field,1,inline,correct,,NUL|1
c07232,E,struct,1,const_local,eqnull_else,field,0,inline,correct,,5|1
c07233,E,struct,1,const_local,eqnull_else,field,1,inline,correct,,NUL|1
c07234,E,struct,1,const_local,is_t,field,0,inline,correct,,5|1
c07235,E,struct,1,const_local,is_t,field,1,inline,correct,,NUL|1
c07236,E,struct,1,param,nenull,field,0,inline,correct,,5|1
c07237,E,struct,1,param,nenull,field,1,inline,correct,,NUL|1
c07238,E,struct,1,param,eqnull_else,field,0,inline,correct,,5|1
c07239,E,struct,1,param,eqnull_else,field,1,inline,correct,,NUL|1
c07240,E,struct,1,param,is_t,field,0,inline,correct,,5|1
c07241,E,struct,1,param,is_t,field,1,inline,correct,,NUL|1
c07242,E,struct,1,ret_ann,nenull,field,0,inline,correct,,5|1
c07243,E,struct,1,ret_ann,nenull,field,1,inline,correct,,NUL|1
c07244,E,struct,1,ret_ann,eqnull_else,field,0,inline,correct,,5|1
c07245,E,struct,1,ret_ann,eqnull_else,field,1,inline,correct,,NUL|1
c07246,E,struct,1,ret_ann,is_t,field,0,inline,correct,,5|1
c07247,E,struct,1,ret_ann,is_t,field,1,inline,correct,,NUL|1
c07248,E,struct,1,global,nenull,field,0,inline,correct,,5|1
c07249,E,struct,1,global,nenull,field,1,inline,correct,,NUL|1
c07250,E,struct,1,global,eqnull_else,field,0,inline,correct,,5|1
c07251,E,struct,1,global,eqnull_else,field,1,inline,correct,,NUL|1
c07252,E,struct,1,global,is_t,field,0,inline,correct,,5|1
c07253,E,struct,1,global,is_t,field,1,inline,correct,,NUL|1
c07254,E,struct,1,field,nenull,field,0,inline,correct,,5|1
c07255,E,struct,1,field,nenull,field,1,inline,correct,,NUL|1
c07256,E,struct,1,field,eqnull_else,field,0,inline,correct,,5|1
c07257,E,struct,1,field,eqnull_else,field,1,inline,correct,,NUL|1
c07258,E,struct,1,field,is_t,field,0,inline,correct,,5|1
c07259,E,struct,1,field,is_t,field,1,inline,correct,,NUL|1
c07260,E,struct,1,elem,nenull,field,0,inline,correct,,5|1
c07261,E,struct,1,elem,nenull,field,1,inline,correct,,NUL|1
c07262,E,struct,1,elem,eqnull_else,field,0,inline,correct,,5|1
c07263,E,struct,1,elem,eqnull_else,field,1,inline,correct,,NUL|1
c07264,E,struct,1,elem,is_t,field,0,inline,correct,,5|1
c07265,E,struct,1,elem,is_t,field,1,inline,correct,,NUL|1
c07266,E,struct,1,mapval,nenull,field,0,inline,correct,,5|1
c07267,E,struct,1,mapval,nenull,field,1,inline,correct,,NUL|1
c07268,E,struct,1,mapval,eqnull_else,field,0,inline,correct,,5|1
c07269,E,struct,1,mapval,eqnull_else,field,1,inline,correct,,NUL|1
c07270,E,struct,1,mapval,is_t,field,0,inline,correct,,5|1
c07271,E,struct,1,mapval,is_t,field,1,inline,correct,,NUL|1
c07272,E,struct,1,capture,nenull,field,0,inline,correct,,5|1
c07273,E,struct,1,capture,nenull,field,1,inline,correct,,NUL|1
c07274,E,struct,1,capture,eqnull_else,field,0,inline,correct,,5|1
c07275,E,struct,1,capture,eqnull_else,field,1,inline,correct,,NUL|1
c07276,E,struct,1,capture,is_t,field,0,inline,correct,,5|1
c07277,E,struct,1,capture,is_t,field,1,inline,correct,,NUL|1
c07278,E,struct,1,loopvar,nenull,field,0,inline,correct,,5|1
c07279,E,struct,1,loopvar,nenull,field,1,inline,correct,,NUL|1
c07280,E,struct,1,loopvar,eqnull_else,field,0,inline,correct,,5|1
c07281,E,struct,1,loopvar,eqnull_else,field,1,inline,correct,,NUL|1
c07282,E,struct,1,loopvar,is_t,field,0,inline,correct,,5|1
c07283,E,struct,1,loopvar,is_t,field,1,inline,correct,,NUL|1
c07284,E,struct,1,const_local,nenull,field,0,alias,correct,,5|1
c07285,E,struct,1,const_local,nenull,field,1,alias,correct,,NUL|1
c07286,E,struct,1,const_local,eqnull_else,field,0,alias,correct,,5|1
c07287,E,struct,1,const_local,eqnull_else,field,1,alias,correct,,NUL|1
c07288,E,struct,1,const_local,is_t,field,0,alias,correct,,5|1
c07289,E,struct,1,const_local,is_t,field,1,alias,correct,,NUL|1
c07290,E,struct,1,param,nenull,field,0,alias,correct,,5|1
c07291,E,struct,1,param,nenull,field,1,alias,correct,,NUL|1
c07292,E,struct,1,param,eqnull_else,field,0,alias,correct,,5|1
c07293,E,struct,1,param,eqnull_else,field,1,alias,correct,,NUL|1
c07294,E,struct,1,param,is_t,field,0,alias,correct,,5|1
c07295,E,struct,1,param,is_t,field,1,alias,correct,,NUL|1
c07296,E,struct,1,ret_ann,nenull,field,0,alias,correct,,5|1
c07297,E,struct,1,ret_ann,nenull,field,1,alias,correct,,NUL|1
c07298,E,struct,1,ret_ann,eqnull_else,field,0,alias,correct,,5|1
c07299,E,struct,1,ret_ann,eqnull_else,field,1,alias,correct,,NUL|1
c07300,E,struct,1,ret_ann,is_t,field,0,alias,correct,,5|1
c07301,E,struct,1,ret_ann,is_t,field,1,alias,correct,,NUL|1
c07302,E,struct,1,global,nenull,field,0,alias,correct,,5|1
c07303,E,struct,1,global,nenull,field,1,alias,correct,,NUL|1
c07304,E,struct,1,global,eqnull_else,field,0,alias,correct,,5|1
c07305,E,struct,1,global,eqnull_else,field,1,alias,correct,,NUL|1
c07306,E,struct,1,global,is_t,field,0,alias,correct,,5|1
c07307,E,struct,1,global,is_t,field,1,alias,correct,,NUL|1
c07308,E,struct,1,field,nenull,field,0,alias,loud_check_reject,[ERROR]: cannot assign {f: {w: i32}?} to 'w' of type {f: {w: i32}?},5|1
c07309,E,struct,1,field,nenull,field,1,alias,loud_check_reject,[ERROR]: cannot assign {f: {w: i32}?} to 'w' of type {f: {w: i32}?},NUL|1
c07310,E,struct,1,field,eqnull_else,field,0,alias,loud_check_reject,[ERROR]: cannot assign {f: {w: i32}?} to 'w' of type {f: {w: i32}?},5|1
c07311,E,struct,1,field,eqnull_else,field,1,alias,loud_check_reject,[ERROR]: cannot assign {f: {w: i32}?} to 'w' of type {f: {w: i32}?},NUL|1
c07312,E,struct,1,field,is_t,field,0,alias,loud_check_reject,[ERROR]: cannot assign {f: {w: i32}?} to 'w' of type {f: {w: i32}?},5|1
c07313,E,struct,1,field,is_t,field,1,alias,loud_check_reject,[ERROR]: cannot assign {f: {w: i32}?} to 'w' of type {f: {w: i32}?},NUL|1
c07314,E,struct,1,elem,nenull,field,0,alias,loud_emit_reject,emitProgram: a nullable-{w:i32} list element has no rep; use a non-null element type,5|1
c07315,E,struct,1,elem,nenull,field,1,alias,loud_emit_reject,emitProgram: a nullable-{w:i32} list element has no rep; use a non-null element type,NUL|1
c07316,E,struct,1,elem,eqnull_else,field,0,alias,loud_emit_reject,emitProgram: a nullable-{w:i32} list element has no rep; use a non-null element type,5|1
c07317,E,struct,1,elem,eqnull_else,field,1,alias,loud_emit_reject,emitProgram: a nullable-{w:i32} list element has no rep; use a non-null element type,NUL|1
c07318,E,struct,1,elem,is_t,field,0,alias,loud_emit_reject,emitProgram: a nullable-{w:i32} list element has no rep; use a non-null element type,5|1
c07319,E,struct,1,elem,is_t,field,1,alias,loud_emit_reject,emitProgram: a nullable-{w:i32} list element has no rep; use a non-null element type,NUL|1
c07320,E,struct,1,mapval,nenull,field,0,alias,correct,,5|1
c07321,E,struct,1,mapval,nenull,field,1,alias,correct,,NUL|1
c07322,E,struct,1,mapval,eqnull_else,field,0,alias,correct,,5|1
c07323,E,struct,1,mapval,eqnull_else,field,1,alias,correct,,NUL|1
c07324,E,struct,1,mapval,is_t,field,0,alias,correct,,5|1
c07325,E,struct,1,mapval,is_t,field,1,alias,correct,,NUL|1
c07326,E,struct,1,capture,nenull,field,0,alias,correct,,5|1
c07327,E,struct,1,capture,nenull,field,1,alias,correct,,NUL|1
c07328,E,struct,1,capture,eqnull_else,field,0,alias,correct,,5|1
c07329,E,struct,1,capture,eqnull_else,field,1,alias,correct,,NUL|1
c07330,E,struct,1,capture,is_t,field,0,alias,correct,,5|1
c07331,E,struct,1,capture,is_t,field,1,alias,correct,,NUL|1
c07332,E,struct,1,loopvar,nenull,field,0,alias,loud_emit_reject,emitProgram: a nullable-{w:i32} list element has no rep; use a non-null element type,5|1
c07333,E,struct,1,loopvar,nenull,field,1,alias,loud_emit_reject,emitProgram: a nullable-{w:i32} list element has no rep; use a non-null element type,NUL|1
c07334,E,struct,1,loopvar,eqnull_else,field,0,alias,loud_emit_reject,emitProgram: a nullable-{w:i32} list element has no rep; use a non-null element type,5|1
c07335,E,struct,1,loopvar,eqnull_else,field,1,alias,loud_emit_reject,emitProgram: a nullable-{w:i32} list element has no rep; use a non-null element type,NUL|1
c07336,E,struct,1,loopvar,is_t,field,0,alias,loud_emit_reject,emitProgram: a nullable-{w:i32} list element has no rep; use a non-null element type,5|1
c07337,E,struct,1,loopvar,is_t,field,1,alias,loud_emit_reject,emitProgram: a nullable-{w:i32} list element has no rep; use a non-null element type,NUL|1
c07338,E,list_i32,1,const_local,nenull,len,0,inline,correct,,2|1
c07339,E,list_i32,1,const_local,nenull,len,1,inline,correct,,NUL|1
c07340,E,list_i32,1,const_local,eqnull_else,len,0,inline,correct,,2|1
c07341,E,list_i32,1,const_local,eqnull_else,len,1,inline,correct,,NUL|1
c07342,E,list_i32,1,const_local,is_t,len,0,inline,correct,,2|1
c07343,E,list_i32,1,const_local,is_t,len,1,inline,correct,,NUL|1
c07344,E,list_i32,1,param,nenull,len,0,inline,correct,,2|1
c07345,E,list_i32,1,param,nenull,len,1,inline,correct,,NUL|1
c07346,E,list_i32,1,param,eqnull_else,len,0,inline,correct,,2|1
c07347,E,list_i32,1,param,eqnull_else,len,1,inline,correct,,NUL|1
c07348,E,list_i32,1,param,is_t,len,0,inline,correct,,2|1
c07349,E,list_i32,1,param,is_t,len,1,inline,correct,,NUL|1
c07350,E,list_i32,1,ret_ann,nenull,len,0,inline,correct,,2|1
c07351,E,list_i32,1,ret_ann,nenull,len,1,inline,correct,,NUL|1
c07352,E,list_i32,1,ret_ann,eqnull_else,len,0,inline,correct,,2|1
c07353,E,list_i32,1,ret_ann,eqnull_else,len,1,inline,correct,,NUL|1
c07354,E,list_i32,1,ret_ann,is_t,len,0,inline,correct,,2|1
c07355,E,list_i32,1,ret_ann,is_t,len,1,inline,correct,,NUL|1
c07356,E,list_i32,1,global,nenull,len,0,inline,correct,,2|1
c07357,E,list_i32,1,global,nenull,len,1,inline,correct,,NUL|1
c07358,E,list_i32,1,global,eqnull_else,len,0,inline,correct,,2|1
c07359,E,list_i32,1,global,eqnull_else,len,1,inline,correct,,NUL|1
c07360,E,list_i32,1,global,is_t,len,0,inline,correct,,2|1
c07361,E,list_i32,1,global,is_t,len,1,inline,correct,,NUL|1
c07362,E,list_i32,1,field,nenull,len,0,inline,correct,,2|1
c07363,E,list_i32,1,field,nenull,len,1,inline,correct,,NUL|1
c07364,E,list_i32,1,field,eqnull_else,len,0,inline,correct,,2|1
c07365,E,list_i32,1,field,eqnull_else,len,1,inline,correct,,NUL|1
c07366,E,list_i32,1,field,is_t,len,0,inline,correct,,2|1
c07367,E,list_i32,1,field,is_t,len,1,inline,correct,,NUL|1
c07368,E,list_i32,1,elem,nenull,len,0,inline,correct,,2|1
c07369,E,list_i32,1,elem,nenull,len,1,inline,correct,,NUL|1
c07370,E,list_i32,1,elem,eqnull_else,len,0,inline,correct,,2|1
c07371,E,list_i32,1,elem,eqnull_else,len,1,inline,correct,,NUL|1
c07372,E,list_i32,1,elem,is_t,len,0,inline,correct,,2|1
c07373,E,list_i32,1,elem,is_t,len,1,inline,correct,,NUL|1
c07374,E,list_i32,1,mapval,nenull,len,0,inline,loud_emit_reject,"emitProgram: unsupported map value type (no rep for a union-member struct, a nullable list, or a nullable litunion-result closure; any other value type here interned no mv slot)",2|1
c07375,E,list_i32,1,mapval,nenull,len,1,inline,loud_emit_reject,"emitProgram: unsupported map value type (no rep for a union-member struct, a nullable list, or a nullable litunion-result closure; any other value type here interned no mv slot)",NUL|1
c07376,E,list_i32,1,mapval,eqnull_else,len,0,inline,loud_emit_reject,"emitProgram: unsupported map value type (no rep for a union-member struct, a nullable list, or a nullable litunion-result closure; any other value type here interned no mv slot)",2|1
c07377,E,list_i32,1,mapval,eqnull_else,len,1,inline,loud_emit_reject,"emitProgram: unsupported map value type (no rep for a union-member struct, a nullable list, or a nullable litunion-result closure; any other value type here interned no mv slot)",NUL|1
c07378,E,list_i32,1,mapval,is_t,len,0,inline,loud_emit_reject,"emitProgram: unsupported map value type (no rep for a union-member struct, a nullable list, or a nullable litunion-result closure; any other value type here interned no mv slot)",2|1
c07379,E,list_i32,1,mapval,is_t,len,1,inline,loud_emit_reject,"emitProgram: unsupported map value type (no rep for a union-member struct, a nullable list, or a nullable litunion-result closure; any other value type here interned no mv slot)",NUL|1
c07380,E,list_i32,1,capture,nenull,len,0,inline,correct,,2|1
c07381,E,list_i32,1,capture,nenull,len,1,inline,correct,,NUL|1
c07382,E,list_i32,1,capture,eqnull_else,len,0,inline,correct,,2|1
c07383,E,list_i32,1,capture,eqnull_else,len,1,inline,correct,,NUL|1
c07384,E,list_i32,1,capture,is_t,len,0,inline,correct,,2|1
c07385,E,list_i32,1,capture,is_t,len,1,inline,correct,,NUL|1
c07386,E,list_i32,1,loopvar,nenull,len,0,inline,correct,,2|1
c07387,E,list_i32,1,loopvar,nenull,len,1,inline,correct,,NUL|1
c07388,E,list_i32,1,loopvar,eqnull_else,len,0,inline,correct,,2|1
c07389,E,list_i32,1,loopvar,eqnull_else,len,1,inline,correct,,NUL|1
c07390,E,list_i32,1,loopvar,is_t,len,0,inline,correct,,2|1
c07391,E,list_i32,1,loopvar,is_t,len,1,inline,correct,,NUL|1
c07392,E,list_i32,1,const_local,nenull,len,0,alias,correct,,2|1
c07393,E,list_i32,1,const_local,nenull,len,1,alias,correct,,NUL|1
c07394,E,list_i32,1,const_local,eqnull_else,len,0,alias,correct,,2|1
c07395,E,list_i32,1,const_local,eqnull_else,len,1,alias,correct,,NUL|1
c07396,E,list_i32,1,const_local,is_t,len,0,alias,correct,,2|1
c07397,E,list_i32,1,const_local,is_t,len,1,alias,correct,,NUL|1
c07398,E,list_i32,1,param,nenull,len,0,alias,correct,,2|1
c07399,E,list_i32,1,param,nenull,len,1,alias,correct,,NUL|1
c07400,E,list_i32,1,param,eqnull_else,len,0,alias,correct,,2|1
c07401,E,list_i32,1,param,eqnull_else,len,1,alias,correct,,NUL|1
c07402,E,list_i32,1,param,is_t,len,0,alias,correct,,2|1
c07403,E,list_i32,1,param,is_t,len,1,alias,correct,,NUL|1
c07404,E,list_i32,1,ret_ann,nenull,len,0,alias,correct,,2|1
c07405,E,list_i32,1,ret_ann,nenull,len,1,alias,correct,,NUL|1
c07406,E,list_i32,1,ret_ann,eqnull_else,len,0,alias,correct,,2|1
c07407,E,list_i32,1,ret_ann,eqnull_else,len,1,alias,correct,,NUL|1
c07408,E,list_i32,1,ret_ann,is_t,len,0,alias,correct,,2|1
c07409,E,list_i32,1,ret_ann,is_t,len,1,alias,correct,,NUL|1
c07410,E,list_i32,1,global,nenull,len,0,alias,correct,,2|1
c07411,E,list_i32,1,global,nenull,len,1,alias,correct,,NUL|1
c07412,E,list_i32,1,global,eqnull_else,len,0,alias,correct,,2|1
c07413,E,list_i32,1,global,eqnull_else,len,1,alias,correct,,NUL|1
c07414,E,list_i32,1,global,is_t,len,0,alias,correct,,2|1
c07415,E,list_i32,1,global,is_t,len,1,alias,correct,,NUL|1
c07416,E,list_i32,1,field,nenull,len,0,alias,loud_check_reject,[ERROR]: cannot assign {f: i32[]?} to 'w' of type {f: i32[]?},2|1
c07417,E,list_i32,1,field,nenull,len,1,alias,loud_check_reject,[ERROR]: cannot assign {f: i32[]?} to 'w' of type {f: i32[]?},NUL|1
c07418,E,list_i32,1,field,eqnull_else,len,0,alias,loud_check_reject,[ERROR]: cannot assign {f: i32[]?} to 'w' of type {f: i32[]?},2|1
c07419,E,list_i32,1,field,eqnull_else,len,1,alias,loud_check_reject,[ERROR]: cannot assign {f: i32[]?} to 'w' of type {f: i32[]?},NUL|1
c07420,E,list_i32,1,field,is_t,len,0,alias,loud_check_reject,[ERROR]: cannot assign {f: i32[]?} to 'w' of type {f: i32[]?},2|1
c07421,E,list_i32,1,field,is_t,len,1,alias,loud_check_reject,[ERROR]: cannot assign {f: i32[]?} to 'w' of type {f: i32[]?},NUL|1
c07422,E,list_i32,1,elem,nenull,len,0,alias,correct,,2|1
c07423,E,list_i32,1,elem,nenull,len,1,alias,correct,,NUL|1
c07424,E,list_i32,1,elem,eqnull_else,len,0,alias,correct,,2|1
c07425,E,list_i32,1,elem,eqnull_else,len,1,alias,correct,,NUL|1
c07426,E,list_i32,1,elem,is_t,len,0,alias,correct,,2|1
c07427,E,list_i32,1,elem,is_t,len,1,alias,correct,,NUL|1
c07428,E,list_i32,1,mapval,nenull,len,0,alias,loud_emit_reject,"emitProgram: unsupported map value type (no rep for a union-member struct, a nullable list, or a nullable litunion-result closure; any other value type here interned no mv slot)",2|1
c07429,E,list_i32,1,mapval,nenull,len,1,alias,loud_emit_reject,"emitProgram: unsupported map value type (no rep for a union-member struct, a nullable list, or a nullable litunion-result closure; any other value type here interned no mv slot)",NUL|1
c07430,E,list_i32,1,mapval,eqnull_else,len,0,alias,loud_emit_reject,"emitProgram: unsupported map value type (no rep for a union-member struct, a nullable list, or a nullable litunion-result closure; any other value type here interned no mv slot)",2|1
c07431,E,list_i32,1,mapval,eqnull_else,len,1,alias,loud_emit_reject,"emitProgram: unsupported map value type (no rep for a union-member struct, a nullable list, or a nullable litunion-result closure; any other value type here interned no mv slot)",NUL|1
c07432,E,list_i32,1,mapval,is_t,len,0,alias,loud_emit_reject,"emitProgram: unsupported map value type (no rep for a union-member struct, a nullable list, or a nullable litunion-result closure; any other value type here interned no mv slot)",2|1
c07433,E,list_i32,1,mapval,is_t,len,1,alias,loud_emit_reject,"emitProgram: unsupported map value type (no rep for a union-member struct, a nullable list, or a nullable litunion-result closure; any other value type here interned no mv slot)",NUL|1
c07434,E,list_i32,1,capture,nenull,len,0,alias,correct,,2|1
c07435,E,list_i32,1,capture,nenull,len,1,alias,correct,,NUL|1
c07436,E,list_i32,1,capture,eqnull_else,len,0,alias,correct,,2|1
c07437,E,list_i32,1,capture,eqnull_else,len,1,alias,correct,,NUL|1
c07438,E,list_i32,1,capture,is_t,len,0,alias,correct,,2|1
c07439,E,list_i32,1,capture,is_t,len,1,alias,correct,,NUL|1
c07440,E,list_i32,1,loopvar,nenull,len,0,alias,correct,,2|1
c07441,E,list_i32,1,loopvar,nenull,len,1,alias,correct,,NUL|1
c07442,E,list_i32,1,loopvar,eqnull_else,len,0,alias,correct,,2|1
c07443,E,list_i32,1,loopvar,eqnull_else,len,1,alias,correct,,NUL|1
c07444,E,list_i32,1,loopvar,is_t,len,0,alias,correct,,2|1
c07445,E,list_i32,1,loopvar,is_t,len,1,alias,correct,,NUL|1
c07446,E,list_str,1,const_local,nenull,len,0,inline,correct,,2|1
c07447,E,list_str,1,const_local,nenull,len,1,inline,correct,,NUL|1
c07448,E,list_str,1,const_local,eqnull_else,len,0,inline,correct,,2|1
c07449,E,list_str,1,const_local,eqnull_else,len,1,inline,correct,,NUL|1
c07450,E,list_str,1,const_local,is_t,len,0,inline,correct,,2|1
c07451,E,list_str,1,const_local,is_t,len,1,inline,correct,,NUL|1
c07452,E,list_str,1,param,nenull,len,0,inline,correct,,2|1
c07453,E,list_str,1,param,nenull,len,1,inline,correct,,NUL|1
c07454,E,list_str,1,param,eqnull_else,len,0,inline,correct,,2|1
c07455,E,list_str,1,param,eqnull_else,len,1,inline,correct,,NUL|1
c07456,E,list_str,1,param,is_t,len,0,inline,correct,,2|1
c07457,E,list_str,1,param,is_t,len,1,inline,correct,,NUL|1
c07458,E,list_str,1,ret_ann,nenull,len,0,inline,correct,,2|1
c07459,E,list_str,1,ret_ann,nenull,len,1,inline,correct,,NUL|1
c07460,E,list_str,1,ret_ann,eqnull_else,len,0,inline,correct,,2|1
c07461,E,list_str,1,ret_ann,eqnull_else,len,1,inline,correct,,NUL|1
c07462,E,list_str,1,ret_ann,is_t,len,0,inline,correct,,2|1
c07463,E,list_str,1,ret_ann,is_t,len,1,inline,correct,,NUL|1
c07464,E,list_str,1,global,nenull,len,0,inline,correct,,2|1
c07465,E,list_str,1,global,nenull,len,1,inline,correct,,NUL|1
c07466,E,list_str,1,global,eqnull_else,len,0,inline,correct,,2|1
c07467,E,list_str,1,global,eqnull_else,len,1,inline,correct,,NUL|1
c07468,E,list_str,1,global,is_t,len,0,inline,correct,,2|1
c07469,E,list_str,1,global,is_t,len,1,inline,correct,,NUL|1
c07470,E,list_str,1,field,nenull,len,0,inline,correct,,2|1
c07471,E,list_str,1,field,nenull,len,1,inline,correct,,NUL|1
c07472,E,list_str,1,field,eqnull_else,len,0,inline,correct,,2|1
c07473,E,list_str,1,field,eqnull_else,len,1,inline,correct,,NUL|1
c07474,E,list_str,1,field,is_t,len,0,inline,correct,,2|1
c07475,E,list_str,1,field,is_t,len,1,inline,correct,,NUL|1
c07476,E,list_str,1,elem,nenull,len,0,inline,correct,,2|1
c07477,E,list_str,1,elem,nenull,len,1,inline,correct,,NUL|1
c07478,E,list_str,1,elem,eqnull_else,len,0,inline,correct,,2|1
c07479,E,list_str,1,elem,eqnull_else,len,1,inline,correct,,NUL|1
c07480,E,list_str,1,elem,is_t,len,0,inline,correct,,2|1
c07481,E,list_str,1,elem,is_t,len,1,inline,correct,,NUL|1
c07482,E,list_str,1,mapval,nenull,len,0,inline,loud_emit_reject,"emitProgram: unsupported map value type (no rep for a union-member struct, a nullable list, or a nullable litunion-result closure; any other value type here interned no mv slot)",2|1
c07483,E,list_str,1,mapval,nenull,len,1,inline,loud_emit_reject,"emitProgram: unsupported map value type (no rep for a union-member struct, a nullable list, or a nullable litunion-result closure; any other value type here interned no mv slot)",NUL|1
c07484,E,list_str,1,mapval,eqnull_else,len,0,inline,loud_emit_reject,"emitProgram: unsupported map value type (no rep for a union-member struct, a nullable list, or a nullable litunion-result closure; any other value type here interned no mv slot)",2|1
c07485,E,list_str,1,mapval,eqnull_else,len,1,inline,loud_emit_reject,"emitProgram: unsupported map value type (no rep for a union-member struct, a nullable list, or a nullable litunion-result closure; any other value type here interned no mv slot)",NUL|1
c07486,E,list_str,1,mapval,is_t,len,0,inline,loud_emit_reject,"emitProgram: unsupported map value type (no rep for a union-member struct, a nullable list, or a nullable litunion-result closure; any other value type here interned no mv slot)",2|1
c07487,E,list_str,1,mapval,is_t,len,1,inline,loud_emit_reject,"emitProgram: unsupported map value type (no rep for a union-member struct, a nullable list, or a nullable litunion-result closure; any other value type here interned no mv slot)",NUL|1
c07488,E,list_str,1,capture,nenull,len,0,inline,loud_emit_reject,emitProgram: bare null needs a struct-typed context,2|1
c07489,E,list_str,1,capture,nenull,len,1,inline,loud_emit_reject,emitProgram: bare null needs a struct-typed context,NUL|1
c07490,E,list_str,1,capture,eqnull_else,len,0,inline,loud_emit_reject,emitProgram: bare null needs a struct-typed context,2|1
c07491,E,list_str,1,capture,eqnull_else,len,1,inline,loud_emit_reject,emitProgram: bare null needs a struct-typed context,NUL|1
c07492,E,list_str,1,capture,is_t,len,0,inline,loud_emit_reject,emitProgram: `is` test but no union type declared,2|1
c07493,E,list_str,1,capture,is_t,len,1,inline,loud_emit_reject,emitProgram: `is` test but no union type declared,NUL|1
c07494,E,list_str,1,loopvar,nenull,len,0,inline,loud_emit_reject,emitProgram: bare null needs a struct-typed context,2|1
c07495,E,list_str,1,loopvar,nenull,len,1,inline,loud_emit_reject,emitProgram: bare null needs a struct-typed context,NUL|1
c07496,E,list_str,1,loopvar,eqnull_else,len,0,inline,loud_emit_reject,emitProgram: bare null needs a struct-typed context,2|1
c07497,E,list_str,1,loopvar,eqnull_else,len,1,inline,loud_emit_reject,emitProgram: bare null needs a struct-typed context,NUL|1
c07498,E,list_str,1,loopvar,is_t,len,0,inline,loud_emit_reject,emitProgram: `is` test but no union type declared,2|1
c07499,E,list_str,1,loopvar,is_t,len,1,inline,loud_emit_reject,emitProgram: `is` test but no union type declared,NUL|1
c07500,E,list_str,1,const_local,nenull,len,0,alias,correct,,2|1
c07501,E,list_str,1,const_local,nenull,len,1,alias,correct,,NUL|1
c07502,E,list_str,1,const_local,eqnull_else,len,0,alias,correct,,2|1
c07503,E,list_str,1,const_local,eqnull_else,len,1,alias,correct,,NUL|1
c07504,E,list_str,1,const_local,is_t,len,0,alias,correct,,2|1
c07505,E,list_str,1,const_local,is_t,len,1,alias,correct,,NUL|1
c07506,E,list_str,1,param,nenull,len,0,alias,correct,,2|1
c07507,E,list_str,1,param,nenull,len,1,alias,correct,,NUL|1
c07508,E,list_str,1,param,eqnull_else,len,0,alias,correct,,2|1
c07509,E,list_str,1,param,eqnull_else,len,1,alias,correct,,NUL|1
c07510,E,list_str,1,param,is_t,len,0,alias,correct,,2|1
c07511,E,list_str,1,param,is_t,len,1,alias,correct,,NUL|1
c07512,E,list_str,1,ret_ann,nenull,len,0,alias,correct,,2|1
c07513,E,list_str,1,ret_ann,nenull,len,1,alias,correct,,NUL|1
c07514,E,list_str,1,ret_ann,eqnull_else,len,0,alias,correct,,2|1
c07515,E,list_str,1,ret_ann,eqnull_else,len,1,alias,correct,,NUL|1
c07516,E,list_str,1,ret_ann,is_t,len,0,alias,correct,,2|1
c07517,E,list_str,1,ret_ann,is_t,len,1,alias,correct,,NUL|1
c07518,E,list_str,1,global,nenull,len,0,alias,correct,,2|1
c07519,E,list_str,1,global,nenull,len,1,alias,correct,,NUL|1
c07520,E,list_str,1,global,eqnull_else,len,0,alias,correct,,2|1
c07521,E,list_str,1,global,eqnull_else,len,1,alias,correct,,NUL|1
c07522,E,list_str,1,global,is_t,len,0,alias,correct,,2|1
c07523,E,list_str,1,global,is_t,len,1,alias,correct,,NUL|1
c07524,E,list_str,1,field,nenull,len,0,alias,loud_check_reject,[ERROR]: cannot assign {f: string[]?} to 'w' of type {f: string[]?},2|1
c07525,E,list_str,1,field,nenull,len,1,alias,loud_check_reject,[ERROR]: cannot assign {f: string[]?} to 'w' of type {f: string[]?},NUL|1
c07526,E,list_str,1,field,eqnull_else,len,0,alias,loud_check_reject,[ERROR]: cannot assign {f: string[]?} to 'w' of type {f: string[]?},2|1
c07527,E,list_str,1,field,eqnull_else,len,1,alias,loud_check_reject,[ERROR]: cannot assign {f: string[]?} to 'w' of type {f: string[]?},NUL|1
c07528,E,list_str,1,field,is_t,len,0,alias,loud_check_reject,[ERROR]: cannot assign {f: string[]?} to 'w' of type {f: string[]?},2|1
c07529,E,list_str,1,field,is_t,len,1,alias,loud_check_reject,[ERROR]: cannot assign {f: string[]?} to 'w' of type {f: string[]?},NUL|1
c07530,E,list_str,1,elem,nenull,len,0,alias,correct,,2|1
c07531,E,list_str,1,elem,nenull,len,1,alias,correct,,NUL|1
c07532,E,list_str,1,elem,eqnull_else,len,0,alias,correct,,2|1
c07533,E,list_str,1,elem,eqnull_else,len,1,alias,correct,,NUL|1
c07534,E,list_str,1,elem,is_t,len,0,alias,correct,,2|1
c07535,E,list_str,1,elem,is_t,len,1,alias,correct,,NUL|1
c07536,E,list_str,1,mapval,nenull,len,0,alias,loud_emit_reject,"emitProgram: unsupported map value type (no rep for a union-member struct, a nullable list, or a nullable litunion-result closure; any other value type here interned no mv slot)",2|1
c07537,E,list_str,1,mapval,nenull,len,1,alias,loud_emit_reject,"emitProgram: unsupported map value type (no rep for a union-member struct, a nullable list, or a nullable litunion-result closure; any other value type here interned no mv slot)",NUL|1
c07538,E,list_str,1,mapval,eqnull_else,len,0,alias,loud_emit_reject,"emitProgram: unsupported map value type (no rep for a union-member struct, a nullable list, or a nullable litunion-result closure; any other value type here interned no mv slot)",2|1
c07539,E,list_str,1,mapval,eqnull_else,len,1,alias,loud_emit_reject,"emitProgram: unsupported map value type (no rep for a union-member struct, a nullable list, or a nullable litunion-result closure; any other value type here interned no mv slot)",NUL|1
c07540,E,list_str,1,mapval,is_t,len,0,alias,loud_emit_reject,"emitProgram: unsupported map value type (no rep for a union-member struct, a nullable list, or a nullable litunion-result closure; any other value type here interned no mv slot)",2|1
c07541,E,list_str,1,mapval,is_t,len,1,alias,loud_emit_reject,"emitProgram: unsupported map value type (no rep for a union-member struct, a nullable list, or a nullable litunion-result closure; any other value type here interned no mv slot)",NUL|1
c07542,E,list_str,1,capture,nenull,len,0,alias,loud_emit_reject,emitProgram: bare null needs a struct-typed context,2|1
c07543,E,list_str,1,capture,nenull,len,1,alias,loud_emit_reject,emitProgram: bare null needs a struct-typed context,NUL|1
c07544,E,list_str,1,capture,eqnull_else,len,0,alias,loud_emit_reject,emitProgram: bare null needs a struct-typed context,2|1
c07545,E,list_str,1,capture,eqnull_else,len,1,alias,loud_emit_reject,emitProgram: bare null needs a struct-typed context,NUL|1
c07546,E,list_str,1,capture,is_t,len,0,alias,loud_emit_reject,emitProgram: `is` test but no union type declared,2|1
c07547,E,list_str,1,capture,is_t,len,1,alias,loud_emit_reject,emitProgram: `is` test but no union type declared,NUL|1
c07548,E,list_str,1,loopvar,nenull,len,0,alias,loud_emit_reject,emitProgram: bare null needs a struct-typed context,2|1
c07549,E,list_str,1,loopvar,nenull,len,1,alias,loud_emit_reject,emitProgram: bare null needs a struct-typed context,NUL|1
c07550,E,list_str,1,loopvar,eqnull_else,len,0,alias,loud_emit_reject,emitProgram: bare null needs a struct-typed context,2|1
c07551,E,list_str,1,loopvar,eqnull_else,len,1,alias,loud_emit_reject,emitProgram: bare null needs a struct-typed context,NUL|1
c07552,E,list_str,1,loopvar,is_t,len,0,alias,loud_emit_reject,emitProgram: `is` test but no union type declared,2|1
c07553,E,list_str,1,loopvar,is_t,len,1,alias,loud_emit_reject,emitProgram: `is` test but no union type declared,NUL|1
c07554,E,list_f64,1,const_local,nenull,len,0,inline,correct,,2|1
c07555,E,list_f64,1,const_local,nenull,len,1,inline,correct,,NUL|1
c07556,E,list_f64,1,const_local,eqnull_else,len,0,inline,correct,,2|1
c07557,E,list_f64,1,const_local,eqnull_else,len,1,inline,correct,,NUL|1
c07558,E,list_f64,1,const_local,is_t,len,0,inline,correct,,2|1
c07559,E,list_f64,1,const_local,is_t,len,1,inline,correct,,NUL|1
c07560,E,list_f64,1,param,nenull,len,0,inline,correct,,2|1
c07561,E,list_f64,1,param,nenull,len,1,inline,correct,,NUL|1
c07562,E,list_f64,1,param,eqnull_else,len,0,inline,correct,,2|1
c07563,E,list_f64,1,param,eqnull_else,len,1,inline,correct,,NUL|1
c07564,E,list_f64,1,param,is_t,len,0,inline,correct,,2|1
c07565,E,list_f64,1,param,is_t,len,1,inline,correct,,NUL|1
c07566,E,list_f64,1,ret_ann,nenull,len,0,inline,correct,,2|1
c07567,E,list_f64,1,ret_ann,nenull,len,1,inline,correct,,NUL|1
c07568,E,list_f64,1,ret_ann,eqnull_else,len,0,inline,correct,,2|1
c07569,E,list_f64,1,ret_ann,eqnull_else,len,1,inline,correct,,NUL|1
c07570,E,list_f64,1,ret_ann,is_t,len,0,inline,correct,,2|1
c07571,E,list_f64,1,ret_ann,is_t,len,1,inline,correct,,NUL|1
c07572,E,list_f64,1,global,nenull,len,0,inline,correct,,2|1
c07573,E,list_f64,1,global,nenull,len,1,inline,correct,,NUL|1
c07574,E,list_f64,1,global,eqnull_else,len,0,inline,correct,,2|1
c07575,E,list_f64,1,global,eqnull_else,len,1,inline,correct,,NUL|1
c07576,E,list_f64,1,global,is_t,len,0,inline,correct,,2|1
c07577,E,list_f64,1,global,is_t,len,1,inline,correct,,NUL|1
c07578,E,list_f64,1,field,nenull,len,0,inline,correct,,2|1
c07579,E,list_f64,1,field,nenull,len,1,inline,correct,,NUL|1
c07580,E,list_f64,1,field,eqnull_else,len,0,inline,correct,,2|1
c07581,E,list_f64,1,field,eqnull_else,len,1,inline,correct,,NUL|1
c07582,E,list_f64,1,field,is_t,len,0,inline,correct,,2|1
c07583,E,list_f64,1,field,is_t,len,1,inline,correct,,NUL|1
c07584,E,list_f64,1,elem,nenull,len,0,inline,correct,,2|1
c07585,E,list_f64,1,elem,nenull,len,1,inline,correct,,NUL|1
c07586,E,list_f64,1,elem,eqnull_else,len,0,inline,correct,,2|1
c07587,E,list_f64,1,elem,eqnull_else,len,1,inline,correct,,NUL|1
c07588,E,list_f64,1,elem,is_t,len,0,inline,correct,,2|1
c07589,E,list_f64,1,elem,is_t,len,1,inline,correct,,NUL|1
c07590,E,list_f64,1,mapval,nenull,len,0,inline,loud_emit_reject,"emitProgram: unsupported map value type (no rep for a union-member struct, a nullable list, or a nullable litunion-result closure; any other value type here interned no mv slot)",2|1
c07591,E,list_f64,1,mapval,nenull,len,1,inline,loud_emit_reject,"emitProgram: unsupported map value type (no rep for a union-member struct, a nullable list, or a nullable litunion-result closure; any other value type here interned no mv slot)",NUL|1
c07592,E,list_f64,1,mapval,eqnull_else,len,0,inline,loud_emit_reject,"emitProgram: unsupported map value type (no rep for a union-member struct, a nullable list, or a nullable litunion-result closure; any other value type here interned no mv slot)",2|1
c07593,E,list_f64,1,mapval,eqnull_else,len,1,inline,loud_emit_reject,"emitProgram: unsupported map value type (no rep for a union-member struct, a nullable list, or a nullable litunion-result closure; any other value type here interned no mv slot)",NUL|1
c07594,E,list_f64,1,mapval,is_t,len,0,inline,loud_emit_reject,"emitProgram: unsupported map value type (no rep for a union-member struct, a nullable list, or a nullable litunion-result closure; any other value type here interned no mv slot)",2|1
c07595,E,list_f64,1,mapval,is_t,len,1,inline,loud_emit_reject,"emitProgram: unsupported map value type (no rep for a union-member struct, a nullable list, or a nullable litunion-result closure; any other value type here interned no mv slot)",NUL|1
c07596,E,list_f64,1,capture,nenull,len,0,inline,loud_emit_reject,emitProgram: bare null needs a struct-typed context,2|1
c07597,E,list_f64,1,capture,nenull,len,1,inline,loud_emit_reject,emitProgram: bare null needs a struct-typed context,NUL|1
c07598,E,list_f64,1,capture,eqnull_else,len,0,inline,loud_emit_reject,emitProgram: bare null needs a struct-typed context,2|1
c07599,E,list_f64,1,capture,eqnull_else,len,1,inline,loud_emit_reject,emitProgram: bare null needs a struct-typed context,NUL|1
c07600,E,list_f64,1,capture,is_t,len,0,inline,loud_emit_reject,emitProgram: `is` test but no union type declared,2|1
c07601,E,list_f64,1,capture,is_t,len,1,inline,loud_emit_reject,emitProgram: `is` test but no union type declared,NUL|1
c07602,E,list_f64,1,loopvar,nenull,len,0,inline,loud_emit_reject,emitProgram: bare null needs a struct-typed context,2|1
c07603,E,list_f64,1,loopvar,nenull,len,1,inline,loud_emit_reject,emitProgram: bare null needs a struct-typed context,NUL|1
c07604,E,list_f64,1,loopvar,eqnull_else,len,0,inline,loud_emit_reject,emitProgram: bare null needs a struct-typed context,2|1
c07605,E,list_f64,1,loopvar,eqnull_else,len,1,inline,loud_emit_reject,emitProgram: bare null needs a struct-typed context,NUL|1
c07606,E,list_f64,1,loopvar,is_t,len,0,inline,loud_emit_reject,emitProgram: `is` test but no union type declared,2|1
c07607,E,list_f64,1,loopvar,is_t,len,1,inline,loud_emit_reject,emitProgram: `is` test but no union type declared,NUL|1
c07608,E,list_f64,1,const_local,nenull,len,0,alias,correct,,2|1
c07609,E,list_f64,1,const_local,nenull,len,1,alias,correct,,NUL|1
c07610,E,list_f64,1,const_local,eqnull_else,len,0,alias,correct,,2|1
c07611,E,list_f64,1,const_local,eqnull_else,len,1,alias,correct,,NUL|1
c07612,E,list_f64,1,const_local,is_t,len,0,alias,correct,,2|1
c07613,E,list_f64,1,const_local,is_t,len,1,alias,correct,,NUL|1
c07614,E,list_f64,1,param,nenull,len,0,alias,correct,,2|1
c07615,E,list_f64,1,param,nenull,len,1,alias,correct,,NUL|1
c07616,E,list_f64,1,param,eqnull_else,len,0,alias,correct,,2|1
c07617,E,list_f64,1,param,eqnull_else,len,1,alias,correct,,NUL|1
c07618,E,list_f64,1,param,is_t,len,0,alias,correct,,2|1
c07619,E,list_f64,1,param,is_t,len,1,alias,correct,,NUL|1
c07620,E,list_f64,1,ret_ann,nenull,len,0,alias,correct,,2|1
c07621,E,list_f64,1,ret_ann,nenull,len,1,alias,correct,,NUL|1
c07622,E,list_f64,1,ret_ann,eqnull_else,len,0,alias,correct,,2|1
c07623,E,list_f64,1,ret_ann,eqnull_else,len,1,alias,correct,,NUL|1
c07624,E,list_f64,1,ret_ann,is_t,len,0,alias,correct,,2|1
c07625,E,list_f64,1,ret_ann,is_t,len,1,alias,correct,,NUL|1
c07626,E,list_f64,1,global,nenull,len,0,alias,correct,,2|1
c07627,E,list_f64,1,global,nenull,len,1,alias,correct,,NUL|1
c07628,E,list_f64,1,global,eqnull_else,len,0,alias,correct,,2|1
c07629,E,list_f64,1,global,eqnull_else,len,1,alias,correct,,NUL|1
c07630,E,list_f64,1,global,is_t,len,0,alias,correct,,2|1
c07631,E,list_f64,1,global,is_t,len,1,alias,correct,,NUL|1
c07632,E,list_f64,1,field,nenull,len,0,alias,loud_check_reject,[ERROR]: cannot assign {f: f64[]?} to 'w' of type {f: f64[]?},2|1
c07633,E,list_f64,1,field,nenull,len,1,alias,loud_check_reject,[ERROR]: cannot assign {f: f64[]?} to 'w' of type {f: f64[]?},NUL|1
c07634,E,list_f64,1,field,eqnull_else,len,0,alias,loud_check_reject,[ERROR]: cannot assign {f: f64[]?} to 'w' of type {f: f64[]?},2|1
c07635,E,list_f64,1,field,eqnull_else,len,1,alias,loud_check_reject,[ERROR]: cannot assign {f: f64[]?} to 'w' of type {f: f64[]?},NUL|1
c07636,E,list_f64,1,field,is_t,len,0,alias,loud_check_reject,[ERROR]: cannot assign {f: f64[]?} to 'w' of type {f: f64[]?},2|1
c07637,E,list_f64,1,field,is_t,len,1,alias,loud_check_reject,[ERROR]: cannot assign {f: f64[]?} to 'w' of type {f: f64[]?},NUL|1
c07638,E,list_f64,1,elem,nenull,len,0,alias,correct,,2|1
c07639,E,list_f64,1,elem,nenull,len,1,alias,correct,,NUL|1
c07640,E,list_f64,1,elem,eqnull_else,len,0,alias,correct,,2|1
c07641,E,list_f64,1,elem,eqnull_else,len,1,alias,correct,,NUL|1
c07642,E,list_f64,1,elem,is_t,len,0,alias,correct,,2|1
c07643,E,list_f64,1,elem,is_t,len,1,alias,correct,,NUL|1
c07644,E,list_f64,1,mapval,nenull,len,0,alias,loud_emit_reject,"emitProgram: unsupported map value type (no rep for a union-member struct, a nullable list, or a nullable litunion-result closure; any other value type here interned no mv slot)",2|1
c07645,E,list_f64,1,mapval,nenull,len,1,alias,loud_emit_reject,"emitProgram: unsupported map value type (no rep for a union-member struct, a nullable list, or a nullable litunion-result closure; any other value type here interned no mv slot)",NUL|1
c07646,E,list_f64,1,mapval,eqnull_else,len,0,alias,loud_emit_reject,"emitProgram: unsupported map value type (no rep for a union-member struct, a nullable list, or a nullable litunion-result closure; any other value type here interned no mv slot)",2|1
c07647,E,list_f64,1,mapval,eqnull_else,len,1,alias,loud_emit_reject,"emitProgram: unsupported map value type (no rep for a union-member struct, a nullable list, or a nullable litunion-result closure; any other value type here interned no mv slot)",NUL|1
c07648,E,list_f64,1,mapval,is_t,len,0,alias,loud_emit_reject,"emitProgram: unsupported map value type (no rep for a union-member struct, a nullable list, or a nullable litunion-result closure; any other value type here interned no mv slot)",2|1
c07649,E,list_f64,1,mapval,is_t,len,1,alias,loud_emit_reject,"emitProgram: unsupported map value type (no rep for a union-member struct, a nullable list, or a nullable litunion-result closure; any other value type here interned no mv slot)",NUL|1
c07650,E,list_f64,1,capture,nenull,len,0,alias,loud_emit_reject,emitProgram: bare null needs a struct-typed context,2|1
c07651,E,list_f64,1,capture,nenull,len,1,alias,loud_emit_reject,emitProgram: bare null needs a struct-typed context,NUL|1
c07652,E,list_f64,1,capture,eqnull_else,len,0,alias,loud_emit_reject,emitProgram: bare null needs a struct-typed context,2|1
c07653,E,list_f64,1,capture,eqnull_else,len,1,alias,loud_emit_reject,emitProgram: bare null needs a struct-typed context,NUL|1
c07654,E,list_f64,1,capture,is_t,len,0,alias,loud_emit_reject,emitProgram: `is` test but no union type declared,2|1
c07655,E,list_f64,1,capture,is_t,len,1,alias,loud_emit_reject,emitProgram: `is` test but no union type declared,NUL|1
c07656,E,list_f64,1,loopvar,nenull,len,0,alias,loud_emit_reject,emitProgram: bare null needs a struct-typed context,2|1
c07657,E,list_f64,1,loopvar,nenull,len,1,alias,loud_emit_reject,emitProgram: bare null needs a struct-typed context,NUL|1
c07658,E,list_f64,1,loopvar,eqnull_else,len,0,alias,loud_emit_reject,emitProgram: bare null needs a struct-typed context,2|1
c07659,E,list_f64,1,loopvar,eqnull_else,len,1,alias,loud_emit_reject,emitProgram: bare null needs a struct-typed context,NUL|1
c07660,E,list_f64,1,loopvar,is_t,len,0,alias,loud_emit_reject,emitProgram: `is` test but no union type declared,2|1
c07661,E,list_f64,1,loopvar,is_t,len,1,alias,loud_emit_reject,emitProgram: `is` test but no union type declared,NUL|1
c07662,E,list_i64,1,const_local,nenull,len,0,inline,correct,,2|1
c07663,E,list_i64,1,const_local,nenull,len,1,inline,correct,,NUL|1
c07664,E,list_i64,1,const_local,eqnull_else,len,0,inline,correct,,2|1
c07665,E,list_i64,1,const_local,eqnull_else,len,1,inline,correct,,NUL|1
c07666,E,list_i64,1,const_local,is_t,len,0,inline,correct,,2|1
c07667,E,list_i64,1,const_local,is_t,len,1,inline,correct,,NUL|1
c07668,E,list_i64,1,param,nenull,len,0,inline,correct,,2|1
c07669,E,list_i64,1,param,nenull,len,1,inline,correct,,NUL|1
c07670,E,list_i64,1,param,eqnull_else,len,0,inline,correct,,2|1
c07671,E,list_i64,1,param,eqnull_else,len,1,inline,correct,,NUL|1
c07672,E,list_i64,1,param,is_t,len,0,inline,correct,,2|1
c07673,E,list_i64,1,param,is_t,len,1,inline,correct,,NUL|1
c07674,E,list_i64,1,ret_ann,nenull,len,0,inline,correct,,2|1
c07675,E,list_i64,1,ret_ann,nenull,len,1,inline,correct,,NUL|1
c07676,E,list_i64,1,ret_ann,eqnull_else,len,0,inline,correct,,2|1
c07677,E,list_i64,1,ret_ann,eqnull_else,len,1,inline,correct,,NUL|1
c07678,E,list_i64,1,ret_ann,is_t,len,0,inline,correct,,2|1
c07679,E,list_i64,1,ret_ann,is_t,len,1,inline,correct,,NUL|1
c07680,E,list_i64,1,global,nenull,len,0,inline,correct,,2|1
c07681,E,list_i64,1,global,nenull,len,1,inline,correct,,NUL|1
c07682,E,list_i64,1,global,eqnull_else,len,0,inline,correct,,2|1
c07683,E,list_i64,1,global,eqnull_else,len,1,inline,correct,,NUL|1
c07684,E,list_i64,1,global,is_t,len,0,inline,correct,,2|1
c07685,E,list_i64,1,global,is_t,len,1,inline,correct,,NUL|1
c07686,E,list_i64,1,field,nenull,len,0,inline,correct,,2|1
c07687,E,list_i64,1,field,nenull,len,1,inline,correct,,NUL|1
c07688,E,list_i64,1,field,eqnull_else,len,0,inline,correct,,2|1
c07689,E,list_i64,1,field,eqnull_else,len,1,inline,correct,,NUL|1
c07690,E,list_i64,1,field,is_t,len,0,inline,correct,,2|1
c07691,E,list_i64,1,field,is_t,len,1,inline,correct,,NUL|1
c07692,E,list_i64,1,elem,nenull,len,0,inline,correct,,2|1
c07693,E,list_i64,1,elem,nenull,len,1,inline,correct,,NUL|1
c07694,E,list_i64,1,elem,eqnull_else,len,0,inline,correct,,2|1
c07695,E,list_i64,1,elem,eqnull_else,len,1,inline,correct,,NUL|1
c07696,E,list_i64,1,elem,is_t,len,0,inline,correct,,2|1
c07697,E,list_i64,1,elem,is_t,len,1,inline,correct,,NUL|1
c07698,E,list_i64,1,mapval,nenull,len,0,inline,loud_emit_reject,"emitProgram: unsupported map value type (no rep for a union-member struct, a nullable list, or a nullable litunion-result closure; any other value type here interned no mv slot)",2|1
c07699,E,list_i64,1,mapval,nenull,len,1,inline,loud_emit_reject,"emitProgram: unsupported map value type (no rep for a union-member struct, a nullable list, or a nullable litunion-result closure; any other value type here interned no mv slot)",NUL|1
c07700,E,list_i64,1,mapval,eqnull_else,len,0,inline,loud_emit_reject,"emitProgram: unsupported map value type (no rep for a union-member struct, a nullable list, or a nullable litunion-result closure; any other value type here interned no mv slot)",2|1
c07701,E,list_i64,1,mapval,eqnull_else,len,1,inline,loud_emit_reject,"emitProgram: unsupported map value type (no rep for a union-member struct, a nullable list, or a nullable litunion-result closure; any other value type here interned no mv slot)",NUL|1
c07702,E,list_i64,1,mapval,is_t,len,0,inline,loud_emit_reject,"emitProgram: unsupported map value type (no rep for a union-member struct, a nullable list, or a nullable litunion-result closure; any other value type here interned no mv slot)",2|1
c07703,E,list_i64,1,mapval,is_t,len,1,inline,loud_emit_reject,"emitProgram: unsupported map value type (no rep for a union-member struct, a nullable list, or a nullable litunion-result closure; any other value type here interned no mv slot)",NUL|1
c07704,E,list_i64,1,capture,nenull,len,0,inline,loud_emit_reject,emitProgram: bare null needs a struct-typed context,2|1
c07705,E,list_i64,1,capture,nenull,len,1,inline,loud_emit_reject,emitProgram: bare null needs a struct-typed context,NUL|1
c07706,E,list_i64,1,capture,eqnull_else,len,0,inline,loud_emit_reject,emitProgram: bare null needs a struct-typed context,2|1
c07707,E,list_i64,1,capture,eqnull_else,len,1,inline,loud_emit_reject,emitProgram: bare null needs a struct-typed context,NUL|1
c07708,E,list_i64,1,capture,is_t,len,0,inline,loud_emit_reject,emitProgram: `is` test but no union type declared,2|1
c07709,E,list_i64,1,capture,is_t,len,1,inline,loud_emit_reject,emitProgram: `is` test but no union type declared,NUL|1
c07710,E,list_i64,1,loopvar,nenull,len,0,inline,loud_emit_reject,emitProgram: bare null needs a struct-typed context,2|1
c07711,E,list_i64,1,loopvar,nenull,len,1,inline,loud_emit_reject,emitProgram: bare null needs a struct-typed context,NUL|1
c07712,E,list_i64,1,loopvar,eqnull_else,len,0,inline,loud_emit_reject,emitProgram: bare null needs a struct-typed context,2|1
c07713,E,list_i64,1,loopvar,eqnull_else,len,1,inline,loud_emit_reject,emitProgram: bare null needs a struct-typed context,NUL|1
c07714,E,list_i64,1,loopvar,is_t,len,0,inline,loud_emit_reject,emitProgram: `is` test but no union type declared,2|1
c07715,E,list_i64,1,loopvar,is_t,len,1,inline,loud_emit_reject,emitProgram: `is` test but no union type declared,NUL|1
c07716,E,list_i64,1,const_local,nenull,len,0,alias,correct,,2|1
c07717,E,list_i64,1,const_local,nenull,len,1,alias,correct,,NUL|1
c07718,E,list_i64,1,const_local,eqnull_else,len,0,alias,correct,,2|1
c07719,E,list_i64,1,const_local,eqnull_else,len,1,alias,correct,,NUL|1
c07720,E,list_i64,1,const_local,is_t,len,0,alias,correct,,2|1
c07721,E,list_i64,1,const_local,is_t,len,1,alias,correct,,NUL|1
c07722,E,list_i64,1,param,nenull,len,0,alias,correct,,2|1
c07723,E,list_i64,1,param,nenull,len,1,alias,correct,,NUL|1
c07724,E,list_i64,1,param,eqnull_else,len,0,alias,correct,,2|1
c07725,E,list_i64,1,param,eqnull_else,len,1,alias,correct,,NUL|1
c07726,E,list_i64,1,param,is_t,len,0,alias,correct,,2|1
c07727,E,list_i64,1,param,is_t,len,1,alias,correct,,NUL|1
c07728,E,list_i64,1,ret_ann,nenull,len,0,alias,correct,,2|1
c07729,E,list_i64,1,ret_ann,nenull,len,1,alias,correct,,NUL|1
c07730,E,list_i64,1,ret_ann,eqnull_else,len,0,alias,correct,,2|1
c07731,E,list_i64,1,ret_ann,eqnull_else,len,1,alias,correct,,NUL|1
c07732,E,list_i64,1,ret_ann,is_t,len,0,alias,correct,,2|1
c07733,E,list_i64,1,ret_ann,is_t,len,1,alias,correct,,NUL|1
c07734,E,list_i64,1,global,nenull,len,0,alias,correct,,2|1
c07735,E,list_i64,1,global,nenull,len,1,alias,correct,,NUL|1
c07736,E,list_i64,1,global,eqnull_else,len,0,alias,correct,,2|1
c07737,E,list_i64,1,global,eqnull_else,len,1,alias,correct,,NUL|1
c07738,E,list_i64,1,global,is_t,len,0,alias,correct,,2|1
c07739,E,list_i64,1,global,is_t,len,1,alias,correct,,NUL|1
c07740,E,list_i64,1,field,nenull,len,0,alias,loud_check_reject,[ERROR]: cannot assign {f: i64[]?} to 'w' of type {f: i64[]?},2|1
c07741,E,list_i64,1,field,nenull,len,1,alias,loud_check_reject,[ERROR]: cannot assign {f: i64[]?} to 'w' of type {f: i64[]?},NUL|1
c07742,E,list_i64,1,field,eqnull_else,len,0,alias,loud_check_reject,[ERROR]: cannot assign {f: i64[]?} to 'w' of type {f: i64[]?},2|1
c07743,E,list_i64,1,field,eqnull_else,len,1,alias,loud_check_reject,[ERROR]: cannot assign {f: i64[]?} to 'w' of type {f: i64[]?},NUL|1
c07744,E,list_i64,1,field,is_t,len,0,alias,loud_check_reject,[ERROR]: cannot assign {f: i64[]?} to 'w' of type {f: i64[]?},2|1
c07745,E,list_i64,1,field,is_t,len,1,alias,loud_check_reject,[ERROR]: cannot assign {f: i64[]?} to 'w' of type {f: i64[]?},NUL|1
c07746,E,list_i64,1,elem,nenull,len,0,alias,correct,,2|1
c07747,E,list_i64,1,elem,nenull,len,1,alias,correct,,NUL|1
c07748,E,list_i64,1,elem,eqnull_else,len,0,alias,correct,,2|1
c07749,E,list_i64,1,elem,eqnull_else,len,1,alias,correct,,NUL|1
c07750,E,list_i64,1,elem,is_t,len,0,alias,correct,,2|1
c07751,E,list_i64,1,elem,is_t,len,1,alias,correct,,NUL|1
c07752,E,list_i64,1,mapval,nenull,len,0,alias,loud_emit_reject,"emitProgram: unsupported map value type (no rep for a union-member struct, a nullable list, or a nullable litunion-result closure; any other value type here interned no mv slot)",2|1
c07753,E,list_i64,1,mapval,nenull,len,1,alias,loud_emit_reject,"emitProgram: unsupported map value type (no rep for a union-member struct, a nullable list, or a nullable litunion-result closure; any other value type here interned no mv slot)",NUL|1
c07754,E,list_i64,1,mapval,eqnull_else,len,0,alias,loud_emit_reject,"emitProgram: unsupported map value type (no rep for a union-member struct, a nullable list, or a nullable litunion-result closure; any other value type here interned no mv slot)",2|1
c07755,E,list_i64,1,mapval,eqnull_else,len,1,alias,loud_emit_reject,"emitProgram: unsupported map value type (no rep for a union-member struct, a nullable list, or a nullable litunion-result closure; any other value type here interned no mv slot)",NUL|1
c07756,E,list_i64,1,mapval,is_t,len,0,alias,loud_emit_reject,"emitProgram: unsupported map value type (no rep for a union-member struct, a nullable list, or a nullable litunion-result closure; any other value type here interned no mv slot)",2|1
c07757,E,list_i64,1,mapval,is_t,len,1,alias,loud_emit_reject,"emitProgram: unsupported map value type (no rep for a union-member struct, a nullable list, or a nullable litunion-result closure; any other value type here interned no mv slot)",NUL|1
c07758,E,list_i64,1,capture,nenull,len,0,alias,loud_emit_reject,emitProgram: bare null needs a struct-typed context,2|1
c07759,E,list_i64,1,capture,nenull,len,1,alias,loud_emit_reject,emitProgram: bare null needs a struct-typed context,NUL|1
c07760,E,list_i64,1,capture,eqnull_else,len,0,alias,loud_emit_reject,emitProgram: bare null needs a struct-typed context,2|1
c07761,E,list_i64,1,capture,eqnull_else,len,1,alias,loud_emit_reject,emitProgram: bare null needs a struct-typed context,NUL|1
c07762,E,list_i64,1,capture,is_t,len,0,alias,loud_emit_reject,emitProgram: `is` test but no union type declared,2|1
c07763,E,list_i64,1,capture,is_t,len,1,alias,loud_emit_reject,emitProgram: `is` test but no union type declared,NUL|1
c07764,E,list_i64,1,loopvar,nenull,len,0,alias,loud_emit_reject,emitProgram: bare null needs a struct-typed context,2|1
c07765,E,list_i64,1,loopvar,nenull,len,1,alias,loud_emit_reject,emitProgram: bare null needs a struct-typed context,NUL|1
c07766,E,list_i64,1,loopvar,eqnull_else,len,0,alias,loud_emit_reject,emitProgram: bare null needs a struct-typed context,2|1
c07767,E,list_i64,1,loopvar,eqnull_else,len,1,alias,loud_emit_reject,emitProgram: bare null needs a struct-typed context,NUL|1
c07768,E,list_i64,1,loopvar,is_t,len,0,alias,loud_emit_reject,emitProgram: `is` test but no union type declared,2|1
c07769,E,list_i64,1,loopvar,is_t,len,1,alias,loud_emit_reject,emitProgram: `is` test but no union type declared,NUL|1
c07770,E,list_f32,1,const_local,nenull,len,0,inline,loud_emit_reject,emitProgram: field access but no struct type declared,2|1
c07771,E,list_f32,1,const_local,nenull,len,1,inline,loud_emit_reject,emitProgram: field access but no struct type declared,NUL|1
c07772,E,list_f32,1,const_local,eqnull_else,len,0,inline,loud_emit_reject,emitProgram: field access but no struct type declared,2|1
c07773,E,list_f32,1,const_local,eqnull_else,len,1,inline,loud_emit_reject,emitProgram: field access but no struct type declared,NUL|1
c07774,E,list_f32,1,const_local,is_t,len,0,inline,loud_emit_reject,emitProgram: field access but no struct type declared,2|1
c07775,E,list_f32,1,const_local,is_t,len,1,inline,loud_emit_reject,emitProgram: field access but no struct type declared,NUL|1
c07776,E,list_f32,1,param,nenull,len,0,inline,loud_emit_reject,emitProgram: field access but no struct type declared,2|1
c07777,E,list_f32,1,param,nenull,len,1,inline,loud_emit_reject,emitProgram: field access but no struct type declared,NUL|1
c07778,E,list_f32,1,param,eqnull_else,len,0,inline,loud_emit_reject,emitProgram: field access but no struct type declared,2|1
c07779,E,list_f32,1,param,eqnull_else,len,1,inline,loud_emit_reject,emitProgram: field access but no struct type declared,NUL|1
c07780,E,list_f32,1,param,is_t,len,0,inline,loud_emit_reject,emitProgram: field access but no struct type declared,2|1
c07781,E,list_f32,1,param,is_t,len,1,inline,loud_emit_reject,emitProgram: field access but no struct type declared,NUL|1
c07782,E,list_f32,1,ret_ann,nenull,len,0,inline,loud_emit_reject,emitProgram: field access but no struct type declared,2|1
c07783,E,list_f32,1,ret_ann,nenull,len,1,inline,loud_emit_reject,emitProgram: field access but no struct type declared,NUL|1
c07784,E,list_f32,1,ret_ann,eqnull_else,len,0,inline,loud_emit_reject,emitProgram: field access but no struct type declared,2|1
c07785,E,list_f32,1,ret_ann,eqnull_else,len,1,inline,loud_emit_reject,emitProgram: field access but no struct type declared,NUL|1
c07786,E,list_f32,1,ret_ann,is_t,len,0,inline,loud_emit_reject,emitProgram: field access but no struct type declared,2|1
c07787,E,list_f32,1,ret_ann,is_t,len,1,inline,loud_emit_reject,emitProgram: field access but no struct type declared,NUL|1
c07788,E,list_f32,1,global,nenull,len,0,inline,loud_emit_reject,emitProgram: field access but no struct type declared,2|1
c07789,E,list_f32,1,global,nenull,len,1,inline,loud_emit_reject,emitProgram: field access but no struct type declared,NUL|1
c07790,E,list_f32,1,global,eqnull_else,len,0,inline,loud_emit_reject,emitProgram: field access but no struct type declared,2|1
c07791,E,list_f32,1,global,eqnull_else,len,1,inline,loud_emit_reject,emitProgram: field access but no struct type declared,NUL|1
c07792,E,list_f32,1,global,is_t,len,0,inline,loud_emit_reject,emitProgram: field access but no struct type declared,2|1
c07793,E,list_f32,1,global,is_t,len,1,inline,loud_emit_reject,emitProgram: field access but no struct type declared,NUL|1
c07794,E,list_f32,1,field,nenull,len,0,inline,loud_emit_reject,emitProgram: field access receiver is not a struct,2|1
c07795,E,list_f32,1,field,nenull,len,1,inline,loud_emit_reject,emitProgram: field access receiver is not a struct,NUL|1
c07796,E,list_f32,1,field,eqnull_else,len,0,inline,loud_emit_reject,emitProgram: field access receiver is not a struct,2|1
c07797,E,list_f32,1,field,eqnull_else,len,1,inline,loud_emit_reject,emitProgram: field access receiver is not a struct,NUL|1
c07798,E,list_f32,1,field,is_t,len,0,inline,loud_emit_reject,emitProgram: field access receiver is not a struct,2|1
c07799,E,list_f32,1,field,is_t,len,1,inline,loud_emit_reject,emitProgram: field access receiver is not a struct,NUL|1
c07800,E,list_f32,1,elem,nenull,len,0,inline,loud_emit_reject,emitProgram: field access but no struct type declared,2|1
c07801,E,list_f32,1,elem,nenull,len,1,inline,loud_emit_reject,emitProgram: field access but no struct type declared,NUL|1
c07802,E,list_f32,1,elem,eqnull_else,len,0,inline,loud_emit_reject,emitProgram: field access but no struct type declared,2|1
c07803,E,list_f32,1,elem,eqnull_else,len,1,inline,loud_emit_reject,emitProgram: field access but no struct type declared,NUL|1
c07804,E,list_f32,1,elem,is_t,len,0,inline,loud_emit_reject,emitProgram: field access but no struct type declared,2|1
c07805,E,list_f32,1,elem,is_t,len,1,inline,loud_emit_reject,emitProgram: field access but no struct type declared,NUL|1
c07806,E,list_f32,1,mapval,nenull,len,0,inline,loud_emit_reject,"emitProgram: unsupported map value type (no rep for a union-member struct, a nullable list, or a nullable litunion-result closure; any other value type here interned no mv slot)",2|1
c07807,E,list_f32,1,mapval,nenull,len,1,inline,loud_emit_reject,"emitProgram: unsupported map value type (no rep for a union-member struct, a nullable list, or a nullable litunion-result closure; any other value type here interned no mv slot)",NUL|1
c07808,E,list_f32,1,mapval,eqnull_else,len,0,inline,loud_emit_reject,"emitProgram: unsupported map value type (no rep for a union-member struct, a nullable list, or a nullable litunion-result closure; any other value type here interned no mv slot)",2|1
c07809,E,list_f32,1,mapval,eqnull_else,len,1,inline,loud_emit_reject,"emitProgram: unsupported map value type (no rep for a union-member struct, a nullable list, or a nullable litunion-result closure; any other value type here interned no mv slot)",NUL|1
c07810,E,list_f32,1,mapval,is_t,len,0,inline,loud_emit_reject,"emitProgram: unsupported map value type (no rep for a union-member struct, a nullable list, or a nullable litunion-result closure; any other value type here interned no mv slot)",2|1
c07811,E,list_f32,1,mapval,is_t,len,1,inline,loud_emit_reject,"emitProgram: unsupported map value type (no rep for a union-member struct, a nullable list, or a nullable litunion-result closure; any other value type here interned no mv slot)",NUL|1
c07812,E,list_f32,1,capture,nenull,len,0,inline,loud_emit_reject,emitProgram: bare null needs a struct-typed context,2|1
c07813,E,list_f32,1,capture,nenull,len,1,inline,loud_emit_reject,emitProgram: bare null needs a struct-typed context,NUL|1
c07814,E,list_f32,1,capture,eqnull_else,len,0,inline,loud_emit_reject,emitProgram: bare null needs a struct-typed context,2|1
c07815,E,list_f32,1,capture,eqnull_else,len,1,inline,loud_emit_reject,emitProgram: bare null needs a struct-typed context,NUL|1
c07816,E,list_f32,1,capture,is_t,len,0,inline,loud_emit_reject,emitProgram: `is` test but no union type declared,2|1
c07817,E,list_f32,1,capture,is_t,len,1,inline,loud_emit_reject,emitProgram: `is` test but no union type declared,NUL|1
c07818,E,list_f32,1,loopvar,nenull,len,0,inline,loud_emit_reject,emitProgram: bare null needs a struct-typed context,2|1
c07819,E,list_f32,1,loopvar,nenull,len,1,inline,loud_emit_reject,emitProgram: bare null needs a struct-typed context,NUL|1
c07820,E,list_f32,1,loopvar,eqnull_else,len,0,inline,loud_emit_reject,emitProgram: bare null needs a struct-typed context,2|1
c07821,E,list_f32,1,loopvar,eqnull_else,len,1,inline,loud_emit_reject,emitProgram: bare null needs a struct-typed context,NUL|1
c07822,E,list_f32,1,loopvar,is_t,len,0,inline,loud_emit_reject,emitProgram: `is` test but no union type declared,2|1
c07823,E,list_f32,1,loopvar,is_t,len,1,inline,loud_emit_reject,emitProgram: `is` test but no union type declared,NUL|1
c07824,E,list_f32,1,const_local,nenull,len,0,alias,loud_emit_reject,emitProgram: field access but no struct type declared,2|1
c07825,E,list_f32,1,const_local,nenull,len,1,alias,loud_emit_reject,emitProgram: field access but no struct type declared,NUL|1
c07826,E,list_f32,1,const_local,eqnull_else,len,0,alias,loud_emit_reject,emitProgram: field access but no struct type declared,2|1
c07827,E,list_f32,1,const_local,eqnull_else,len,1,alias,loud_emit_reject,emitProgram: field access but no struct type declared,NUL|1
c07828,E,list_f32,1,const_local,is_t,len,0,alias,loud_emit_reject,emitProgram: field access but no struct type declared,2|1
c07829,E,list_f32,1,const_local,is_t,len,1,alias,loud_emit_reject,emitProgram: field access but no struct type declared,NUL|1
c07830,E,list_f32,1,param,nenull,len,0,alias,loud_emit_reject,emitProgram: field access but no struct type declared,2|1
c07831,E,list_f32,1,param,nenull,len,1,alias,loud_emit_reject,emitProgram: field access but no struct type declared,NUL|1
c07832,E,list_f32,1,param,eqnull_else,len,0,alias,loud_emit_reject,emitProgram: field access but no struct type declared,2|1
c07833,E,list_f32,1,param,eqnull_else,len,1,alias,loud_emit_reject,emitProgram: field access but no struct type declared,NUL|1
c07834,E,list_f32,1,param,is_t,len,0,alias,loud_emit_reject,emitProgram: field access but no struct type declared,2|1
c07835,E,list_f32,1,param,is_t,len,1,alias,loud_emit_reject,emitProgram: field access but no struct type declared,NUL|1
c07836,E,list_f32,1,ret_ann,nenull,len,0,alias,loud_emit_reject,emitProgram: field access but no struct type declared,2|1
c07837,E,list_f32,1,ret_ann,nenull,len,1,alias,loud_emit_reject,emitProgram: field access but no struct type declared,NUL|1
c07838,E,list_f32,1,ret_ann,eqnull_else,len,0,alias,loud_emit_reject,emitProgram: field access but no struct type declared,2|1
c07839,E,list_f32,1,ret_ann,eqnull_else,len,1,alias,loud_emit_reject,emitProgram: field access but no struct type declared,NUL|1
c07840,E,list_f32,1,ret_ann,is_t,len,0,alias,loud_emit_reject,emitProgram: field access but no struct type declared,2|1
c07841,E,list_f32,1,ret_ann,is_t,len,1,alias,loud_emit_reject,emitProgram: field access but no struct type declared,NUL|1
c07842,E,list_f32,1,global,nenull,len,0,alias,loud_emit_reject,emitProgram: field access but no struct type declared,2|1
c07843,E,list_f32,1,global,nenull,len,1,alias,loud_emit_reject,emitProgram: field access but no struct type declared,NUL|1
c07844,E,list_f32,1,global,eqnull_else,len,0,alias,loud_emit_reject,emitProgram: field access but no struct type declared,2|1
c07845,E,list_f32,1,global,eqnull_else,len,1,alias,loud_emit_reject,emitProgram: field access but no struct type declared,NUL|1
c07846,E,list_f32,1,global,is_t,len,0,alias,loud_emit_reject,emitProgram: field access but no struct type declared,2|1
c07847,E,list_f32,1,global,is_t,len,1,alias,loud_emit_reject,emitProgram: field access but no struct type declared,NUL|1
c07848,E,list_f32,1,field,nenull,len,0,alias,loud_check_reject,[ERROR]: cannot assign {f: f32[]?} to 'w' of type {f: f32[]?},2|1
c07849,E,list_f32,1,field,nenull,len,1,alias,loud_check_reject,[ERROR]: cannot assign {f: f32[]?} to 'w' of type {f: f32[]?},NUL|1
c07850,E,list_f32,1,field,eqnull_else,len,0,alias,loud_check_reject,[ERROR]: cannot assign {f: f32[]?} to 'w' of type {f: f32[]?},2|1
c07851,E,list_f32,1,field,eqnull_else,len,1,alias,loud_check_reject,[ERROR]: cannot assign {f: f32[]?} to 'w' of type {f: f32[]?},NUL|1
c07852,E,list_f32,1,field,is_t,len,0,alias,loud_check_reject,[ERROR]: cannot assign {f: f32[]?} to 'w' of type {f: f32[]?},2|1
c07853,E,list_f32,1,field,is_t,len,1,alias,loud_check_reject,[ERROR]: cannot assign {f: f32[]?} to 'w' of type {f: f32[]?},NUL|1
c07854,E,list_f32,1,elem,nenull,len,0,alias,loud_emit_reject,emitProgram: field access but no struct type declared,2|1
c07855,E,list_f32,1,elem,nenull,len,1,alias,loud_emit_reject,emitProgram: field access but no struct type declared,NUL|1
c07856,E,list_f32,1,elem,eqnull_else,len,0,alias,loud_emit_reject,emitProgram: field access but no struct type declared,2|1
c07857,E,list_f32,1,elem,eqnull_else,len,1,alias,loud_emit_reject,emitProgram: field access but no struct type declared,NUL|1
c07858,E,list_f32,1,elem,is_t,len,0,alias,loud_emit_reject,emitProgram: field access but no struct type declared,2|1
c07859,E,list_f32,1,elem,is_t,len,1,alias,loud_emit_reject,emitProgram: field access but no struct type declared,NUL|1
c07860,E,list_f32,1,mapval,nenull,len,0,alias,loud_emit_reject,"emitProgram: unsupported map value type (no rep for a union-member struct, a nullable list, or a nullable litunion-result closure; any other value type here interned no mv slot)",2|1
c07861,E,list_f32,1,mapval,nenull,len,1,alias,loud_emit_reject,"emitProgram: unsupported map value type (no rep for a union-member struct, a nullable list, or a nullable litunion-result closure; any other value type here interned no mv slot)",NUL|1
c07862,E,list_f32,1,mapval,eqnull_else,len,0,alias,loud_emit_reject,"emitProgram: unsupported map value type (no rep for a union-member struct, a nullable list, or a nullable litunion-result closure; any other value type here interned no mv slot)",2|1
c07863,E,list_f32,1,mapval,eqnull_else,len,1,alias,loud_emit_reject,"emitProgram: unsupported map value type (no rep for a union-member struct, a nullable list, or a nullable litunion-result closure; any other value type here interned no mv slot)",NUL|1
c07864,E,list_f32,1,mapval,is_t,len,0,alias,loud_emit_reject,"emitProgram: unsupported map value type (no rep for a union-member struct, a nullable list, or a nullable litunion-result closure; any other value type here interned no mv slot)",2|1
c07865,E,list_f32,1,mapval,is_t,len,1,alias,loud_emit_reject,"emitProgram: unsupported map value type (no rep for a union-member struct, a nullable list, or a nullable litunion-result closure; any other value type here interned no mv slot)",NUL|1
c07866,E,list_f32,1,capture,nenull,len,0,alias,loud_emit_reject,emitProgram: bare null needs a struct-typed context,2|1
c07867,E,list_f32,1,capture,nenull,len,1,alias,loud_emit_reject,emitProgram: bare null needs a struct-typed context,NUL|1
c07868,E,list_f32,1,capture,eqnull_else,len,0,alias,loud_emit_reject,emitProgram: bare null needs a struct-typed context,2|1
c07869,E,list_f32,1,capture,eqnull_else,len,1,alias,loud_emit_reject,emitProgram: bare null needs a struct-typed context,NUL|1
c07870,E,list_f32,1,capture,is_t,len,0,alias,loud_emit_reject,emitProgram: `is` test but no union type declared,2|1
c07871,E,list_f32,1,capture,is_t,len,1,alias,loud_emit_reject,emitProgram: `is` test but no union type declared,NUL|1
c07872,E,list_f32,1,loopvar,nenull,len,0,alias,loud_emit_reject,emitProgram: bare null needs a struct-typed context,2|1
c07873,E,list_f32,1,loopvar,nenull,len,1,alias,loud_emit_reject,emitProgram: bare null needs a struct-typed context,NUL|1
c07874,E,list_f32,1,loopvar,eqnull_else,len,0,alias,loud_emit_reject,emitProgram: bare null needs a struct-typed context,2|1
c07875,E,list_f32,1,loopvar,eqnull_else,len,1,alias,loud_emit_reject,emitProgram: bare null needs a struct-typed context,NUL|1
c07876,E,list_f32,1,loopvar,is_t,len,0,alias,loud_emit_reject,emitProgram: `is` test but no union type declared,2|1
c07877,E,list_f32,1,loopvar,is_t,len,1,alias,loud_emit_reject,emitProgram: `is` test but no union type declared,NUL|1
c07878,E,list_ref,1,const_local,nenull,len,0,inline,correct,,2|1
c07879,E,list_ref,1,const_local,nenull,len,1,inline,correct,,NUL|1
c07880,E,list_ref,1,const_local,eqnull_else,len,0,inline,correct,,2|1
c07881,E,list_ref,1,const_local,eqnull_else,len,1,inline,correct,,NUL|1
c07882,E,list_ref,1,const_local,is_t,len,0,inline,correct,,2|1
c07883,E,list_ref,1,const_local,is_t,len,1,inline,correct,,NUL|1
c07884,E,list_ref,1,param,nenull,len,0,inline,correct,,2|1
c07885,E,list_ref,1,param,nenull,len,1,inline,correct,,NUL|1
c07886,E,list_ref,1,param,eqnull_else,len,0,inline,correct,,2|1
c07887,E,list_ref,1,param,eqnull_else,len,1,inline,correct,,NUL|1
c07888,E,list_ref,1,param,is_t,len,0,inline,correct,,2|1
c07889,E,list_ref,1,param,is_t,len,1,inline,correct,,NUL|1
c07890,E,list_ref,1,ret_ann,nenull,len,0,inline,correct,,2|1
c07891,E,list_ref,1,ret_ann,nenull,len,1,inline,correct,,NUL|1
c07892,E,list_ref,1,ret_ann,eqnull_else,len,0,inline,correct,,2|1
c07893,E,list_ref,1,ret_ann,eqnull_else,len,1,inline,correct,,NUL|1
c07894,E,list_ref,1,ret_ann,is_t,len,0,inline,correct,,2|1
c07895,E,list_ref,1,ret_ann,is_t,len,1,inline,correct,,NUL|1
c07896,E,list_ref,1,global,nenull,len,0,inline,correct,,2|1
c07897,E,list_ref,1,global,nenull,len,1,inline,correct,,NUL|1
c07898,E,list_ref,1,global,eqnull_else,len,0,inline,correct,,2|1
c07899,E,list_ref,1,global,eqnull_else,len,1,inline,correct,,NUL|1
c07900,E,list_ref,1,global,is_t,len,0,inline,correct,,2|1
c07901,E,list_ref,1,global,is_t,len,1,inline,correct,,NUL|1
c07902,E,list_ref,1,field,nenull,len,0,inline,correct,,2|1
c07903,E,list_ref,1,field,nenull,len,1,inline,correct,,NUL|1
c07904,E,list_ref,1,field,eqnull_else,len,0,inline,correct,,2|1
c07905,E,list_ref,1,field,eqnull_else,len,1,inline,correct,,NUL|1
c07906,E,list_ref,1,field,is_t,len,0,inline,correct,,2|1
c07907,E,list_ref,1,field,is_t,len,1,inline,correct,,NUL|1
c07908,E,list_ref,1,elem,nenull,len,0,inline,correct,,2|1
c07909,E,list_ref,1,elem,nenull,len,1,inline,correct,,NUL|1
c07910,E,list_ref,1,elem,eqnull_else,len,0,inline,correct,,2|1
c07911,E,list_ref,1,elem,eqnull_else,len,1,inline,correct,,NUL|1
c07912,E,list_ref,1,elem,is_t,len,0,inline,correct,,2|1
c07913,E,list_ref,1,elem,is_t,len,1,inline,correct,,NUL|1
c07914,E,list_ref,1,mapval,nenull,len,0,inline,loud_emit_reject,"emitProgram: unsupported map value type (no rep for a union-member struct, a nullable list, or a nullable litunion-result closure; any other value type here interned no mv slot)",2|1
c07915,E,list_ref,1,mapval,nenull,len,1,inline,loud_emit_reject,"emitProgram: unsupported map value type (no rep for a union-member struct, a nullable list, or a nullable litunion-result closure; any other value type here interned no mv slot)",NUL|1
c07916,E,list_ref,1,mapval,eqnull_else,len,0,inline,loud_emit_reject,"emitProgram: unsupported map value type (no rep for a union-member struct, a nullable list, or a nullable litunion-result closure; any other value type here interned no mv slot)",2|1
c07917,E,list_ref,1,mapval,eqnull_else,len,1,inline,loud_emit_reject,"emitProgram: unsupported map value type (no rep for a union-member struct, a nullable list, or a nullable litunion-result closure; any other value type here interned no mv slot)",NUL|1
c07918,E,list_ref,1,mapval,is_t,len,0,inline,loud_emit_reject,"emitProgram: unsupported map value type (no rep for a union-member struct, a nullable list, or a nullable litunion-result closure; any other value type here interned no mv slot)",2|1
c07919,E,list_ref,1,mapval,is_t,len,1,inline,loud_emit_reject,"emitProgram: unsupported map value type (no rep for a union-member struct, a nullable list, or a nullable litunion-result closure; any other value type here interned no mv slot)",NUL|1
c07920,E,list_ref,1,capture,nenull,len,0,inline,loud_emit_reject,emitProgram: ref valtype with no interned shape,2|1
c07921,E,list_ref,1,capture,nenull,len,1,inline,loud_emit_reject,emitProgram: ref valtype with no interned shape,NUL|1
c07922,E,list_ref,1,capture,eqnull_else,len,0,inline,loud_emit_reject,emitProgram: ref valtype with no interned shape,2|1
c07923,E,list_ref,1,capture,eqnull_else,len,1,inline,loud_emit_reject,emitProgram: ref valtype with no interned shape,NUL|1
c07924,E,list_ref,1,capture,is_t,len,0,inline,loud_emit_reject,emitProgram: ref valtype with no interned shape,2|1
c07925,E,list_ref,1,capture,is_t,len,1,inline,loud_emit_reject,emitProgram: ref valtype with no interned shape,NUL|1
c07926,E,list_ref,1,loopvar,nenull,len,0,inline,loud_emit_reject,emitProgram: bare null needs a struct-typed context,2|1
c07927,E,list_ref,1,loopvar,nenull,len,1,inline,loud_emit_reject,emitProgram: bare null needs a struct-typed context,NUL|1
c07928,E,list_ref,1,loopvar,eqnull_else,len,0,inline,loud_emit_reject,emitProgram: bare null needs a struct-typed context,2|1
c07929,E,list_ref,1,loopvar,eqnull_else,len,1,inline,loud_emit_reject,emitProgram: bare null needs a struct-typed context,NUL|1
c07930,E,list_ref,1,loopvar,is_t,len,0,inline,loud_emit_reject,emitProgram: `is` test but no union type declared,2|1
c07931,E,list_ref,1,loopvar,is_t,len,1,inline,loud_emit_reject,emitProgram: `is` test but no union type declared,NUL|1
c07932,E,list_ref,1,const_local,nenull,len,0,alias,correct,,2|1
c07933,E,list_ref,1,const_local,nenull,len,1,alias,correct,,NUL|1
c07934,E,list_ref,1,const_local,eqnull_else,len,0,alias,correct,,2|1
c07935,E,list_ref,1,const_local,eqnull_else,len,1,alias,correct,,NUL|1
c07936,E,list_ref,1,const_local,is_t,len,0,alias,correct,,2|1
c07937,E,list_ref,1,const_local,is_t,len,1,alias,correct,,NUL|1
c07938,E,list_ref,1,param,nenull,len,0,alias,correct,,2|1
c07939,E,list_ref,1,param,nenull,len,1,alias,correct,,NUL|1
c07940,E,list_ref,1,param,eqnull_else,len,0,alias,correct,,2|1
c07941,E,list_ref,1,param,eqnull_else,len,1,alias,correct,,NUL|1
c07942,E,list_ref,1,param,is_t,len,0,alias,correct,,2|1
c07943,E,list_ref,1,param,is_t,len,1,alias,correct,,NUL|1
c07944,E,list_ref,1,ret_ann,nenull,len,0,alias,correct,,2|1
c07945,E,list_ref,1,ret_ann,nenull,len,1,alias,correct,,NUL|1
c07946,E,list_ref,1,ret_ann,eqnull_else,len,0,alias,correct,,2|1
c07947,E,list_ref,1,ret_ann,eqnull_else,len,1,alias,correct,,NUL|1
c07948,E,list_ref,1,ret_ann,is_t,len,0,alias,correct,,2|1
c07949,E,list_ref,1,ret_ann,is_t,len,1,alias,correct,,NUL|1
c07950,E,list_ref,1,global,nenull,len,0,alias,correct,,2|1
c07951,E,list_ref,1,global,nenull,len,1,alias,correct,,NUL|1
c07952,E,list_ref,1,global,eqnull_else,len,0,alias,correct,,2|1
c07953,E,list_ref,1,global,eqnull_else,len,1,alias,correct,,NUL|1
c07954,E,list_ref,1,global,is_t,len,0,alias,correct,,2|1
c07955,E,list_ref,1,global,is_t,len,1,alias,correct,,NUL|1
c07956,E,list_ref,1,field,nenull,len,0,alias,loud_check_reject,[ERROR]: cannot assign {f: {w: i32}[]?} to 'w' of type {f: {w: i32}[]?},2|1
c07957,E,list_ref,1,field,nenull,len,1,alias,loud_check_reject,[ERROR]: cannot assign {f: {w: i32}[]?} to 'w' of type {f: {w: i32}[]?},NUL|1
c07958,E,list_ref,1,field,eqnull_else,len,0,alias,loud_check_reject,[ERROR]: cannot assign {f: {w: i32}[]?} to 'w' of type {f: {w: i32}[]?},2|1
c07959,E,list_ref,1,field,eqnull_else,len,1,alias,loud_check_reject,[ERROR]: cannot assign {f: {w: i32}[]?} to 'w' of type {f: {w: i32}[]?},NUL|1
c07960,E,list_ref,1,field,is_t,len,0,alias,loud_check_reject,[ERROR]: cannot assign {f: {w: i32}[]?} to 'w' of type {f: {w: i32}[]?},2|1
c07961,E,list_ref,1,field,is_t,len,1,alias,loud_check_reject,[ERROR]: cannot assign {f: {w: i32}[]?} to 'w' of type {f: {w: i32}[]?},NUL|1
c07962,E,list_ref,1,elem,nenull,len,0,alias,correct,,2|1
c07963,E,list_ref,1,elem,nenull,len,1,alias,correct,,NUL|1
c07964,E,list_ref,1,elem,eqnull_else,len,0,alias,correct,,2|1
c07965,E,list_ref,1,elem,eqnull_else,len,1,alias,correct,,NUL|1
c07966,E,list_ref,1,elem,is_t,len,0,alias,correct,,2|1
c07967,E,list_ref,1,elem,is_t,len,1,alias,correct,,NUL|1
c07968,E,list_ref,1,mapval,nenull,len,0,alias,loud_emit_reject,"emitProgram: unsupported map value type (no rep for a union-member struct, a nullable list, or a nullable litunion-result closure; any other value type here interned no mv slot)",2|1
c07969,E,list_ref,1,mapval,nenull,len,1,alias,loud_emit_reject,"emitProgram: unsupported map value type (no rep for a union-member struct, a nullable list, or a nullable litunion-result closure; any other value type here interned no mv slot)",NUL|1
c07970,E,list_ref,1,mapval,eqnull_else,len,0,alias,loud_emit_reject,"emitProgram: unsupported map value type (no rep for a union-member struct, a nullable list, or a nullable litunion-result closure; any other value type here interned no mv slot)",2|1
c07971,E,list_ref,1,mapval,eqnull_else,len,1,alias,loud_emit_reject,"emitProgram: unsupported map value type (no rep for a union-member struct, a nullable list, or a nullable litunion-result closure; any other value type here interned no mv slot)",NUL|1
c07972,E,list_ref,1,mapval,is_t,len,0,alias,loud_emit_reject,"emitProgram: unsupported map value type (no rep for a union-member struct, a nullable list, or a nullable litunion-result closure; any other value type here interned no mv slot)",2|1
c07973,E,list_ref,1,mapval,is_t,len,1,alias,loud_emit_reject,"emitProgram: unsupported map value type (no rep for a union-member struct, a nullable list, or a nullable litunion-result closure; any other value type here interned no mv slot)",NUL|1
c07974,E,list_ref,1,capture,nenull,len,0,alias,loud_emit_reject,emitProgram: ref valtype with no interned shape,2|1
c07975,E,list_ref,1,capture,nenull,len,1,alias,loud_emit_reject,emitProgram: ref valtype with no interned shape,NUL|1
c07976,E,list_ref,1,capture,eqnull_else,len,0,alias,loud_emit_reject,emitProgram: ref valtype with no interned shape,2|1
c07977,E,list_ref,1,capture,eqnull_else,len,1,alias,loud_emit_reject,emitProgram: ref valtype with no interned shape,NUL|1
c07978,E,list_ref,1,capture,is_t,len,0,alias,loud_emit_reject,emitProgram: ref valtype with no interned shape,2|1
c07979,E,list_ref,1,capture,is_t,len,1,alias,loud_emit_reject,emitProgram: ref valtype with no interned shape,NUL|1
c07980,E,list_ref,1,loopvar,nenull,len,0,alias,loud_emit_reject,emitProgram: bare null needs a struct-typed context,2|1
c07981,E,list_ref,1,loopvar,nenull,len,1,alias,loud_emit_reject,emitProgram: bare null needs a struct-typed context,NUL|1
c07982,E,list_ref,1,loopvar,eqnull_else,len,0,alias,loud_emit_reject,emitProgram: bare null needs a struct-typed context,2|1
c07983,E,list_ref,1,loopvar,eqnull_else,len,1,alias,loud_emit_reject,emitProgram: bare null needs a struct-typed context,NUL|1
c07984,E,list_ref,1,loopvar,is_t,len,0,alias,loud_emit_reject,emitProgram: `is` test but no union type declared,2|1
c07985,E,list_ref,1,loopvar,is_t,len,1,alias,loud_emit_reject,emitProgram: `is` test but no union type declared,NUL|1
c07986,E,closure,1,const_local,nenull,call,0,inline,loud_check_reject,[ERROR]: cannot compare (i32) -> i32? with null,4|1
c07987,E,closure,1,const_local,nenull,call,1,inline,loud_check_reject,"[ERROR]: return type mismatch: expected (i32) -> i32?, got null",NUL|1
c07988,E,closure,1,const_local,eqnull_else,call,0,inline,loud_check_reject,[ERROR]: cannot compare (i32) -> i32? with null,4|1
c07989,E,closure,1,const_local,eqnull_else,call,1,inline,loud_check_reject,"[ERROR]: return type mismatch: expected (i32) -> i32?, got null",NUL|1
c07990,E,closure,1,const_local,is_t,call,0,inline,loud_emit_reject,emitProgram: `is` names a type that is not a union variant,4|1
c07991,E,closure,1,const_local,is_t,call,1,inline,loud_check_reject,"[ERROR]: return type mismatch: expected (i32) -> i32?, got null",NUL|1
c07992,E,closure,1,param,nenull,call,0,inline,loud_check_reject,[ERROR]: cannot compare (i32) -> i32? with null,4|1
c07993,E,closure,1,param,nenull,call,1,inline,loud_check_reject,"[ERROR]: return type mismatch: expected (i32) -> i32?, got null",NUL|1
c07994,E,closure,1,param,eqnull_else,call,0,inline,loud_check_reject,[ERROR]: cannot compare (i32) -> i32? with null,4|1
c07995,E,closure,1,param,eqnull_else,call,1,inline,loud_check_reject,"[ERROR]: return type mismatch: expected (i32) -> i32?, got null",NUL|1
c07996,E,closure,1,param,is_t,call,0,inline,loud_emit_reject,emitProgram: `is` names a type that is not a union variant,4|1
c07997,E,closure,1,param,is_t,call,1,inline,loud_check_reject,"[ERROR]: return type mismatch: expected (i32) -> i32?, got null",NUL|1
c07998,E,closure,1,ret_ann,nenull,call,0,inline,loud_check_reject,[ERROR]: cannot compare (i32) -> i32? with null,4|1
c07999,E,closure,1,ret_ann,nenull,call,1,inline,loud_check_reject,"[ERROR]: return type mismatch: expected (i32) -> i32?, got null",NUL|1
c08000,E,closure,1,ret_ann,eqnull_else,call,0,inline,loud_check_reject,[ERROR]: cannot compare (i32) -> i32? with null,4|1
c08001,E,closure,1,ret_ann,eqnull_else,call,1,inline,loud_check_reject,"[ERROR]: return type mismatch: expected (i32) -> i32?, got null",NUL|1
c08002,E,closure,1,ret_ann,is_t,call,0,inline,loud_emit_reject,emitProgram: `is` names a type that is not a union variant,4|1
c08003,E,closure,1,ret_ann,is_t,call,1,inline,loud_check_reject,"[ERROR]: return type mismatch: expected (i32) -> i32?, got null",NUL|1
c08004,E,closure,1,global,nenull,call,0,inline,loud_check_reject,[ERROR]: cannot compare (i32) -> i32? with null,4|1
c08005,E,closure,1,global,nenull,call,1,inline,loud_check_reject,"[ERROR]: return type mismatch: expected (i32) -> i32?, got null",NUL|1
c08006,E,closure,1,global,eqnull_else,call,0,inline,loud_check_reject,[ERROR]: cannot compare (i32) -> i32? with null,4|1
c08007,E,closure,1,global,eqnull_else,call,1,inline,loud_check_reject,"[ERROR]: return type mismatch: expected (i32) -> i32?, got null",NUL|1
c08008,E,closure,1,global,is_t,call,0,inline,loud_emit_reject,emitProgram: `is` names a type that is not a union variant,4|1
c08009,E,closure,1,global,is_t,call,1,inline,loud_check_reject,"[ERROR]: return type mismatch: expected (i32) -> i32?, got null",NUL|1
c08010,E,closure,1,field,nenull,call,0,inline,loud_check_reject,[ERROR]: cannot compare (i32) -> i32? with null,4|1
c08011,E,closure,1,field,nenull,call,1,inline,loud_check_reject,"[ERROR]: return type mismatch: expected (i32) -> i32?, got null",NUL|1
c08012,E,closure,1,field,eqnull_else,call,0,inline,loud_check_reject,[ERROR]: cannot compare (i32) -> i32? with null,4|1
c08013,E,closure,1,field,eqnull_else,call,1,inline,loud_check_reject,"[ERROR]: return type mismatch: expected (i32) -> i32?, got null",NUL|1
c08014,E,closure,1,field,is_t,call,0,inline,loud_emit_reject,emitProgram: `is` names a type that is not a union variant,4|1
c08015,E,closure,1,field,is_t,call,1,inline,loud_check_reject,"[ERROR]: return type mismatch: expected (i32) -> i32?, got null",NUL|1
c08016,E,closure,1,elem,nenull,call,0,inline,loud_check_reject,[ERROR]: cannot compare (i32) -> i32? with null,4|1
c08017,E,closure,1,elem,nenull,call,1,inline,loud_check_reject,"[ERROR]: return type mismatch: expected (i32) -> i32?, got null",NUL|1
c08018,E,closure,1,elem,eqnull_else,call,0,inline,loud_check_reject,[ERROR]: cannot compare (i32) -> i32? with null,4|1
c08019,E,closure,1,elem,eqnull_else,call,1,inline,loud_check_reject,"[ERROR]: return type mismatch: expected (i32) -> i32?, got null",NUL|1
c08020,E,closure,1,elem,is_t,call,0,inline,loud_emit_reject,emitProgram: `is` names a type that is not a union variant,4|1
c08021,E,closure,1,elem,is_t,call,1,inline,loud_check_reject,"[ERROR]: return type mismatch: expected (i32) -> i32?, got null",NUL|1
c08022,E,closure,1,mapval,nenull,call,0,inline,loud_check_reject,"[ERROR]: print of a union value (i32?) is type-valid but not yet supported by codegen — narrow it first, e.g. `if v is i32 { print(v) }`",4|1
c08023,E,closure,1,mapval,nenull,call,1,inline,loud_check_reject,"[ERROR]: return type mismatch: expected (i32) -> i32?, got null",NUL|1
c08024,E,closure,1,mapval,eqnull_else,call,0,inline,loud_check_reject,"[ERROR]: print of a union value (i32?) is type-valid but not yet supported by codegen — narrow it first, e.g. `if v is i32 { print(v) }`",4|1
c08025,E,closure,1,mapval,eqnull_else,call,1,inline,loud_check_reject,"[ERROR]: return type mismatch: expected (i32) -> i32?, got null",NUL|1
c08026,E,closure,1,mapval,is_t,call,0,inline,loud_emit_reject,emitProgram: function-value call arity has no interned signature,4|1
c08027,E,closure,1,mapval,is_t,call,1,inline,loud_check_reject,"[ERROR]: return type mismatch: expected (i32) -> i32?, got null",NUL|1
c08028,E,closure,1,capture,nenull,call,0,inline,loud_check_reject,[ERROR]: cannot compare (i32) -> i32? with null,4|1
c08029,E,closure,1,capture,nenull,call,1,inline,loud_check_reject,"[ERROR]: return type mismatch: expected (i32) -> i32?, got null",NUL|1
c08030,E,closure,1,capture,eqnull_else,call,0,inline,loud_check_reject,[ERROR]: cannot compare (i32) -> i32? with null,4|1
c08031,E,closure,1,capture,eqnull_else,call,1,inline,loud_check_reject,"[ERROR]: return type mismatch: expected (i32) -> i32?, got null",NUL|1
c08032,E,closure,1,capture,is_t,call,0,inline,loud_emit_reject,emitProgram: call to unknown function,4|1
c08033,E,closure,1,capture,is_t,call,1,inline,loud_check_reject,"[ERROR]: return type mismatch: expected (i32) -> i32?, got null",NUL|1
c08034,E,closure,1,loopvar,nenull,call,0,inline,loud_check_reject,[ERROR]: cannot compare (i32) -> i32? with null,4|1
c08035,E,closure,1,loopvar,nenull,call,1,inline,loud_check_reject,"[ERROR]: return type mismatch: expected (i32) -> i32?, got null",NUL|1
c08036,E,closure,1,loopvar,eqnull_else,call,0,inline,loud_check_reject,[ERROR]: cannot compare (i32) -> i32? with null,4|1
c08037,E,closure,1,loopvar,eqnull_else,call,1,inline,loud_check_reject,"[ERROR]: return type mismatch: expected (i32) -> i32?, got null",NUL|1
c08038,E,closure,1,loopvar,is_t,call,0,inline,loud_emit_reject,emitProgram: `is` names a type that is not a union variant,4|1
c08039,E,closure,1,loopvar,is_t,call,1,inline,loud_check_reject,"[ERROR]: return type mismatch: expected (i32) -> i32?, got null",NUL|1
c08040,E,closure,1,const_local,nenull,call,0,alias,loud_check_reject,[ERROR]: cannot compare (i32) -> i32? with null,4|1
c08041,E,closure,1,const_local,nenull,call,1,alias,loud_check_reject,"[ERROR]: return type mismatch: expected (i32) -> i32?, got null",NUL|1
c08042,E,closure,1,const_local,eqnull_else,call,0,alias,loud_check_reject,[ERROR]: cannot compare (i32) -> i32? with null,4|1
c08043,E,closure,1,const_local,eqnull_else,call,1,alias,loud_check_reject,"[ERROR]: return type mismatch: expected (i32) -> i32?, got null",NUL|1
c08044,E,closure,1,const_local,is_t,call,0,alias,loud_emit_reject,emitProgram: `is` names a type that is not a union variant,4|1
c08045,E,closure,1,const_local,is_t,call,1,alias,loud_check_reject,"[ERROR]: return type mismatch: expected (i32) -> i32?, got null",NUL|1
c08046,E,closure,1,param,nenull,call,0,alias,loud_check_reject,[ERROR]: cannot compare (i32) -> i32? with null,4|1
c08047,E,closure,1,param,nenull,call,1,alias,loud_check_reject,"[ERROR]: return type mismatch: expected (i32) -> i32?, got null",NUL|1
c08048,E,closure,1,param,eqnull_else,call,0,alias,loud_check_reject,[ERROR]: cannot compare (i32) -> i32? with null,4|1
c08049,E,closure,1,param,eqnull_else,call,1,alias,loud_check_reject,"[ERROR]: return type mismatch: expected (i32) -> i32?, got null",NUL|1
c08050,E,closure,1,param,is_t,call,0,alias,loud_emit_reject,emitProgram: `is` names a type that is not a union variant,4|1
c08051,E,closure,1,param,is_t,call,1,alias,loud_check_reject,"[ERROR]: return type mismatch: expected (i32) -> i32?, got null",NUL|1
c08052,E,closure,1,ret_ann,nenull,call,0,alias,loud_check_reject,[ERROR]: cannot compare (i32) -> i32? with null,4|1
c08053,E,closure,1,ret_ann,nenull,call,1,alias,loud_check_reject,"[ERROR]: return type mismatch: expected (i32) -> i32?, got null",NUL|1
c08054,E,closure,1,ret_ann,eqnull_else,call,0,alias,loud_check_reject,[ERROR]: cannot compare (i32) -> i32? with null,4|1
c08055,E,closure,1,ret_ann,eqnull_else,call,1,alias,loud_check_reject,"[ERROR]: return type mismatch: expected (i32) -> i32?, got null",NUL|1
c08056,E,closure,1,ret_ann,is_t,call,0,alias,loud_emit_reject,emitProgram: `is` names a type that is not a union variant,4|1
c08057,E,closure,1,ret_ann,is_t,call,1,alias,loud_check_reject,"[ERROR]: return type mismatch: expected (i32) -> i32?, got null",NUL|1
c08058,E,closure,1,global,nenull,call,0,alias,loud_check_reject,[ERROR]: cannot compare (i32) -> i32? with null,4|1
c08059,E,closure,1,global,nenull,call,1,alias,loud_check_reject,"[ERROR]: return type mismatch: expected (i32) -> i32?, got null",NUL|1
c08060,E,closure,1,global,eqnull_else,call,0,alias,loud_check_reject,[ERROR]: cannot compare (i32) -> i32? with null,4|1
c08061,E,closure,1,global,eqnull_else,call,1,alias,loud_check_reject,"[ERROR]: return type mismatch: expected (i32) -> i32?, got null",NUL|1
c08062,E,closure,1,global,is_t,call,0,alias,loud_emit_reject,emitProgram: `is` names a type that is not a union variant,4|1
c08063,E,closure,1,global,is_t,call,1,alias,loud_check_reject,"[ERROR]: return type mismatch: expected (i32) -> i32?, got null",NUL|1
c08064,E,closure,1,field,nenull,call,0,alias,loud_check_reject,[ERROR]: cannot compare (i32) -> i32? with null,4|1
c08065,E,closure,1,field,nenull,call,1,alias,loud_check_reject,"[ERROR]: return type mismatch: expected (i32) -> i32?, got null",NUL|1
c08066,E,closure,1,field,eqnull_else,call,0,alias,loud_check_reject,[ERROR]: cannot compare (i32) -> i32? with null,4|1
c08067,E,closure,1,field,eqnull_else,call,1,alias,loud_check_reject,"[ERROR]: return type mismatch: expected (i32) -> i32?, got null",NUL|1
c08068,E,closure,1,field,is_t,call,0,alias,loud_emit_reject,emitProgram: only i32 / boolean / string / array struct fields are supported,4|1
c08069,E,closure,1,field,is_t,call,1,alias,loud_check_reject,"[ERROR]: return type mismatch: expected (i32) -> i32?, got null",NUL|1
c08070,E,closure,1,elem,nenull,call,0,alias,loud_check_reject,[ERROR]: cannot compare (i32) -> i32? with null,4|1
c08071,E,closure,1,elem,nenull,call,1,alias,loud_check_reject,"[ERROR]: return type mismatch: expected (i32) -> i32?, got null",NUL|1
c08072,E,closure,1,elem,eqnull_else,call,0,alias,loud_check_reject,[ERROR]: cannot compare (i32) -> i32? with null,4|1
c08073,E,closure,1,elem,eqnull_else,call,1,alias,loud_check_reject,"[ERROR]: return type mismatch: expected (i32) -> i32?, got null",NUL|1
c08074,E,closure,1,elem,is_t,call,0,alias,loud_emit_reject,emitProgram: `is` names a type that is not a union variant,4|1
c08075,E,closure,1,elem,is_t,call,1,alias,loud_check_reject,"[ERROR]: return type mismatch: expected (i32) -> i32?, got null",NUL|1
c08076,E,closure,1,mapval,nenull,call,0,alias,loud_check_reject,"[ERROR]: print of a union value (i32?) is type-valid but not yet supported by codegen — narrow it first, e.g. `if v is i32 { print(v) }`",4|1
c08077,E,closure,1,mapval,nenull,call,1,alias,loud_check_reject,"[ERROR]: return type mismatch: expected (i32) -> i32?, got null",NUL|1
c08078,E,closure,1,mapval,eqnull_else,call,0,alias,loud_check_reject,"[ERROR]: print of a union value (i32?) is type-valid but not yet supported by codegen — narrow it first, e.g. `if v is i32 { print(v) }`",4|1
c08079,E,closure,1,mapval,eqnull_else,call,1,alias,loud_check_reject,"[ERROR]: return type mismatch: expected (i32) -> i32?, got null",NUL|1
c08080,E,closure,1,mapval,is_t,call,0,alias,loud_emit_reject,emitProgram: function-value call arity has no interned signature,4|1
c08081,E,closure,1,mapval,is_t,call,1,alias,loud_check_reject,"[ERROR]: return type mismatch: expected (i32) -> i32?, got null",NUL|1
c08082,E,closure,1,capture,nenull,call,0,alias,loud_check_reject,[ERROR]: cannot compare (i32) -> i32? with null,4|1
c08083,E,closure,1,capture,nenull,call,1,alias,loud_check_reject,"[ERROR]: return type mismatch: expected (i32) -> i32?, got null",NUL|1
c08084,E,closure,1,capture,eqnull_else,call,0,alias,loud_check_reject,[ERROR]: cannot compare (i32) -> i32? with null,4|1
c08085,E,closure,1,capture,eqnull_else,call,1,alias,loud_check_reject,"[ERROR]: return type mismatch: expected (i32) -> i32?, got null",NUL|1
c08086,E,closure,1,capture,is_t,call,0,alias,loud_emit_reject,emitProgram: call to unknown function,4|1
c08087,E,closure,1,capture,is_t,call,1,alias,loud_check_reject,"[ERROR]: return type mismatch: expected (i32) -> i32?, got null",NUL|1
c08088,E,closure,1,loopvar,nenull,call,0,alias,loud_check_reject,[ERROR]: cannot compare (i32) -> i32? with null,4|1
c08089,E,closure,1,loopvar,nenull,call,1,alias,loud_check_reject,"[ERROR]: return type mismatch: expected (i32) -> i32?, got null",NUL|1
c08090,E,closure,1,loopvar,eqnull_else,call,0,alias,loud_check_reject,[ERROR]: cannot compare (i32) -> i32? with null,4|1
c08091,E,closure,1,loopvar,eqnull_else,call,1,alias,loud_check_reject,"[ERROR]: return type mismatch: expected (i32) -> i32?, got null",NUL|1
c08092,E,closure,1,loopvar,is_t,call,0,alias,loud_emit_reject,emitProgram: `is` names a type that is not a union variant,4|1
c08093,E,closure,1,loopvar,is_t,call,1,alias,loud_check_reject,"[ERROR]: return type mismatch: expected (i32) -> i32?, got null",NUL|1
c08094,E,map_str,1,const_local,nenull,size,0,inline,correct,,2|1
c08095,E,map_str,1,const_local,nenull,size,1,inline,correct,,NUL|1
c08096,E,map_str,1,const_local,eqnull_else,size,0,inline,correct,,2|1
c08097,E,map_str,1,const_local,eqnull_else,size,1,inline,correct,,NUL|1
c08098,E,map_str,1,const_local,is_t,size,0,inline,correct,,2|1
c08099,E,map_str,1,const_local,is_t,size,1,inline,correct,,NUL|1
c08100,E,map_str,1,param,nenull,size,0,inline,correct,,2|1
c08101,E,map_str,1,param,nenull,size,1,inline,correct,,NUL|1
c08102,E,map_str,1,param,eqnull_else,size,0,inline,correct,,2|1
c08103,E,map_str,1,param,eqnull_else,size,1,inline,correct,,NUL|1
c08104,E,map_str,1,param,is_t,size,0,inline,correct,,2|1
c08105,E,map_str,1,param,is_t,size,1,inline,correct,,NUL|1
c08106,E,map_str,1,ret_ann,nenull,size,0,inline,correct,,2|1
c08107,E,map_str,1,ret_ann,nenull,size,1,inline,correct,,NUL|1
c08108,E,map_str,1,ret_ann,eqnull_else,size,0,inline,correct,,2|1
c08109,E,map_str,1,ret_ann,eqnull_else,size,1,inline,correct,,NUL|1
c08110,E,map_str,1,ret_ann,is_t,size,0,inline,correct,,2|1
c08111,E,map_str,1,ret_ann,is_t,size,1,inline,correct,,NUL|1
c08112,E,map_str,1,global,nenull,size,0,inline,correct,,2|1
c08113,E,map_str,1,global,nenull,size,1,inline,correct,,NUL|1
c08114,E,map_str,1,global,eqnull_else,size,0,inline,correct,,2|1
c08115,E,map_str,1,global,eqnull_else,size,1,inline,correct,,NUL|1
c08116,E,map_str,1,global,is_t,size,0,inline,correct,,2|1
c08117,E,map_str,1,global,is_t,size,1,inline,correct,,NUL|1
c08118,E,map_str,1,field,nenull,size,0,inline,correct,,2|1
c08119,E,map_str,1,field,nenull,size,1,inline,correct,,NUL|1
c08120,E,map_str,1,field,eqnull_else,size,0,inline,correct,,2|1
c08121,E,map_str,1,field,eqnull_else,size,1,inline,correct,,NUL|1
c08122,E,map_str,1,field,is_t,size,0,inline,correct,,2|1
c08123,E,map_str,1,field,is_t,size,1,inline,correct,,NUL|1
c08124,E,map_str,1,elem,nenull,size,0,inline,correct,,2|1
c08125,E,map_str,1,elem,nenull,size,1,inline,correct,,NUL|1
c08126,E,map_str,1,elem,eqnull_else,size,0,inline,correct,,2|1
c08127,E,map_str,1,elem,eqnull_else,size,1,inline,correct,,NUL|1
c08128,E,map_str,1,elem,is_t,size,0,inline,correct,,2|1
c08129,E,map_str,1,elem,is_t,size,1,inline,correct,,NUL|1
c08130,E,map_str,1,mapval,nenull,size,0,inline,correct,,2|1
c08131,E,map_str,1,mapval,nenull,size,1,inline,correct,,NUL|1
c08132,E,map_str,1,mapval,eqnull_else,size,0,inline,correct,,2|1
c08133,E,map_str,1,mapval,eqnull_else,size,1,inline,correct,,NUL|1
c08134,E,map_str,1,mapval,is_t,size,0,inline,correct,,2|1
c08135,E,map_str,1,mapval,is_t,size,1,inline,correct,,NUL|1
c08136,E,map_str,1,capture,nenull,size,0,inline,loud_emit_reject,emitProgram: bare null needs a struct-typed context,2|1
c08137,E,map_str,1,capture,nenull,size,1,inline,loud_emit_reject,emitProgram: bare null needs a struct-typed context,NUL|1
c08138,E,map_str,1,capture,eqnull_else,size,0,inline,loud_emit_reject,emitProgram: bare null needs a struct-typed context,2|1
c08139,E,map_str,1,capture,eqnull_else,size,1,inline,loud_emit_reject,emitProgram: bare null needs a struct-typed context,NUL|1
c08140,E,map_str,1,capture,is_t,size,0,inline,loud_emit_reject,emitProgram: `is` test but no union type declared,2|1
c08141,E,map_str,1,capture,is_t,size,1,inline,loud_emit_reject,emitProgram: `is` test but no union type declared,NUL|1
c08142,E,map_str,1,loopvar,nenull,size,0,inline,loud_emit_reject,emitProgram: unsupported for-in iterable,2|1
c08143,E,map_str,1,loopvar,nenull,size,1,inline,loud_emit_reject,emitProgram: unsupported for-in iterable,NUL|1
c08144,E,map_str,1,loopvar,eqnull_else,size,0,inline,loud_emit_reject,emitProgram: unsupported for-in iterable,2|1
c08145,E,map_str,1,loopvar,eqnull_else,size,1,inline,loud_emit_reject,emitProgram: unsupported for-in iterable,NUL|1
c08146,E,map_str,1,loopvar,is_t,size,0,inline,loud_emit_reject,emitProgram: unsupported for-in iterable,2|1
c08147,E,map_str,1,loopvar,is_t,size,1,inline,loud_emit_reject,emitProgram: unsupported for-in iterable,NUL|1
c08148,E,map_str,1,const_local,nenull,size,0,alias,correct,,2|1
c08149,E,map_str,1,const_local,nenull,size,1,alias,correct,,NUL|1
c08150,E,map_str,1,const_local,eqnull_else,size,0,alias,correct,,2|1
c08151,E,map_str,1,const_local,eqnull_else,size,1,alias,correct,,NUL|1
c08152,E,map_str,1,const_local,is_t,size,0,alias,correct,,2|1
c08153,E,map_str,1,const_local,is_t,size,1,alias,correct,,NUL|1
c08154,E,map_str,1,param,nenull,size,0,alias,correct,,2|1
c08155,E,map_str,1,param,nenull,size,1,alias,correct,,NUL|1
c08156,E,map_str,1,param,eqnull_else,size,0,alias,correct,,2|1
c08157,E,map_str,1,param,eqnull_else,size,1,alias,correct,,NUL|1
c08158,E,map_str,1,param,is_t,size,0,alias,correct,,2|1
c08159,E,map_str,1,param,is_t,size,1,alias,correct,,NUL|1
c08160,E,map_str,1,ret_ann,nenull,size,0,alias,correct,,2|1
c08161,E,map_str,1,ret_ann,nenull,size,1,alias,correct,,NUL|1
c08162,E,map_str,1,ret_ann,eqnull_else,size,0,alias,correct,,2|1
c08163,E,map_str,1,ret_ann,eqnull_else,size,1,alias,correct,,NUL|1
c08164,E,map_str,1,ret_ann,is_t,size,0,alias,correct,,2|1
c08165,E,map_str,1,ret_ann,is_t,size,1,alias,correct,,NUL|1
c08166,E,map_str,1,global,nenull,size,0,alias,correct,,2|1
c08167,E,map_str,1,global,nenull,size,1,alias,correct,,NUL|1
c08168,E,map_str,1,global,eqnull_else,size,0,alias,correct,,2|1
c08169,E,map_str,1,global,eqnull_else,size,1,alias,correct,,NUL|1
c08170,E,map_str,1,global,is_t,size,0,alias,correct,,2|1
c08171,E,map_str,1,global,is_t,size,1,alias,correct,,NUL|1
c08172,E,map_str,1,field,nenull,size,0,alias,loud_check_reject,[ERROR]: cannot assign {f: {[string]: i32}?} to 'w' of type {f: {[string]: i32}?},2|1
c08173,E,map_str,1,field,nenull,size,1,alias,loud_check_reject,[ERROR]: cannot assign {f: {[string]: i32}?} to 'w' of type {f: {[string]: i32}?},NUL|1
c08174,E,map_str,1,field,eqnull_else,size,0,alias,loud_check_reject,[ERROR]: cannot assign {f: {[string]: i32}?} to 'w' of type {f: {[string]: i32}?},2|1
c08175,E,map_str,1,field,eqnull_else,size,1,alias,loud_check_reject,[ERROR]: cannot assign {f: {[string]: i32}?} to 'w' of type {f: {[string]: i32}?},NUL|1
c08176,E,map_str,1,field,is_t,size,0,alias,loud_check_reject,[ERROR]: cannot assign {f: {[string]: i32}?} to 'w' of type {f: {[string]: i32}?},2|1
c08177,E,map_str,1,field,is_t,size,1,alias,loud_check_reject,[ERROR]: cannot assign {f: {[string]: i32}?} to 'w' of type {f: {[string]: i32}?},NUL|1
c08178,E,map_str,1,elem,nenull,size,0,alias,correct,,2|1
c08179,E,map_str,1,elem,nenull,size,1,alias,correct,,NUL|1
c08180,E,map_str,1,elem,eqnull_else,size,0,alias,correct,,2|1
c08181,E,map_str,1,elem,eqnull_else,size,1,alias,correct,,NUL|1
c08182,E,map_str,1,elem,is_t,size,0,alias,correct,,2|1
c08183,E,map_str,1,elem,is_t,size,1,alias,correct,,NUL|1
c08184,E,map_str,1,mapval,nenull,size,0,alias,correct,,2|1
c08185,E,map_str,1,mapval,nenull,size,1,alias,correct,,NUL|1
c08186,E,map_str,1,mapval,eqnull_else,size,0,alias,correct,,2|1
c08187,E,map_str,1,mapval,eqnull_else,size,1,alias,correct,,NUL|1
c08188,E,map_str,1,mapval,is_t,size,0,alias,correct,,2|1
c08189,E,map_str,1,mapval,is_t,size,1,alias,correct,,NUL|1
c08190,E,map_str,1,capture,nenull,size,0,alias,loud_emit_reject,emitProgram: bare null needs a struct-typed context,2|1
c08191,E,map_str,1,capture,nenull,size,1,alias,loud_emit_reject,emitProgram: bare null needs a struct-typed context,NUL|1
c08192,E,map_str,1,capture,eqnull_else,size,0,alias,loud_emit_reject,emitProgram: bare null needs a struct-typed context,2|1
c08193,E,map_str,1,capture,eqnull_else,size,1,alias,loud_emit_reject,emitProgram: bare null needs a struct-typed context,NUL|1
c08194,E,map_str,1,capture,is_t,size,0,alias,loud_emit_reject,emitProgram: `is` test but no union type declared,2|1
c08195,E,map_str,1,capture,is_t,size,1,alias,loud_emit_reject,emitProgram: `is` test but no union type declared,NUL|1
c08196,E,map_str,1,loopvar,nenull,size,0,alias,loud_emit_reject,emitProgram: unsupported for-in iterable,2|1
c08197,E,map_str,1,loopvar,nenull,size,1,alias,loud_emit_reject,emitProgram: unsupported for-in iterable,NUL|1
c08198,E,map_str,1,loopvar,eqnull_else,size,0,alias,loud_emit_reject,emitProgram: unsupported for-in iterable,2|1
c08199,E,map_str,1,loopvar,eqnull_else,size,1,alias,loud_emit_reject,emitProgram: unsupported for-in iterable,NUL|1
c08200,E,map_str,1,loopvar,is_t,size,0,alias,loud_emit_reject,emitProgram: unsupported for-in iterable,2|1
c08201,E,map_str,1,loopvar,is_t,size,1,alias,loud_emit_reject,emitProgram: unsupported for-in iterable,NUL|1
c08202,E,map_i32,1,const_local,nenull,size,0,inline,correct,,2|1
c08203,E,map_i32,1,const_local,nenull,size,1,inline,correct,,NUL|1
c08204,E,map_i32,1,const_local,eqnull_else,size,0,inline,correct,,2|1
c08205,E,map_i32,1,const_local,eqnull_else,size,1,inline,correct,,NUL|1
c08206,E,map_i32,1,const_local,is_t,size,0,inline,correct,,2|1
c08207,E,map_i32,1,const_local,is_t,size,1,inline,correct,,NUL|1
c08208,E,map_i32,1,param,nenull,size,0,inline,correct,,2|1
c08209,E,map_i32,1,param,nenull,size,1,inline,correct,,NUL|1
c08210,E,map_i32,1,param,eqnull_else,size,0,inline,correct,,2|1
c08211,E,map_i32,1,param,eqnull_else,size,1,inline,correct,,NUL|1
c08212,E,map_i32,1,param,is_t,size,0,inline,correct,,2|1
c08213,E,map_i32,1,param,is_t,size,1,inline,correct,,NUL|1
c08214,E,map_i32,1,ret_ann,nenull,size,0,inline,correct,,2|1
c08215,E,map_i32,1,ret_ann,nenull,size,1,inline,correct,,NUL|1
c08216,E,map_i32,1,ret_ann,eqnull_else,size,0,inline,correct,,2|1
c08217,E,map_i32,1,ret_ann,eqnull_else,size,1,inline,correct,,NUL|1
c08218,E,map_i32,1,ret_ann,is_t,size,0,inline,correct,,2|1
c08219,E,map_i32,1,ret_ann,is_t,size,1,inline,correct,,NUL|1
c08220,E,map_i32,1,global,nenull,size,0,inline,correct,,2|1
c08221,E,map_i32,1,global,nenull,size,1,inline,correct,,NUL|1
c08222,E,map_i32,1,global,eqnull_else,size,0,inline,correct,,2|1
c08223,E,map_i32,1,global,eqnull_else,size,1,inline,correct,,NUL|1
c08224,E,map_i32,1,global,is_t,size,0,inline,correct,,2|1
c08225,E,map_i32,1,global,is_t,size,1,inline,correct,,NUL|1
c08226,E,map_i32,1,field,nenull,size,0,inline,correct,,2|1
c08227,E,map_i32,1,field,nenull,size,1,inline,correct,,NUL|1
c08228,E,map_i32,1,field,eqnull_else,size,0,inline,correct,,2|1
c08229,E,map_i32,1,field,eqnull_else,size,1,inline,correct,,NUL|1
c08230,E,map_i32,1,field,is_t,size,0,inline,correct,,2|1
c08231,E,map_i32,1,field,is_t,size,1,inline,correct,,NUL|1
c08232,E,map_i32,1,elem,nenull,size,0,inline,correct,,2|1
c08233,E,map_i32,1,elem,nenull,size,1,inline,correct,,NUL|1
c08234,E,map_i32,1,elem,eqnull_else,size,0,inline,correct,,2|1
c08235,E,map_i32,1,elem,eqnull_else,size,1,inline,correct,,NUL|1
c08236,E,map_i32,1,elem,is_t,size,0,inline,correct,,2|1
c08237,E,map_i32,1,elem,is_t,size,1,inline,correct,,NUL|1
c08238,E,map_i32,1,mapval,nenull,size,0,inline,loud_emit_reject,emitProgram: an i32-keyed Map/Set is supported as a binding / parameter / return / `| null` / an ARRAY ELEMENT / a closure result / a map value — not inside '{[string]:{[i32]:string}|null}',2|1
c08239,E,map_i32,1,mapval,nenull,size,1,inline,loud_emit_reject,emitProgram: an i32-keyed Map/Set is supported as a binding / parameter / return / `| null` / an ARRAY ELEMENT / a closure result / a map value — not inside '{[string]:{[i32]:string}|null}',NUL|1
c08240,E,map_i32,1,mapval,eqnull_else,size,0,inline,loud_emit_reject,emitProgram: an i32-keyed Map/Set is supported as a binding / parameter / return / `| null` / an ARRAY ELEMENT / a closure result / a map value — not inside '{[string]:{[i32]:string}|null}',2|1
c08241,E,map_i32,1,mapval,eqnull_else,size,1,inline,loud_emit_reject,emitProgram: an i32-keyed Map/Set is supported as a binding / parameter / return / `| null` / an ARRAY ELEMENT / a closure result / a map value — not inside '{[string]:{[i32]:string}|null}',NUL|1
c08242,E,map_i32,1,mapval,is_t,size,0,inline,loud_emit_reject,emitProgram: an i32-keyed Map/Set is supported as a binding / parameter / return / `| null` / an ARRAY ELEMENT / a closure result / a map value — not inside '{[string]:{[i32]:string}|null}',2|1
c08243,E,map_i32,1,mapval,is_t,size,1,inline,loud_emit_reject,emitProgram: an i32-keyed Map/Set is supported as a binding / parameter / return / `| null` / an ARRAY ELEMENT / a closure result / a map value — not inside '{[string]:{[i32]:string}|null}',NUL|1
c08244,E,map_i32,1,capture,nenull,size,0,inline,loud_emit_reject,emitProgram: bare null needs a struct-typed context,2|1
c08245,E,map_i32,1,capture,nenull,size,1,inline,loud_emit_reject,emitProgram: bare null needs a struct-typed context,NUL|1
c08246,E,map_i32,1,capture,eqnull_else,size,0,inline,loud_emit_reject,emitProgram: bare null needs a struct-typed context,2|1
c08247,E,map_i32,1,capture,eqnull_else,size,1,inline,loud_emit_reject,emitProgram: bare null needs a struct-typed context,NUL|1
c08248,E,map_i32,1,capture,is_t,size,0,inline,loud_emit_reject,emitProgram: `is` test but no union type declared,2|1
c08249,E,map_i32,1,capture,is_t,size,1,inline,loud_emit_reject,emitProgram: `is` test but no union type declared,NUL|1
c08250,E,map_i32,1,loopvar,nenull,size,0,inline,loud_emit_reject,emitProgram: unsupported for-in iterable,2|1
c08251,E,map_i32,1,loopvar,nenull,size,1,inline,loud_emit_reject,emitProgram: unsupported for-in iterable,NUL|1
c08252,E,map_i32,1,loopvar,eqnull_else,size,0,inline,loud_emit_reject,emitProgram: unsupported for-in iterable,2|1
c08253,E,map_i32,1,loopvar,eqnull_else,size,1,inline,loud_emit_reject,emitProgram: unsupported for-in iterable,NUL|1
c08254,E,map_i32,1,loopvar,is_t,size,0,inline,loud_emit_reject,emitProgram: unsupported for-in iterable,2|1
c08255,E,map_i32,1,loopvar,is_t,size,1,inline,loud_emit_reject,emitProgram: unsupported for-in iterable,NUL|1
c08256,E,map_i32,1,const_local,nenull,size,0,alias,correct,,2|1
c08257,E,map_i32,1,const_local,nenull,size,1,alias,correct,,NUL|1
c08258,E,map_i32,1,const_local,eqnull_else,size,0,alias,correct,,2|1
c08259,E,map_i32,1,const_local,eqnull_else,size,1,alias,correct,,NUL|1
c08260,E,map_i32,1,const_local,is_t,size,0,alias,correct,,2|1
c08261,E,map_i32,1,const_local,is_t,size,1,alias,correct,,NUL|1
c08262,E,map_i32,1,param,nenull,size,0,alias,correct,,2|1
c08263,E,map_i32,1,param,nenull,size,1,alias,correct,,NUL|1
c08264,E,map_i32,1,param,eqnull_else,size,0,alias,correct,,2|1
c08265,E,map_i32,1,param,eqnull_else,size,1,alias,correct,,NUL|1
c08266,E,map_i32,1,param,is_t,size,0,alias,correct,,2|1
c08267,E,map_i32,1,param,is_t,size,1,alias,correct,,NUL|1
c08268,E,map_i32,1,ret_ann,nenull,size,0,alias,correct,,2|1
c08269,E,map_i32,1,ret_ann,nenull,size,1,alias,correct,,NUL|1
c08270,E,map_i32,1,ret_ann,eqnull_else,size,0,alias,correct,,2|1
c08271,E,map_i32,1,ret_ann,eqnull_else,size,1,alias,correct,,NUL|1
c08272,E,map_i32,1,ret_ann,is_t,size,0,alias,correct,,2|1
c08273,E,map_i32,1,ret_ann,is_t,size,1,alias,correct,,NUL|1
c08274,E,map_i32,1,global,nenull,size,0,alias,correct,,2|1
c08275,E,map_i32,1,global,nenull,size,1,alias,correct,,NUL|1
c08276,E,map_i32,1,global,eqnull_else,size,0,alias,correct,,2|1
c08277,E,map_i32,1,global,eqnull_else,size,1,alias,correct,,NUL|1
c08278,E,map_i32,1,global,is_t,size,0,alias,correct,,2|1
c08279,E,map_i32,1,global,is_t,size,1,alias,correct,,NUL|1
c08280,E,map_i32,1,field,nenull,size,0,alias,loud_check_reject,[ERROR]: cannot assign {f: {[i32]: string}?} to 'w' of type {f: {[i32]: string}?},2|1
c08281,E,map_i32,1,field,nenull,size,1,alias,loud_check_reject,[ERROR]: cannot assign {f: {[i32]: string}?} to 'w' of type {f: {[i32]: string}?},NUL|1
c08282,E,map_i32,1,field,eqnull_else,size,0,alias,loud_check_reject,[ERROR]: cannot assign {f: {[i32]: string}?} to 'w' of type {f: {[i32]: string}?},2|1
c08283,E,map_i32,1,field,eqnull_else,size,1,alias,loud_check_reject,[ERROR]: cannot assign {f: {[i32]: string}?} to 'w' of type {f: {[i32]: string}?},NUL|1
c08284,E,map_i32,1,field,is_t,size,0,alias,loud_check_reject,[ERROR]: cannot assign {f: {[i32]: string}?} to 'w' of type {f: {[i32]: string}?},2|1
c08285,E,map_i32,1,field,is_t,size,1,alias,loud_check_reject,[ERROR]: cannot assign {f: {[i32]: string}?} to 'w' of type {f: {[i32]: string}?},NUL|1
c08286,E,map_i32,1,elem,nenull,size,0,alias,correct,,2|1
c08287,E,map_i32,1,elem,nenull,size,1,alias,correct,,NUL|1
c08288,E,map_i32,1,elem,eqnull_else,size,0,alias,correct,,2|1
c08289,E,map_i32,1,elem,eqnull_else,size,1,alias,correct,,NUL|1
c08290,E,map_i32,1,elem,is_t,size,0,alias,correct,,2|1
c08291,E,map_i32,1,elem,is_t,size,1,alias,correct,,NUL|1
c08292,E,map_i32,1,mapval,nenull,size,0,alias,loud_emit_reject,emitProgram: an i32-keyed Map/Set is supported as a binding / parameter / return / `| null` / an ARRAY ELEMENT / a closure result / a map value — not inside '{[string]:{[i32]:string}|null}',2|1
c08293,E,map_i32,1,mapval,nenull,size,1,alias,loud_emit_reject,emitProgram: an i32-keyed Map/Set is supported as a binding / parameter / return / `| null` / an ARRAY ELEMENT / a closure result / a map value — not inside '{[string]:{[i32]:string}|null}',NUL|1
c08294,E,map_i32,1,mapval,eqnull_else,size,0,alias,loud_emit_reject,emitProgram: an i32-keyed Map/Set is supported as a binding / parameter / return / `| null` / an ARRAY ELEMENT / a closure result / a map value — not inside '{[string]:{[i32]:string}|null}',2|1
c08295,E,map_i32,1,mapval,eqnull_else,size,1,alias,loud_emit_reject,emitProgram: an i32-keyed Map/Set is supported as a binding / parameter / return / `| null` / an ARRAY ELEMENT / a closure result / a map value — not inside '{[string]:{[i32]:string}|null}',NUL|1
c08296,E,map_i32,1,mapval,is_t,size,0,alias,loud_emit_reject,emitProgram: an i32-keyed Map/Set is supported as a binding / parameter / return / `| null` / an ARRAY ELEMENT / a closure result / a map value — not inside '{[string]:{[i32]:string}|null}',2|1
c08297,E,map_i32,1,mapval,is_t,size,1,alias,loud_emit_reject,emitProgram: an i32-keyed Map/Set is supported as a binding / parameter / return / `| null` / an ARRAY ELEMENT / a closure result / a map value — not inside '{[string]:{[i32]:string}|null}',NUL|1
c08298,E,map_i32,1,capture,nenull,size,0,alias,loud_emit_reject,emitProgram: bare null needs a struct-typed context,2|1
c08299,E,map_i32,1,capture,nenull,size,1,alias,loud_emit_reject,emitProgram: bare null needs a struct-typed context,NUL|1
c08300,E,map_i32,1,capture,eqnull_else,size,0,alias,loud_emit_reject,emitProgram: bare null needs a struct-typed context,2|1
c08301,E,map_i32,1,capture,eqnull_else,size,1,alias,loud_emit_reject,emitProgram: bare null needs a struct-typed context,NUL|1
c08302,E,map_i32,1,capture,is_t,size,0,alias,loud_emit_reject,emitProgram: `is` test but no union type declared,2|1
c08303,E,map_i32,1,capture,is_t,size,1,alias,loud_emit_reject,emitProgram: `is` test but no union type declared,NUL|1
c08304,E,map_i32,1,loopvar,nenull,size,0,alias,loud_emit_reject,emitProgram: unsupported for-in iterable,2|1
c08305,E,map_i32,1,loopvar,nenull,size,1,alias,loud_emit_reject,emitProgram: unsupported for-in iterable,NUL|1
c08306,E,map_i32,1,loopvar,eqnull_else,size,0,alias,loud_emit_reject,emitProgram: unsupported for-in iterable,2|1
c08307,E,map_i32,1,loopvar,eqnull_else,size,1,alias,loud_emit_reject,emitProgram: unsupported for-in iterable,NUL|1
c08308,E,map_i32,1,loopvar,is_t,size,0,alias,loud_emit_reject,emitProgram: unsupported for-in iterable,2|1
c08309,E,map_i32,1,loopvar,is_t,size,1,alias,loud_emit_reject,emitProgram: unsupported for-in iterable,NUL|1
c08310,F,i32,1,field_place,nenull,print,0,inline,correct,,7|1
c08311,F,i32,1,field_place,nenull,print,1,inline,correct,,NUL|1
c08312,F,i32,1,field_place,eqnull_else,print,0,inline,correct,,7|1
c08313,F,i32,1,field_place,eqnull_else,print,1,inline,correct,,NUL|1
c08314,F,i32,1,field_place,is_t,print,0,inline,correct,,7|1
c08315,F,i32,1,field_place,is_t,print,1,inline,correct,,NUL|1
c08316,F,i32,1,field_place,match_null,print,0,inline,correct,,7|1
c08317,F,i32,1,field_place,match_null,print,1,inline,correct,,NUL|1
c08318,F,i32,1,field_place,coalesce,print,0,inline,correct,,7|1
c08319,F,i32,1,field_place,coalesce,print,1,inline,correct,,0|1
c08320,F,i32,1,field_place,printdirect,print,0,inline,loud_check_reject,"[ERROR]: print of a union value (i32?) is type-valid but not yet supported by codegen — narrow it first, e.g. `if v is i32 { print(v) }`",7|1
c08321,F,i32,1,field_place,printdirect,print,1,inline,loud_check_reject,"[ERROR]: print of a union value (i32?) is type-valid but not yet supported by codegen — narrow it first, e.g. `if v is i32 { print(v) }`",null|1
c08322,F,i32,1,elem_place,nenull,print,0,inline,loud_check_reject,"[ERROR]: print of a union value (i32?) is type-valid but not yet supported by codegen — narrow it first, e.g. `if v is i32 { print(v) }`",7|1
c08323,F,i32,1,elem_place,nenull,print,1,inline,loud_check_reject,"[ERROR]: print of a union value (i32?) is type-valid but not yet supported by codegen — narrow it first, e.g. `if v is i32 { print(v) }`",NUL|1
c08324,F,i32,1,elem_place,eqnull_else,print,0,inline,loud_check_reject,"[ERROR]: print of a union value (i32?) is type-valid but not yet supported by codegen — narrow it first, e.g. `if v is i32 { print(v) }`",7|1
c08325,F,i32,1,elem_place,eqnull_else,print,1,inline,loud_check_reject,"[ERROR]: print of a union value (i32?) is type-valid but not yet supported by codegen — narrow it first, e.g. `if v is i32 { print(v) }`",NUL|1
c08326,F,i32,1,elem_place,is_t,print,0,inline,loud_check_reject,"[ERROR]: print of a union value (i32?) is type-valid but not yet supported by codegen — narrow it first, e.g. `if v is i32 { print(v) }`",7|1
c08327,F,i32,1,elem_place,is_t,print,1,inline,loud_check_reject,"[ERROR]: print of a union value (i32?) is type-valid but not yet supported by codegen — narrow it first, e.g. `if v is i32 { print(v) }`",NUL|1
c08328,F,i32,1,elem_place,match_null,print,0,inline,loud_check_reject,"[ERROR]: print of a union value (i32?) is type-valid but not yet supported by codegen — narrow it first, e.g. `if v is i32 { print(v) }`",7|1
c08329,F,i32,1,elem_place,match_null,print,1,inline,loud_check_reject,"[ERROR]: print of a union value (i32?) is type-valid but not yet supported by codegen — narrow it first, e.g. `if v is i32 { print(v) }`",NUL|1
c08330,F,i32,1,elem_place,coalesce,print,0,inline,loud_emit_reject,emitProgram: `??` is only supported on a map index get,7|1
c08331,F,i32,1,elem_place,coalesce,print,1,inline,loud_emit_reject,emitProgram: `??` is only supported on a map index get,0|1
c08332,F,i32,1,elem_place,printdirect,print,0,inline,loud_check_reject,"[ERROR]: print of a union value (i32?) is type-valid but not yet supported by codegen — narrow it first, e.g. `if v is i32 { print(v) }`",7|1
c08333,F,i32,1,elem_place,printdirect,print,1,inline,loud_check_reject,"[ERROR]: print of a union value (i32?) is type-valid but not yet supported by codegen — narrow it first, e.g. `if v is i32 { print(v) }`",null|1
c08334,F,i32,1,mapval_place,nenull,print,0,inline,loud_check_reject,"[ERROR]: print of a union value (i32??) is type-valid but not yet supported by codegen — narrow it first, e.g. `if v is i32 { print(v) }`",7|1
c08335,F,i32,1,mapval_place,nenull,print,1,inline,loud_check_reject,"[ERROR]: print of a union value (i32??) is type-valid but not yet supported by codegen — narrow it first, e.g. `if v is i32 { print(v) }`",NUL|1
c08336,F,i32,1,mapval_place,eqnull_else,print,0,inline,loud_check_reject,"[ERROR]: print of a union value (i32??) is type-valid but not yet supported by codegen — narrow it first, e.g. `if v is i32 { print(v) }`",7|1
c08337,F,i32,1,mapval_place,eqnull_else,print,1,inline,loud_check_reject,"[ERROR]: print of a union value (i32??) is type-valid but not yet supported by codegen — narrow it first, e.g. `if v is i32 { print(v) }`",NUL|1
c08338,F,i32,1,mapval_place,is_t,print,0,inline,loud_check_reject,"[ERROR]: print of a union value (i32??) is type-valid but not yet supported by codegen — narrow it first, e.g. `if v is i32 { print(v) }`",7|1
c08339,F,i32,1,mapval_place,is_t,print,1,inline,loud_check_reject,"[ERROR]: print of a union value (i32??) is type-valid but not yet supported by codegen — narrow it first, e.g. `if v is i32 { print(v) }`",NUL|1
c08340,F,i32,1,mapval_place,match_null,print,0,inline,loud_check_reject,"[ERROR]: print of a union value (i32??) is type-valid but not yet supported by codegen — narrow it first, e.g. `if v is i32 { print(v) }`",7|1
c08341,F,i32,1,mapval_place,match_null,print,1,inline,loud_check_reject,"[ERROR]: print of a union value (i32??) is type-valid but not yet supported by codegen — narrow it first, e.g. `if v is i32 { print(v) }`",NUL|1
c08342,F,i32,1,mapval_place,coalesce,print,0,inline,correct,,7|1
c08343,F,i32,1,mapval_place,coalesce,print,1,inline,correct,,0|1
c08344,F,i32,1,mapval_place,printdirect,print,0,inline,loud_check_reject,"[ERROR]: print of a union value (i32??) is type-valid but not yet supported by codegen — narrow it first, e.g. `if v is i32 { print(v) }`",7|1
c08345,F,i32,1,mapval_place,printdirect,print,1,inline,loud_check_reject,"[ERROR]: print of a union value (i32??) is type-valid but not yet supported by codegen — narrow it first, e.g. `if v is i32 { print(v) }`",null|1
c08346,F,i32,1,mapget,nenull,print,0,inline,loud_emit_reject,emitProgram: bare null needs a struct-typed context,7|1
c08347,F,i32,1,mapget,nenull,print,1,inline,loud_emit_reject,emitProgram: bare null needs a struct-typed context,NUL|1
c08348,F,i32,1,mapget,eqnull_else,print,0,inline,loud_emit_reject,emitProgram: bare null needs a struct-typed context,7|1
c08349,F,i32,1,mapget,eqnull_else,print,1,inline,loud_emit_reject,emitProgram: bare null needs a struct-typed context,NUL|1
c08350,F,i32,1,mapget,is_t,print,0,inline,loud_emit_reject,emitProgram: `is` test but no union type declared,7|1
c08351,F,i32,1,mapget,is_t,print,1,inline,loud_emit_reject,emitProgram: `is` test but no union type declared,NUL|1
c08352,F,i32,1,mapget,match_null,print,0,inline,loud_emit_reject,emitProgram: `is` test but no union type declared,7|1
c08353,F,i32,1,mapget,match_null,print,1,inline,loud_emit_reject,emitProgram: `is` test but no union type declared,NUL|1
c08354,F,i32,1,mapget,coalesce,print,0,inline,loud_emit_reject,emitProgram: `??` is only supported on a map index get,7|1
c08355,F,i32,1,mapget,coalesce,print,1,inline,loud_emit_reject,emitProgram: `??` is only supported on a map index get,0|1
c08356,F,i32,1,mapget,printdirect,print,0,inline,loud_check_reject,"[ERROR]: print of a union value (i32?) is type-valid but not yet supported by codegen — narrow it first, e.g. `if v is i32 { print(v) }`",7|1
c08357,F,i32,1,mapget,printdirect,print,1,inline,loud_check_reject,"[ERROR]: print of a union value (i32?) is type-valid but not yet supported by codegen — narrow it first, e.g. `if v is i32 { print(v) }`",null|1
c08358,F,i64,1,field_place,nenull,print,0,inline,correct,,70|1
c08359,F,i64,1,field_place,nenull,print,1,inline,correct,,NUL|1
c08360,F,i64,1,field_place,eqnull_else,print,0,inline,correct,,70|1
c08361,F,i64,1,field_place,eqnull_else,print,1,inline,correct,,NUL|1
c08362,F,i64,1,field_place,is_t,print,0,inline,correct,,70|1
c08363,F,i64,1,field_place,is_t,print,1,inline,correct,,NUL|1
c08364,F,i64,1,field_place,match_null,print,0,inline,correct,,70|1
c08365,F,i64,1,field_place,match_null,print,1,inline,correct,,NUL|1
c08366,F,i64,1,field_place,coalesce,print,0,inline,correct,,70|1
c08367,F,i64,1,field_place,coalesce,print,1,inline,correct,,0|1
c08368,F,i64,1,field_place,printdirect,print,0,inline,loud_check_reject,"[ERROR]: print of a union value (i64?) is type-valid but not yet supported by codegen — narrow it first, e.g. `if v is i32 { print(v) }`",70|1
c08369,F,i64,1,field_place,printdirect,print,1,inline,loud_check_reject,"[ERROR]: print of a union value (i64?) is type-valid but not yet supported by codegen — narrow it first, e.g. `if v is i32 { print(v) }`",null|1
c08370,F,i64,1,elem_place,nenull,print,0,inline,loud_check_reject,"[ERROR]: print of a union value (i64?) is type-valid but not yet supported by codegen — narrow it first, e.g. `if v is i32 { print(v) }`",70|1
c08371,F,i64,1,elem_place,nenull,print,1,inline,loud_check_reject,"[ERROR]: print of a union value (i64?) is type-valid but not yet supported by codegen — narrow it first, e.g. `if v is i32 { print(v) }`",NUL|1
c08372,F,i64,1,elem_place,eqnull_else,print,0,inline,loud_check_reject,"[ERROR]: print of a union value (i64?) is type-valid but not yet supported by codegen — narrow it first, e.g. `if v is i32 { print(v) }`",70|1
c08373,F,i64,1,elem_place,eqnull_else,print,1,inline,loud_check_reject,"[ERROR]: print of a union value (i64?) is type-valid but not yet supported by codegen — narrow it first, e.g. `if v is i32 { print(v) }`",NUL|1
c08374,F,i64,1,elem_place,is_t,print,0,inline,loud_check_reject,"[ERROR]: print of a union value (i64?) is type-valid but not yet supported by codegen — narrow it first, e.g. `if v is i32 { print(v) }`",70|1
c08375,F,i64,1,elem_place,is_t,print,1,inline,loud_check_reject,"[ERROR]: print of a union value (i64?) is type-valid but not yet supported by codegen — narrow it first, e.g. `if v is i32 { print(v) }`",NUL|1
c08376,F,i64,1,elem_place,match_null,print,0,inline,loud_check_reject,"[ERROR]: print of a union value (i64?) is type-valid but not yet supported by codegen — narrow it first, e.g. `if v is i32 { print(v) }`",70|1
c08377,F,i64,1,elem_place,match_null,print,1,inline,loud_check_reject,"[ERROR]: print of a union value (i64?) is type-valid but not yet supported by codegen — narrow it first, e.g. `if v is i32 { print(v) }`",NUL|1
c08378,F,i64,1,elem_place,coalesce,print,0,inline,loud_emit_reject,emitProgram: `??` is only supported on a map index get,70|1
c08379,F,i64,1,elem_place,coalesce,print,1,inline,loud_emit_reject,emitProgram: `??` is only supported on a map index get,0|1
c08380,F,i64,1,elem_place,printdirect,print,0,inline,loud_check_reject,"[ERROR]: print of a union value (i64?) is type-valid but not yet supported by codegen — narrow it first, e.g. `if v is i32 { print(v) }`",70|1
c08381,F,i64,1,elem_place,printdirect,print,1,inline,loud_check_reject,"[ERROR]: print of a union value (i64?) is type-valid but not yet supported by codegen — narrow it first, e.g. `if v is i32 { print(v) }`",null|1
c08382,F,i64,1,mapval_place,nenull,print,0,inline,loud_check_reject,"[ERROR]: print of a union value (i64??) is type-valid but not yet supported by codegen — narrow it first, e.g. `if v is i32 { print(v) }`",70|1
c08383,F,i64,1,mapval_place,nenull,print,1,inline,loud_check_reject,"[ERROR]: print of a union value (i64??) is type-valid but not yet supported by codegen — narrow it first, e.g. `if v is i32 { print(v) }`",NUL|1
c08384,F,i64,1,mapval_place,eqnull_else,print,0,inline,loud_check_reject,"[ERROR]: print of a union value (i64??) is type-valid but not yet supported by codegen — narrow it first, e.g. `if v is i32 { print(v) }`",70|1
c08385,F,i64,1,mapval_place,eqnull_else,print,1,inline,loud_check_reject,"[ERROR]: print of a union value (i64??) is type-valid but not yet supported by codegen — narrow it first, e.g. `if v is i32 { print(v) }`",NUL|1
c08386,F,i64,1,mapval_place,is_t,print,0,inline,loud_check_reject,"[ERROR]: print of a union value (i64??) is type-valid but not yet supported by codegen — narrow it first, e.g. `if v is i32 { print(v) }`",70|1
c08387,F,i64,1,mapval_place,is_t,print,1,inline,loud_check_reject,"[ERROR]: print of a union value (i64??) is type-valid but not yet supported by codegen — narrow it first, e.g. `if v is i32 { print(v) }`",NUL|1
c08388,F,i64,1,mapval_place,match_null,print,0,inline,loud_check_reject,"[ERROR]: print of a union value (i64??) is type-valid but not yet supported by codegen — narrow it first, e.g. `if v is i32 { print(v) }`",70|1
c08389,F,i64,1,mapval_place,match_null,print,1,inline,loud_check_reject,"[ERROR]: print of a union value (i64??) is type-valid but not yet supported by codegen — narrow it first, e.g. `if v is i32 { print(v) }`",NUL|1
c08390,F,i64,1,mapval_place,coalesce,print,0,inline,correct,,70|1
c08391,F,i64,1,mapval_place,coalesce,print,1,inline,correct,,0|1
c08392,F,i64,1,mapval_place,printdirect,print,0,inline,loud_check_reject,"[ERROR]: print of a union value (i64??) is type-valid but not yet supported by codegen — narrow it first, e.g. `if v is i32 { print(v) }`",70|1
c08393,F,i64,1,mapval_place,printdirect,print,1,inline,loud_check_reject,"[ERROR]: print of a union value (i64??) is type-valid but not yet supported by codegen — narrow it first, e.g. `if v is i32 { print(v) }`",null|1
c08394,F,i64,1,mapget,nenull,print,0,inline,loud_emit_reject,emitProgram: bare null needs a struct-typed context,70|1
c08395,F,i64,1,mapget,nenull,print,1,inline,loud_emit_reject,emitProgram: bare null needs a struct-typed context,NUL|1
c08396,F,i64,1,mapget,eqnull_else,print,0,inline,loud_emit_reject,emitProgram: bare null needs a struct-typed context,70|1
c08397,F,i64,1,mapget,eqnull_else,print,1,inline,loud_emit_reject,emitProgram: bare null needs a struct-typed context,NUL|1
c08398,F,i64,1,mapget,is_t,print,0,inline,loud_emit_reject,emitProgram: `is` test but no union type declared,70|1
c08399,F,i64,1,mapget,is_t,print,1,inline,loud_emit_reject,emitProgram: `is` test but no union type declared,NUL|1
c08400,F,i64,1,mapget,match_null,print,0,inline,loud_emit_reject,emitProgram: `is` test but no union type declared,70|1
c08401,F,i64,1,mapget,match_null,print,1,inline,loud_emit_reject,emitProgram: `is` test but no union type declared,NUL|1
c08402,F,i64,1,mapget,coalesce,print,0,inline,loud_emit_reject,emitProgram: `??` is only supported on a map index get,70|1
c08403,F,i64,1,mapget,coalesce,print,1,inline,loud_emit_reject,emitProgram: `??` is only supported on a map index get,0|1
c08404,F,i64,1,mapget,printdirect,print,0,inline,loud_check_reject,"[ERROR]: print of a union value (i64?) is type-valid but not yet supported by codegen — narrow it first, e.g. `if v is i32 { print(v) }`",70|1
c08405,F,i64,1,mapget,printdirect,print,1,inline,loud_check_reject,"[ERROR]: print of a union value (i64?) is type-valid but not yet supported by codegen — narrow it first, e.g. `if v is i32 { print(v) }`",null|1
c08406,F,f64,1,field_place,nenull,print,0,inline,correct,,7.25|1
c08407,F,f64,1,field_place,nenull,print,1,inline,correct,,NUL|1
c08408,F,f64,1,field_place,eqnull_else,print,0,inline,correct,,7.25|1
c08409,F,f64,1,field_place,eqnull_else,print,1,inline,correct,,NUL|1
c08410,F,f64,1,field_place,is_t,print,0,inline,correct,,7.25|1
c08411,F,f64,1,field_place,is_t,print,1,inline,correct,,NUL|1
c08412,F,f64,1,field_place,match_null,print,0,inline,correct,,7.25|1
c08413,F,f64,1,field_place,match_null,print,1,inline,correct,,NUL|1
c08414,F,f64,1,field_place,coalesce,print,0,inline,correct,,7.25|1
c08415,F,f64,1,field_place,coalesce,print,1,inline,correct,,0.5|1
c08416,F,f64,1,field_place,printdirect,print,0,inline,loud_check_reject,"[ERROR]: print of a union value (f64?) is type-valid but not yet supported by codegen — narrow it first, e.g. `if v is i32 { print(v) }`",7.25|1
c08417,F,f64,1,field_place,printdirect,print,1,inline,loud_check_reject,"[ERROR]: print of a union value (f64?) is type-valid but not yet supported by codegen — narrow it first, e.g. `if v is i32 { print(v) }`",null|1
c08418,F,f64,1,elem_place,nenull,print,0,inline,loud_check_reject,"[ERROR]: print of a union value (f64?) is type-valid but not yet supported by codegen — narrow it first, e.g. `if v is i32 { print(v) }`",7.25|1
c08419,F,f64,1,elem_place,nenull,print,1,inline,loud_check_reject,"[ERROR]: print of a union value (f64?) is type-valid but not yet supported by codegen — narrow it first, e.g. `if v is i32 { print(v) }`",NUL|1
c08420,F,f64,1,elem_place,eqnull_else,print,0,inline,loud_check_reject,"[ERROR]: print of a union value (f64?) is type-valid but not yet supported by codegen — narrow it first, e.g. `if v is i32 { print(v) }`",7.25|1
c08421,F,f64,1,elem_place,eqnull_else,print,1,inline,loud_check_reject,"[ERROR]: print of a union value (f64?) is type-valid but not yet supported by codegen — narrow it first, e.g. `if v is i32 { print(v) }`",NUL|1
c08422,F,f64,1,elem_place,is_t,print,0,inline,loud_check_reject,"[ERROR]: print of a union value (f64?) is type-valid but not yet supported by codegen — narrow it first, e.g. `if v is i32 { print(v) }`",7.25|1
c08423,F,f64,1,elem_place,is_t,print,1,inline,loud_check_reject,"[ERROR]: print of a union value (f64?) is type-valid but not yet supported by codegen — narrow it first, e.g. `if v is i32 { print(v) }`",NUL|1
c08424,F,f64,1,elem_place,match_null,print,0,inline,loud_check_reject,"[ERROR]: print of a union value (f64?) is type-valid but not yet supported by codegen — narrow it first, e.g. `if v is i32 { print(v) }`",7.25|1
c08425,F,f64,1,elem_place,match_null,print,1,inline,loud_check_reject,"[ERROR]: print of a union value (f64?) is type-valid but not yet supported by codegen — narrow it first, e.g. `if v is i32 { print(v) }`",NUL|1
c08426,F,f64,1,elem_place,coalesce,print,0,inline,loud_emit_reject,emitProgram: `??` is only supported on a map index get,7.25|1
c08427,F,f64,1,elem_place,coalesce,print,1,inline,loud_emit_reject,emitProgram: `??` is only supported on a map index get,0.5|1
c08428,F,f64,1,elem_place,printdirect,print,0,inline,loud_check_reject,"[ERROR]: print of a union value (f64?) is type-valid but not yet supported by codegen — narrow it first, e.g. `if v is i32 { print(v) }`",7.25|1
c08429,F,f64,1,elem_place,printdirect,print,1,inline,loud_check_reject,"[ERROR]: print of a union value (f64?) is type-valid but not yet supported by codegen — narrow it first, e.g. `if v is i32 { print(v) }`",null|1
c08430,F,f64,1,mapval_place,nenull,print,0,inline,loud_check_reject,"[ERROR]: print of a union value (f64??) is type-valid but not yet supported by codegen — narrow it first, e.g. `if v is i32 { print(v) }`",7.25|1
c08431,F,f64,1,mapval_place,nenull,print,1,inline,loud_check_reject,"[ERROR]: print of a union value (f64??) is type-valid but not yet supported by codegen — narrow it first, e.g. `if v is i32 { print(v) }`",NUL|1
c08432,F,f64,1,mapval_place,eqnull_else,print,0,inline,loud_check_reject,"[ERROR]: print of a union value (f64??) is type-valid but not yet supported by codegen — narrow it first, e.g. `if v is i32 { print(v) }`",7.25|1
c08433,F,f64,1,mapval_place,eqnull_else,print,1,inline,loud_check_reject,"[ERROR]: print of a union value (f64??) is type-valid but not yet supported by codegen — narrow it first, e.g. `if v is i32 { print(v) }`",NUL|1
c08434,F,f64,1,mapval_place,is_t,print,0,inline,loud_check_reject,"[ERROR]: print of a union value (f64??) is type-valid but not yet supported by codegen — narrow it first, e.g. `if v is i32 { print(v) }`",7.25|1
c08435,F,f64,1,mapval_place,is_t,print,1,inline,loud_check_reject,"[ERROR]: print of a union value (f64??) is type-valid but not yet supported by codegen — narrow it first, e.g. `if v is i32 { print(v) }`",NUL|1
c08436,F,f64,1,mapval_place,match_null,print,0,inline,loud_check_reject,"[ERROR]: print of a union value (f64??) is type-valid but not yet supported by codegen — narrow it first, e.g. `if v is i32 { print(v) }`",7.25|1
c08437,F,f64,1,mapval_place,match_null,print,1,inline,loud_check_reject,"[ERROR]: print of a union value (f64??) is type-valid but not yet supported by codegen — narrow it first, e.g. `if v is i32 { print(v) }`",NUL|1
c08438,F,f64,1,mapval_place,coalesce,print,0,inline,correct,,7.25|1
c08439,F,f64,1,mapval_place,coalesce,print,1,inline,correct,,0.5|1
c08440,F,f64,1,mapval_place,printdirect,print,0,inline,loud_check_reject,"[ERROR]: print of a union value (f64??) is type-valid but not yet supported by codegen — narrow it first, e.g. `if v is i32 { print(v) }`",7.25|1
c08441,F,f64,1,mapval_place,printdirect,print,1,inline,loud_check_reject,"[ERROR]: print of a union value (f64??) is type-valid but not yet supported by codegen — narrow it first, e.g. `if v is i32 { print(v) }`",null|1
c08442,F,f64,1,mapget,nenull,print,0,inline,loud_emit_reject,emitProgram: bare null needs a struct-typed context,7.25|1
c08443,F,f64,1,mapget,nenull,print,1,inline,loud_emit_reject,emitProgram: bare null needs a struct-typed context,NUL|1
c08444,F,f64,1,mapget,eqnull_else,print,0,inline,loud_emit_reject,emitProgram: bare null needs a struct-typed context,7.25|1
c08445,F,f64,1,mapget,eqnull_else,print,1,inline,loud_emit_reject,emitProgram: bare null needs a struct-typed context,NUL|1
c08446,F,f64,1,mapget,is_t,print,0,inline,loud_emit_reject,emitProgram: `is` test but no union type declared,7.25|1
c08447,F,f64,1,mapget,is_t,print,1,inline,loud_emit_reject,emitProgram: `is` test but no union type declared,NUL|1
c08448,F,f64,1,mapget,match_null,print,0,inline,loud_emit_reject,emitProgram: `is` test but no union type declared,7.25|1
c08449,F,f64,1,mapget,match_null,print,1,inline,loud_emit_reject,emitProgram: `is` test but no union type declared,NUL|1
c08450,F,f64,1,mapget,coalesce,print,0,inline,loud_emit_reject,emitProgram: `??` is only supported on a map index get,7.25|1
c08451,F,f64,1,mapget,coalesce,print,1,inline,loud_emit_reject,emitProgram: `??` is only supported on a map index get,0.5|1
c08452,F,f64,1,mapget,printdirect,print,0,inline,loud_check_reject,"[ERROR]: print of a union value (f64?) is type-valid but not yet supported by codegen — narrow it first, e.g. `if v is i32 { print(v) }`",7.25|1
c08453,F,f64,1,mapget,printdirect,print,1,inline,loud_check_reject,"[ERROR]: print of a union value (f64?) is type-valid but not yet supported by codegen — narrow it first, e.g. `if v is i32 { print(v) }`",null|1
c08454,F,f32,1,field_place,nenull,print,0,inline,correct,,7.25|1
c08455,F,f32,1,field_place,nenull,print,1,inline,correct,,NUL|1
c08456,F,f32,1,field_place,eqnull_else,print,0,inline,correct,,7.25|1
c08457,F,f32,1,field_place,eqnull_else,print,1,inline,correct,,NUL|1
c08458,F,f32,1,field_place,is_t,print,0,inline,correct,,7.25|1
c08459,F,f32,1,field_place,is_t,print,1,inline,correct,,NUL|1
c08460,F,f32,1,field_place,match_null,print,0,inline,correct,,7.25|1
c08461,F,f32,1,field_place,match_null,print,1,inline,correct,,NUL|1
c08462,F,f32,1,field_place,coalesce,print,0,inline,correct,,7.25|1
c08463,F,f32,1,field_place,coalesce,print,1,inline,correct,,0.5|1
c08464,F,f32,1,field_place,printdirect,print,0,inline,loud_check_reject,"[ERROR]: print of a union value (f32?) is type-valid but not yet supported by codegen — narrow it first, e.g. `if v is i32 { print(v) }`",7.25|1
c08465,F,f32,1,field_place,printdirect,print,1,inline,loud_check_reject,"[ERROR]: print of a union value (f32?) is type-valid but not yet supported by codegen — narrow it first, e.g. `if v is i32 { print(v) }`",null|1
c08466,F,f32,1,elem_place,nenull,print,0,inline,loud_check_reject,"[ERROR]: print of a union value (f32?) is type-valid but not yet supported by codegen — narrow it first, e.g. `if v is i32 { print(v) }`",7.25|1
c08467,F,f32,1,elem_place,nenull,print,1,inline,loud_check_reject,"[ERROR]: print of a union value (f32?) is type-valid but not yet supported by codegen — narrow it first, e.g. `if v is i32 { print(v) }`",NUL|1
c08468,F,f32,1,elem_place,eqnull_else,print,0,inline,loud_check_reject,"[ERROR]: print of a union value (f32?) is type-valid but not yet supported by codegen — narrow it first, e.g. `if v is i32 { print(v) }`",7.25|1
c08469,F,f32,1,elem_place,eqnull_else,print,1,inline,loud_check_reject,"[ERROR]: print of a union value (f32?) is type-valid but not yet supported by codegen — narrow it first, e.g. `if v is i32 { print(v) }`",NUL|1
c08470,F,f32,1,elem_place,is_t,print,0,inline,loud_check_reject,"[ERROR]: print of a union value (f32?) is type-valid but not yet supported by codegen — narrow it first, e.g. `if v is i32 { print(v) }`",7.25|1
c08471,F,f32,1,elem_place,is_t,print,1,inline,loud_check_reject,"[ERROR]: print of a union value (f32?) is type-valid but not yet supported by codegen — narrow it first, e.g. `if v is i32 { print(v) }`",NUL|1
c08472,F,f32,1,elem_place,match_null,print,0,inline,loud_check_reject,"[ERROR]: print of a union value (f32?) is type-valid but not yet supported by codegen — narrow it first, e.g. `if v is i32 { print(v) }`",7.25|1
c08473,F,f32,1,elem_place,match_null,print,1,inline,loud_check_reject,"[ERROR]: print of a union value (f32?) is type-valid but not yet supported by codegen — narrow it first, e.g. `if v is i32 { print(v) }`",NUL|1
c08474,F,f32,1,elem_place,coalesce,print,0,inline,loud_emit_reject,emitProgram: `??` is only supported on a map index get,7.25|1
c08475,F,f32,1,elem_place,coalesce,print,1,inline,loud_emit_reject,emitProgram: `??` is only supported on a map index get,0.5|1
c08476,F,f32,1,elem_place,printdirect,print,0,inline,loud_check_reject,"[ERROR]: print of a union value (f32?) is type-valid but not yet supported by codegen — narrow it first, e.g. `if v is i32 { print(v) }`",7.25|1
c08477,F,f32,1,elem_place,printdirect,print,1,inline,loud_check_reject,"[ERROR]: print of a union value (f32?) is type-valid but not yet supported by codegen — narrow it first, e.g. `if v is i32 { print(v) }`",null|1
c08478,F,f32,1,mapval_place,nenull,print,0,inline,loud_check_reject,"[ERROR]: print of a union value (f32??) is type-valid but not yet supported by codegen — narrow it first, e.g. `if v is i32 { print(v) }`",7.25|1
c08479,F,f32,1,mapval_place,nenull,print,1,inline,loud_check_reject,"[ERROR]: print of a union value (f32??) is type-valid but not yet supported by codegen — narrow it first, e.g. `if v is i32 { print(v) }`",NUL|1
c08480,F,f32,1,mapval_place,eqnull_else,print,0,inline,loud_check_reject,"[ERROR]: print of a union value (f32??) is type-valid but not yet supported by codegen — narrow it first, e.g. `if v is i32 { print(v) }`",7.25|1
c08481,F,f32,1,mapval_place,eqnull_else,print,1,inline,loud_check_reject,"[ERROR]: print of a union value (f32??) is type-valid but not yet supported by codegen — narrow it first, e.g. `if v is i32 { print(v) }`",NUL|1
c08482,F,f32,1,mapval_place,is_t,print,0,inline,loud_check_reject,"[ERROR]: print of a union value (f32??) is type-valid but not yet supported by codegen — narrow it first, e.g. `if v is i32 { print(v) }`",7.25|1
c08483,F,f32,1,mapval_place,is_t,print,1,inline,loud_check_reject,"[ERROR]: print of a union value (f32??) is type-valid but not yet supported by codegen — narrow it first, e.g. `if v is i32 { print(v) }`",NUL|1
c08484,F,f32,1,mapval_place,match_null,print,0,inline,loud_check_reject,"[ERROR]: print of a union value (f32??) is type-valid but not yet supported by codegen — narrow it first, e.g. `if v is i32 { print(v) }`",7.25|1
c08485,F,f32,1,mapval_place,match_null,print,1,inline,loud_check_reject,"[ERROR]: print of a union value (f32??) is type-valid but not yet supported by codegen — narrow it first, e.g. `if v is i32 { print(v) }`",NUL|1
c08486,F,f32,1,mapval_place,coalesce,print,0,inline,correct,,7.25|1
c08487,F,f32,1,mapval_place,coalesce,print,1,inline,correct,,0.5|1
c08488,F,f32,1,mapval_place,printdirect,print,0,inline,loud_check_reject,"[ERROR]: print of a union value (f32??) is type-valid but not yet supported by codegen — narrow it first, e.g. `if v is i32 { print(v) }`",7.25|1
c08489,F,f32,1,mapval_place,printdirect,print,1,inline,loud_check_reject,"[ERROR]: print of a union value (f32??) is type-valid but not yet supported by codegen — narrow it first, e.g. `if v is i32 { print(v) }`",null|1
c08490,F,f32,1,mapget,nenull,print,0,inline,loud_emit_reject,emitProgram: bare null needs a struct-typed context,7.25|1
c08491,F,f32,1,mapget,nenull,print,1,inline,loud_emit_reject,emitProgram: bare null needs a struct-typed context,NUL|1
c08492,F,f32,1,mapget,eqnull_else,print,0,inline,loud_emit_reject,emitProgram: bare null needs a struct-typed context,7.25|1
c08493,F,f32,1,mapget,eqnull_else,print,1,inline,loud_emit_reject,emitProgram: bare null needs a struct-typed context,NUL|1
c08494,F,f32,1,mapget,is_t,print,0,inline,loud_emit_reject,emitProgram: `is` test but no union type declared,7.25|1
c08495,F,f32,1,mapget,is_t,print,1,inline,loud_emit_reject,emitProgram: `is` test but no union type declared,NUL|1
c08496,F,f32,1,mapget,match_null,print,0,inline,loud_emit_reject,emitProgram: `is` test but no union type declared,7.25|1
c08497,F,f32,1,mapget,match_null,print,1,inline,loud_emit_reject,emitProgram: `is` test but no union type declared,NUL|1
c08498,F,f32,1,mapget,coalesce,print,0,inline,loud_emit_reject,emitProgram: `??` is only supported on a map index get,7.25|1
c08499,F,f32,1,mapget,coalesce,print,1,inline,loud_emit_reject,emitProgram: `??` is only supported on a map index get,0.5|1
c08500,F,f32,1,mapget,printdirect,print,0,inline,loud_check_reject,"[ERROR]: print of a union value (f32?) is type-valid but not yet supported by codegen — narrow it first, e.g. `if v is i32 { print(v) }`",7.25|1
c08501,F,f32,1,mapget,printdirect,print,1,inline,loud_check_reject,"[ERROR]: print of a union value (f32?) is type-valid but not yet supported by codegen — narrow it first, e.g. `if v is i32 { print(v) }`",null|1
c08502,F,boolean,1,field_place,nenull,print,0,inline,correct,,true|1
c08503,F,boolean,1,field_place,nenull,print,1,inline,correct,,NUL|1
c08504,F,boolean,1,field_place,eqnull_else,print,0,inline,correct,,true|1
c08505,F,boolean,1,field_place,eqnull_else,print,1,inline,correct,,NUL|1
c08506,F,boolean,1,field_place,is_t,print,0,inline,correct,,true|1
c08507,F,boolean,1,field_place,is_t,print,1,inline,correct,,NUL|1
c08508,F,boolean,1,field_place,match_null,print,0,inline,correct,,true|1
c08509,F,boolean,1,field_place,match_null,print,1,inline,correct,,NUL|1
c08510,F,boolean,1,field_place,coalesce,print,0,inline,correct,,true|1
c08511,F,boolean,1,field_place,coalesce,print,1,inline,correct,,false|1
c08512,F,boolean,1,field_place,printdirect,print,0,inline,correct,,true|1
c08513,F,boolean,1,field_place,printdirect,print,1,inline,correct,,null|1
c08514,F,boolean,1,elem_place,nenull,print,0,inline,correct,,true|1
c08515,F,boolean,1,elem_place,nenull,print,1,inline,correct,,NUL|1
c08516,F,boolean,1,elem_place,eqnull_else,print,0,inline,correct,,true|1
c08517,F,boolean,1,elem_place,eqnull_else,print,1,inline,correct,,NUL|1
c08518,F,boolean,1,elem_place,is_t,print,0,inline,correct,,true|1
c08519,F,boolean,1,elem_place,is_t,print,1,inline,correct,,NUL|1
c08520,F,boolean,1,elem_place,match_null,print,0,inline,correct,,true|1
c08521,F,boolean,1,elem_place,match_null,print,1,inline,correct,,NUL|1
c08522,F,boolean,1,elem_place,coalesce,print,0,inline,correct,,true|1
c08523,F,boolean,1,elem_place,coalesce,print,1,inline,correct,,false|1
c08524,F,boolean,1,elem_place,printdirect,print,0,inline,correct,,true|1
c08525,F,boolean,1,elem_place,printdirect,print,1,inline,correct,,null|1
c08526,F,boolean,1,mapval_place,nenull,print,0,inline,correct,,true|1
c08527,F,boolean,1,mapval_place,nenull,print,1,inline,correct,,NUL|1
c08528,F,boolean,1,mapval_place,eqnull_else,print,0,inline,correct,,true|1
c08529,F,boolean,1,mapval_place,eqnull_else,print,1,inline,correct,,NUL|1
c08530,F,boolean,1,mapval_place,is_t,print,0,inline,correct,,true|1
c08531,F,boolean,1,mapval_place,is_t,print,1,inline,correct,,NUL|1
c08532,F,boolean,1,mapval_place,match_null,print,0,inline,correct,,true|1
c08533,F,boolean,1,mapval_place,match_null,print,1,inline,correct,,NUL|1
c08534,F,boolean,1,mapval_place,coalesce,print,0,inline,correct,,true|1
c08535,F,boolean,1,mapval_place,coalesce,print,1,inline,correct,,false|1
c08536,F,boolean,1,mapval_place,printdirect,print,0,inline,correct,,true|1
c08537,F,boolean,1,mapval_place,printdirect,print,1,inline,correct,,null|1
c08538,F,boolean,1,mapget,nenull,print,0,inline,correct,,true|1
c08539,F,boolean,1,mapget,nenull,print,1,inline,correct,,NUL|1
c08540,F,boolean,1,mapget,eqnull_else,print,0,inline,correct,,true|1
c08541,F,boolean,1,mapget,eqnull_else,print,1,inline,correct,,NUL|1
c08542,F,boolean,1,mapget,is_t,print,0,inline,correct,,true|1
c08543,F,boolean,1,mapget,is_t,print,1,inline,correct,,NUL|1
c08544,F,boolean,1,mapget,match_null,print,0,inline,correct,,true|1
c08545,F,boolean,1,mapget,match_null,print,1,inline,correct,,NUL|1
c08546,F,boolean,1,mapget,coalesce,print,0,inline,correct,,true|1
c08547,F,boolean,1,mapget,coalesce,print,1,inline,correct,,false|1
c08548,F,boolean,1,mapget,printdirect,print,0,inline,correct,,true|1
c08549,F,boolean,1,mapget,printdirect,print,1,inline,correct,,null|1
c08550,F,string,1,field_place,nenull,print,0,inline,correct,,aa|1
c08551,F,string,1,field_place,nenull,print,1,inline,correct,,NUL|1
c08552,F,string,1,field_place,eqnull_else,print,0,inline,correct,,aa|1
c08553,F,string,1,field_place,eqnull_else,print,1,inline,correct,,NUL|1
c08554,F,string,1,field_place,is_t,print,0,inline,correct,,aa|1
c08555,F,string,1,field_place,is_t,print,1,inline,correct,,NUL|1
c08556,F,string,1,field_place,match_null,print,0,inline,correct,,aa|1
c08557,F,string,1,field_place,match_null,print,1,inline,correct,,NUL|1
c08558,F,string,1,field_place,coalesce,print,0,inline,correct,,aa|1
c08559,F,string,1,field_place,coalesce,print,1,inline,correct,,DD|1
c08560,F,string,1,field_place,printdirect,print,0,inline,correct,,aa|1
c08561,F,string,1,field_place,printdirect,print,1,inline,correct,,null|1
c08562,F,string,1,elem_place,nenull,print,0,inline,correct,,aa|1
c08563,F,string,1,elem_place,nenull,print,1,inline,correct,,NUL|1
c08564,F,string,1,elem_place,eqnull_else,print,0,inline,correct,,aa|1
c08565,F,string,1,elem_place,eqnull_else,print,1,inline,correct,,NUL|1
c08566,F,string,1,elem_place,is_t,print,0,inline,correct,,aa|1
c08567,F,string,1,elem_place,is_t,print,1,inline,correct,,NUL|1
c08568,F,string,1,elem_place,match_null,print,0,inline,correct,,aa|1
c08569,F,string,1,elem_place,match_null,print,1,inline,correct,,NUL|1
c08570,F,string,1,elem_place,coalesce,print,0,inline,invalid_wasm,"1: Invalid input WebAssembly code at offset 354: type mismatch: expected (ref $type), found (ref null $type)",aa|1
c08571,F,string,1,elem_place,coalesce,print,1,inline,invalid_wasm,"1: Invalid input WebAssembly code at offset 340: type mismatch: expected (ref $type), found (ref null $type)",DD|1
c08572,F,string,1,elem_place,printdirect,print,0,inline,correct,,aa|1
c08573,F,string,1,elem_place,printdirect,print,1,inline,correct,,null|1
c08574,F,string,1,mapval_place,nenull,print,0,inline,correct,,aa|1
c08575,F,string,1,mapval_place,nenull,print,1,inline,correct,,NUL|1
c08576,F,string,1,mapval_place,eqnull_else,print,0,inline,correct,,aa|1
c08577,F,string,1,mapval_place,eqnull_else,print,1,inline,correct,,NUL|1
c08578,F,string,1,mapval_place,is_t,print,0,inline,correct,,aa|1
c08579,F,string,1,mapval_place,is_t,print,1,inline,correct,,NUL|1
c08580,F,string,1,mapval_place,match_null,print,0,inline,correct,,aa|1
c08581,F,string,1,mapval_place,match_null,print,1,inline,correct,,NUL|1
c08582,F,string,1,mapval_place,coalesce,print,0,inline,correct,,aa|1
c08583,F,string,1,mapval_place,coalesce,print,1,inline,correct,,DD|1
c08584,F,string,1,mapval_place,printdirect,print,0,inline,correct,,aa|1
c08585,F,string,1,mapval_place,printdirect,print,1,inline,correct,,null|1
c08586,F,string,1,mapget,nenull,print,0,inline,correct,,aa|1
c08587,F,string,1,mapget,nenull,print,1,inline,correct,,NUL|1
c08588,F,string,1,mapget,eqnull_else,print,0,inline,correct,,aa|1
c08589,F,string,1,mapget,eqnull_else,print,1,inline,correct,,NUL|1
c08590,F,string,1,mapget,is_t,print,0,inline,correct,,aa|1
c08591,F,string,1,mapget,is_t,print,1,inline,correct,,NUL|1
c08592,F,string,1,mapget,match_null,print,0,inline,correct,,aa|1
c08593,F,string,1,mapget,match_null,print,1,inline,correct,,NUL|1
c08594,F,string,1,mapget,coalesce,print,0,inline,correct,,aa|1
c08595,F,string,1,mapget,coalesce,print,1,inline,correct,,DD|1
c08596,F,string,1,mapget,printdirect,print,0,inline,correct,,aa|1
c08597,F,string,1,mapget,printdirect,print,1,inline,correct,,null|1
c08598,F,namedlit,1,field_place,nenull,print,0,inline,correct,,p|1
c08599,F,namedlit,1,field_place,nenull,print,1,inline,correct,,NUL|1
c08600,F,namedlit,1,field_place,eqnull_else,print,0,inline,correct,,p|1
c08601,F,namedlit,1,field_place,eqnull_else,print,1,inline,correct,,NUL|1
c08602,F,namedlit,1,field_place,is_t,print,0,inline,correct,,p|1
c08603,F,namedlit,1,field_place,is_t,print,1,inline,correct,,NUL|1
c08604,F,namedlit,1,field_place,match_null,print,0,inline,loud_check_reject,"[ERROR]: match over a union with literal members is not supported — compare them with `==` in an if-chain, got ""p"" | ""q""?",p|1
c08605,F,namedlit,1,field_place,match_null,print,1,inline,loud_check_reject,"[ERROR]: match over a union with literal members is not supported — compare them with `==` in an if-chain, got ""p"" | ""q""?",NUL|1
c08606,F,namedlit,1,field_place,coalesce,print,0,inline,correct,,p|1
c08607,F,namedlit,1,field_place,coalesce,print,1,inline,correct,,q|1
c08608,F,namedlit,1,field_place,printdirect,print,0,inline,correct,,p|1
c08609,F,namedlit,1,field_place,printdirect,print,1,inline,correct,,null|1
c08610,F,namedlit,1,elem_place,nenull,print,0,inline,correct,,p|1
c08611,F,namedlit,1,elem_place,nenull,print,1,inline,correct,,NUL|1
c08612,F,namedlit,1,elem_place,eqnull_else,print,0,inline,correct,,p|1
c08613,F,namedlit,1,elem_place,eqnull_else,print,1,inline,correct,,NUL|1
c08614,F,namedlit,1,elem_place,is_t,print,0,inline,correct,,p|1
c08615,F,namedlit,1,elem_place,is_t,print,1,inline,correct,,NUL|1
c08616,F,namedlit,1,elem_place,match_null,print,0,inline,loud_check_reject,"[ERROR]: match over a union with literal members is not supported — compare them with `==` in an if-chain, got ""p"" | ""q""?",p|1
c08617,F,namedlit,1,elem_place,match_null,print,1,inline,loud_check_reject,"[ERROR]: match over a union with literal members is not supported — compare them with `==` in an if-chain, got ""p"" | ""q""?",NUL|1
c08618,F,namedlit,1,elem_place,coalesce,print,0,inline,correct,,p|1
c08619,F,namedlit,1,elem_place,coalesce,print,1,inline,correct,,q|1
c08620,F,namedlit,1,elem_place,printdirect,print,0,inline,correct,,p|1
c08621,F,namedlit,1,elem_place,printdirect,print,1,inline,correct,,null|1
c08622,F,namedlit,1,mapval_place,nenull,print,0,inline,correct,,p|1
c08623,F,namedlit,1,mapval_place,nenull,print,1,inline,correct,,NUL|1
c08624,F,namedlit,1,mapval_place,eqnull_else,print,0,inline,correct,,p|1
c08625,F,namedlit,1,mapval_place,eqnull_else,print,1,inline,correct,,NUL|1
c08626,F,namedlit,1,mapval_place,is_t,print,0,inline,correct,,p|1
c08627,F,namedlit,1,mapval_place,is_t,print,1,inline,correct,,NUL|1
c08628,F,namedlit,1,mapval_place,match_null,print,0,inline,loud_check_reject,"[ERROR]: match over a union with literal members is not supported — compare them with `==` in an if-chain, got ""p"" | ""q""??",p|1
c08629,F,namedlit,1,mapval_place,match_null,print,1,inline,loud_check_reject,"[ERROR]: match over a union with literal members is not supported — compare them with `==` in an if-chain, got ""p"" | ""q""??",NUL|1
c08630,F,namedlit,1,mapval_place,coalesce,print,0,inline,correct,,p|1
c08631,F,namedlit,1,mapval_place,coalesce,print,1,inline,correct,,q|1
c08632,F,namedlit,1,mapval_place,printdirect,print,0,inline,correct,,p|1
c08633,F,namedlit,1,mapval_place,printdirect,print,1,inline,correct,,null|1
c08634,F,namedlit,1,mapget,nenull,print,0,inline,correct,,p|1
c08635,F,namedlit,1,mapget,nenull,print,1,inline,correct,,NUL|1
c08636,F,namedlit,1,mapget,eqnull_else,print,0,inline,correct,,p|1
c08637,F,namedlit,1,mapget,eqnull_else,print,1,inline,correct,,NUL|1
c08638,F,namedlit,1,mapget,is_t,print,0,inline,correct,,p|1
c08639,F,namedlit,1,mapget,is_t,print,1,inline,correct,,NUL|1
c08640,F,namedlit,1,mapget,match_null,print,0,inline,loud_check_reject,"[ERROR]: match over a union with literal members is not supported — compare them with `==` in an if-chain, got ""p"" | ""q""?",p|1
c08641,F,namedlit,1,mapget,match_null,print,1,inline,loud_check_reject,"[ERROR]: match over a union with literal members is not supported — compare them with `==` in an if-chain, got ""p"" | ""q""?",NUL|1
c08642,F,namedlit,1,mapget,coalesce,print,0,inline,correct,,p|1
c08643,F,namedlit,1,mapget,coalesce,print,1,inline,correct,,q|1
c08644,F,namedlit,1,mapget,printdirect,print,0,inline,correct,,p|1
c08645,F,namedlit,1,mapget,printdirect,print,1,inline,correct,,null|1
c08646,F,inlinelit,1,field_place,nenull,print,0,inline,correct,,p|1
c08647,F,inlinelit,1,field_place,nenull,print,1,inline,correct,,NUL|1
c08648,F,inlinelit,1,field_place,eqnull_else,print,0,inline,correct,,p|1
c08649,F,inlinelit,1,field_place,eqnull_else,print,1,inline,correct,,NUL|1
c08650,F,inlinelit,1,field_place,is_t,print,0,inline,correct,,p|1
c08651,F,inlinelit,1,field_place,is_t,print,1,inline,correct,,NUL|1
c08652,F,inlinelit,1,field_place,match_null,print,0,inline,loud_check_reject,"[ERROR]: match over a union with literal members is not supported — compare them with `==` in an if-chain, got ""p"" | ""q""?",p|1
c08653,F,inlinelit,1,field_place,match_null,print,1,inline,loud_check_reject,"[ERROR]: match over a union with literal members is not supported — compare them with `==` in an if-chain, got ""p"" | ""q""?",NUL|1
c08654,F,inlinelit,1,field_place,coalesce,print,0,inline,correct,,p|1
c08655,F,inlinelit,1,field_place,coalesce,print,1,inline,correct,,q|1
c08656,F,inlinelit,1,field_place,printdirect,print,0,inline,correct,,p|1
c08657,F,inlinelit,1,field_place,printdirect,print,1,inline,correct,,null|1
c08658,F,inlinelit,1,elem_place,nenull,print,0,inline,correct,,p|1
c08659,F,inlinelit,1,elem_place,nenull,print,1,inline,correct,,NUL|1
c08660,F,inlinelit,1,elem_place,eqnull_else,print,0,inline,correct,,p|1
c08661,F,inlinelit,1,elem_place,eqnull_else,print,1,inline,correct,,NUL|1
c08662,F,inlinelit,1,elem_place,is_t,print,0,inline,correct,,p|1
c08663,F,inlinelit,1,elem_place,is_t,print,1,inline,correct,,NUL|1
c08664,F,inlinelit,1,elem_place,match_null,print,0,inline,loud_check_reject,"[ERROR]: match over a union with literal members is not supported — compare them with `==` in an if-chain, got ""p"" | ""q""?",p|1
c08665,F,inlinelit,1,elem_place,match_null,print,1,inline,loud_check_reject,"[ERROR]: match over a union with literal members is not supported — compare them with `==` in an if-chain, got ""p"" | ""q""?",NUL|1
c08666,F,inlinelit,1,elem_place,coalesce,print,0,inline,correct,,p|1
c08667,F,inlinelit,1,elem_place,coalesce,print,1,inline,correct,,q|1
c08668,F,inlinelit,1,elem_place,printdirect,print,0,inline,correct,,p|1
c08669,F,inlinelit,1,elem_place,printdirect,print,1,inline,correct,,null|1
c08670,F,inlinelit,1,mapval_place,nenull,print,0,inline,correct,,p|1
c08671,F,inlinelit,1,mapval_place,nenull,print,1,inline,correct,,NUL|1
c08672,F,inlinelit,1,mapval_place,eqnull_else,print,0,inline,correct,,p|1
c08673,F,inlinelit,1,mapval_place,eqnull_else,print,1,inline,correct,,NUL|1
c08674,F,inlinelit,1,mapval_place,is_t,print,0,inline,correct,,p|1
c08675,F,inlinelit,1,mapval_place,is_t,print,1,inline,correct,,NUL|1
c08676,F,inlinelit,1,mapval_place,match_null,print,0,inline,loud_check_reject,"[ERROR]: match over a union with literal members is not supported — compare them with `==` in an if-chain, got ""p"" | ""q""??",p|1
c08677,F,inlinelit,1,mapval_place,match_null,print,1,inline,loud_check_reject,"[ERROR]: match over a union with literal members is not supported — compare them with `==` in an if-chain, got ""p"" | ""q""??",NUL|1
c08678,F,inlinelit,1,mapval_place,coalesce,print,0,inline,correct,,p|1
c08679,F,inlinelit,1,mapval_place,coalesce,print,1,inline,correct,,q|1
c08680,F,inlinelit,1,mapval_place,printdirect,print,0,inline,correct,,p|1
c08681,F,inlinelit,1,mapval_place,printdirect,print,1,inline,correct,,null|1
c08682,F,inlinelit,1,mapget,nenull,print,0,inline,loud_emit_reject,emitProgram: literal-union atom narrowing needs a re-readable receiver,p|1
c08683,F,inlinelit,1,mapget,nenull,print,1,inline,loud_emit_reject,emitProgram: literal-union atom narrowing needs a re-readable receiver,NUL|1
c08684,F,inlinelit,1,mapget,eqnull_else,print,0,inline,loud_emit_reject,emitProgram: literal-union atom narrowing needs a re-readable receiver,p|1
c08685,F,inlinelit,1,mapget,eqnull_else,print,1,inline,loud_emit_reject,emitProgram: literal-union atom narrowing needs a re-readable receiver,NUL|1
c08686,F,inlinelit,1,mapget,is_t,print,0,inline,loud_emit_reject,emitProgram: literal-union atom narrowing needs a re-readable receiver,p|1
c08687,F,inlinelit,1,mapget,is_t,print,1,inline,loud_emit_reject,emitProgram: literal-union atom narrowing needs a re-readable receiver,NUL|1
c08688,F,inlinelit,1,mapget,match_null,print,0,inline,loud_check_reject,"[ERROR]: match over a union with literal members is not supported — compare them with `==` in an if-chain, got ""p"" | ""q""?",p|1
c08689,F,inlinelit,1,mapget,match_null,print,1,inline,loud_check_reject,"[ERROR]: match over a union with literal members is not supported — compare them with `==` in an if-chain, got ""p"" | ""q""?",NUL|1
c08690,F,inlinelit,1,mapget,coalesce,print,0,inline,loud_emit_reject,emitProgram: literal-union atom narrowing needs a re-readable receiver,p|1
c08691,F,inlinelit,1,mapget,coalesce,print,1,inline,loud_emit_reject,emitProgram: literal-union atom narrowing needs a re-readable receiver,q|1
c08692,F,inlinelit,1,mapget,printdirect,print,0,inline,loud_emit_reject,emitProgram: literal-union atom narrowing needs a re-readable receiver,p|1
c08693,F,inlinelit,1,mapget,printdirect,print,1,inline,loud_emit_reject,emitProgram: literal-union atom narrowing needs a re-readable receiver,null|1
c08694,F,numlit,1,field_place,nenull,print,0,inline,correct,,1|1
c08695,F,numlit,1,field_place,nenull,print,1,inline,correct,,NUL|1
c08696,F,numlit,1,field_place,eqnull_else,print,0,inline,correct,,1|1
c08697,F,numlit,1,field_place,eqnull_else,print,1,inline,correct,,NUL|1
c08698,F,numlit,1,field_place,is_t,print,0,inline,correct,,1|1
c08699,F,numlit,1,field_place,is_t,print,1,inline,correct,,NUL|1
c08700,F,numlit,1,field_place,match_null,print,0,inline,loud_check_reject,"[ERROR]: match over a union with literal members is not supported — compare them with `==` in an if-chain, got 1 | 2?",1|1
c08701,F,numlit,1,field_place,match_null,print,1,inline,loud_check_reject,"[ERROR]: match over a union with literal members is not supported — compare them with `==` in an if-chain, got 1 | 2?",NUL|1
c08702,F,numlit,1,field_place,coalesce,print,0,inline,correct,,1|1
c08703,F,numlit,1,field_place,coalesce,print,1,inline,correct,,2|1
c08704,F,numlit,1,field_place,printdirect,print,0,inline,loud_check_reject,"[ERROR]: print of a union value (1 | 2?) is type-valid but not yet supported by codegen — narrow it first, e.g. `if v is i32 { print(v) }`",1|1
c08705,F,numlit,1,field_place,printdirect,print,1,inline,loud_check_reject,"[ERROR]: print of a union value (1 | 2?) is type-valid but not yet supported by codegen — narrow it first, e.g. `if v is i32 { print(v) }`",null|1
c08706,F,numlit,1,elem_place,nenull,print,0,inline,loud_check_reject,"[ERROR]: print of a union value (1 | 2?) is type-valid but not yet supported by codegen — narrow it first, e.g. `if v is i32 { print(v) }`",1|1
c08707,F,numlit,1,elem_place,nenull,print,1,inline,loud_check_reject,"[ERROR]: print of a union value (1 | 2?) is type-valid but not yet supported by codegen — narrow it first, e.g. `if v is i32 { print(v) }`",NUL|1
c08708,F,numlit,1,elem_place,eqnull_else,print,0,inline,loud_check_reject,"[ERROR]: print of a union value (1 | 2?) is type-valid but not yet supported by codegen — narrow it first, e.g. `if v is i32 { print(v) }`",1|1
c08709,F,numlit,1,elem_place,eqnull_else,print,1,inline,loud_check_reject,"[ERROR]: print of a union value (1 | 2?) is type-valid but not yet supported by codegen — narrow it first, e.g. `if v is i32 { print(v) }`",NUL|1
c08710,F,numlit,1,elem_place,is_t,print,0,inline,loud_check_reject,"[ERROR]: print of a union value (1 | 2?) is type-valid but not yet supported by codegen — narrow it first, e.g. `if v is i32 { print(v) }`",1|1
c08711,F,numlit,1,elem_place,is_t,print,1,inline,loud_check_reject,"[ERROR]: print of a union value (1 | 2?) is type-valid but not yet supported by codegen — narrow it first, e.g. `if v is i32 { print(v) }`",NUL|1
c08712,F,numlit,1,elem_place,match_null,print,0,inline,loud_check_reject,"[ERROR]: match over a union with literal members is not supported — compare them with `==` in an if-chain, got 1 | 2?",1|1
c08713,F,numlit,1,elem_place,match_null,print,1,inline,loud_check_reject,"[ERROR]: match over a union with literal members is not supported — compare them with `==` in an if-chain, got 1 | 2?",NUL|1
c08714,F,numlit,1,elem_place,coalesce,print,0,inline,loud_emit_reject,emitProgram: `??` is only supported on a map index get,1|1
c08715,F,numlit,1,elem_place,coalesce,print,1,inline,loud_emit_reject,emitProgram: `??` is only supported on a map index get,2|1
c08716,F,numlit,1,elem_place,printdirect,print,0,inline,loud_check_reject,"[ERROR]: print of a union value (1 | 2?) is type-valid but not yet supported by codegen — narrow it first, e.g. `if v is i32 { print(v) }`",1|1
c08717,F,numlit,1,elem_place,printdirect,print,1,inline,loud_check_reject,"[ERROR]: print of a union value (1 | 2?) is type-valid but not yet supported by codegen — narrow it first, e.g. `if v is i32 { print(v) }`",null|1
c08718,F,numlit,1,mapval_place,nenull,print,0,inline,loud_check_reject,"[ERROR]: print of a union value (1 | 2??) is type-valid but not yet supported by codegen — narrow it first, e.g. `if v is i32 { print(v) }`",1|1
c08719,F,numlit,1,mapval_place,nenull,print,1,inline,loud_check_reject,"[ERROR]: print of a union value (1 | 2??) is type-valid but not yet supported by codegen — narrow it first, e.g. `if v is i32 { print(v) }`",NUL|1
c08720,F,numlit,1,mapval_place,eqnull_else,print,0,inline,loud_check_reject,"[ERROR]: print of a union value (1 | 2??) is type-valid but not yet supported by codegen — narrow it first, e.g. `if v is i32 { print(v) }`",1|1
c08721,F,numlit,1,mapval_place,eqnull_else,print,1,inline,loud_check_reject,"[ERROR]: print of a union value (1 | 2??) is type-valid but not yet supported by codegen — narrow it first, e.g. `if v is i32 { print(v) }`",NUL|1
c08722,F,numlit,1,mapval_place,is_t,print,0,inline,loud_check_reject,"[ERROR]: print of a union value (1 | 2??) is type-valid but not yet supported by codegen — narrow it first, e.g. `if v is i32 { print(v) }`",1|1
c08723,F,numlit,1,mapval_place,is_t,print,1,inline,loud_check_reject,"[ERROR]: print of a union value (1 | 2??) is type-valid but not yet supported by codegen — narrow it first, e.g. `if v is i32 { print(v) }`",NUL|1
c08724,F,numlit,1,mapval_place,match_null,print,0,inline,loud_check_reject,"[ERROR]: match over a union with literal members is not supported — compare them with `==` in an if-chain, got 1 | 2??",1|1
c08725,F,numlit,1,mapval_place,match_null,print,1,inline,loud_check_reject,"[ERROR]: match over a union with literal members is not supported — compare them with `==` in an if-chain, got 1 | 2??",NUL|1
c08726,F,numlit,1,mapval_place,coalesce,print,0,inline,correct,,1|1
c08727,F,numlit,1,mapval_place,coalesce,print,1,inline,correct,,2|1
c08728,F,numlit,1,mapval_place,printdirect,print,0,inline,loud_check_reject,"[ERROR]: print of a union value (1 | 2??) is type-valid but not yet supported by codegen — narrow it first, e.g. `if v is i32 { print(v) }`",1|1
c08729,F,numlit,1,mapval_place,printdirect,print,1,inline,loud_check_reject,"[ERROR]: print of a union value (1 | 2??) is type-valid but not yet supported by codegen — narrow it first, e.g. `if v is i32 { print(v) }`",null|1
c08730,F,numlit,1,mapget,nenull,print,0,inline,invalid_wasm,"1: Invalid input WebAssembly code at offset 1143: type mismatch: expected (ref null $type), found i32",1|1
c08731,F,numlit,1,mapget,nenull,print,1,inline,invalid_wasm,"1: Invalid input WebAssembly code at offset 1157: type mismatch: expected (ref null $type), found i32",NUL|1
c08732,F,numlit,1,mapget,eqnull_else,print,0,inline,invalid_wasm,"1: Invalid input WebAssembly code at offset 1143: type mismatch: expected (ref null $type), found i32",1|1
c08733,F,numlit,1,mapget,eqnull_else,print,1,inline,invalid_wasm,"1: Invalid input WebAssembly code at offset 1157: type mismatch: expected (ref null $type), found i32",NUL|1
c08734,F,numlit,1,mapget,is_t,print,0,inline,loud_emit_reject,emitProgram: `is` names a type that is not a union variant,1|1
c08735,F,numlit,1,mapget,is_t,print,1,inline,loud_emit_reject,emitProgram: `is` names a type that is not a union variant,NUL|1
c08736,F,numlit,1,mapget,match_null,print,0,inline,loud_check_reject,"[ERROR]: match over a union with literal members is not supported — compare them with `==` in an if-chain, got 1 | 2?",1|1
c08737,F,numlit,1,mapget,match_null,print,1,inline,loud_check_reject,"[ERROR]: match over a union with literal members is not supported — compare them with `==` in an if-chain, got 1 | 2?",NUL|1
c08738,F,numlit,1,mapget,coalesce,print,0,inline,loud_emit_reject,emitProgram: `??` is only supported on a map index get,1|1
c08739,F,numlit,1,mapget,coalesce,print,1,inline,loud_emit_reject,emitProgram: `??` is only supported on a map index get,2|1
c08740,F,numlit,1,mapget,printdirect,print,0,inline,loud_check_reject,"[ERROR]: print of a union value (1 | 2?) is type-valid but not yet supported by codegen — narrow it first, e.g. `if v is i32 { print(v) }`",1|1
c08741,F,numlit,1,mapget,printdirect,print,1,inline,loud_check_reject,"[ERROR]: print of a union value (1 | 2?) is type-valid but not yet supported by codegen — narrow it first, e.g. `if v is i32 { print(v) }`",null|1
c08742,F,vubox,1,field_place,nenull,isarm,0,inline,correct,,aa|1
c08743,F,vubox,1,field_place,nenull,isarm,1,inline,correct,,NUL|1
c08744,F,vubox,1,field_place,eqnull_else,isarm,0,inline,correct,,aa|1
c08745,F,vubox,1,field_place,eqnull_else,isarm,1,inline,correct,,NUL|1
c08746,F,vubox,1,field_place,is_t,isarm,0,inline,correct,,aa|1
c08747,F,vubox,1,field_place,is_t,isarm,1,inline,correct,,NUL|1
c08748,F,vubox,1,field_place,match_null,isarm,0,inline,correct,,aa|1
c08749,F,vubox,1,field_place,match_null,isarm,1,inline,correct,,NUL|1
c08750,F,vubox,1,elem_place,nenull,isarm,0,inline,loud_check_reject,"[ERROR]: print of a union value (string | i32?) is type-valid but not yet supported by codegen — narrow it first, e.g. `if v is i32 { print(v) }`",aa|1
c08751,F,vubox,1,elem_place,nenull,isarm,1,inline,loud_check_reject,"[ERROR]: print of a union value (string | i32?) is type-valid but not yet supported by codegen — narrow it first, e.g. `if v is i32 { print(v) }`",NUL|1
c08752,F,vubox,1,elem_place,eqnull_else,isarm,0,inline,loud_check_reject,"[ERROR]: print of a union value (string | i32?) is type-valid but not yet supported by codegen — narrow it first, e.g. `if v is i32 { print(v) }`",aa|1
c08753,F,vubox,1,elem_place,eqnull_else,isarm,1,inline,loud_check_reject,"[ERROR]: print of a union value (string | i32?) is type-valid but not yet supported by codegen — narrow it first, e.g. `if v is i32 { print(v) }`",NUL|1
c08754,F,vubox,1,elem_place,is_t,isarm,0,inline,loud_check_reject,"[ERROR]: print of a union value (string | i32?) is type-valid but not yet supported by codegen — narrow it first, e.g. `if v is i32 { print(v) }`",aa|1
c08755,F,vubox,1,elem_place,is_t,isarm,1,inline,loud_check_reject,"[ERROR]: print of a union value (string | i32?) is type-valid but not yet supported by codegen — narrow it first, e.g. `if v is i32 { print(v) }`",NUL|1
c08756,F,vubox,1,elem_place,match_null,isarm,0,inline,loud_check_reject,"[ERROR]: print of a union value (string | i32?) is type-valid but not yet supported by codegen — narrow it first, e.g. `if v is i32 { print(v) }`",aa|1
c08757,F,vubox,1,elem_place,match_null,isarm,1,inline,loud_check_reject,"[ERROR]: print of a union value (string | i32?) is type-valid but not yet supported by codegen — narrow it first, e.g. `if v is i32 { print(v) }`",NUL|1
c08758,F,vubox,1,mapval_place,nenull,isarm,0,inline,loud_check_reject,"[ERROR]: print of a union value (string | i32??) is type-valid but not yet supported by codegen — narrow it first, e.g. `if v is i32 { print(v) }`",aa|1
c08759,F,vubox,1,mapval_place,nenull,isarm,1,inline,loud_check_reject,"[ERROR]: print of a union value (string | i32??) is type-valid but not yet supported by codegen — narrow it first, e.g. `if v is i32 { print(v) }`",NUL|1
c08760,F,vubox,1,mapval_place,eqnull_else,isarm,0,inline,loud_check_reject,"[ERROR]: print of a union value (string | i32??) is type-valid but not yet supported by codegen — narrow it first, e.g. `if v is i32 { print(v) }`",aa|1
c08761,F,vubox,1,mapval_place,eqnull_else,isarm,1,inline,loud_check_reject,"[ERROR]: print of a union value (string | i32??) is type-valid but not yet supported by codegen — narrow it first, e.g. `if v is i32 { print(v) }`",NUL|1
c08762,F,vubox,1,mapval_place,is_t,isarm,0,inline,loud_check_reject,"[ERROR]: print of a union value (string | i32??) is type-valid but not yet supported by codegen — narrow it first, e.g. `if v is i32 { print(v) }`",aa|1
c08763,F,vubox,1,mapval_place,is_t,isarm,1,inline,loud_check_reject,"[ERROR]: print of a union value (string | i32??) is type-valid but not yet supported by codegen — narrow it first, e.g. `if v is i32 { print(v) }`",NUL|1
c08764,F,vubox,1,mapval_place,match_null,isarm,0,inline,loud_check_reject,"[ERROR]: print of a union value (string | i32??) is type-valid but not yet supported by codegen — narrow it first, e.g. `if v is i32 { print(v) }`",aa|1
c08765,F,vubox,1,mapval_place,match_null,isarm,1,inline,loud_check_reject,"[ERROR]: print of a union value (string | i32??) is type-valid but not yet supported by codegen — narrow it first, e.g. `if v is i32 { print(v) }`",NUL|1
c08766,F,vubox,1,mapget,nenull,isarm,0,inline,correct,,aa|1
c08767,F,vubox,1,mapget,nenull,isarm,1,inline,correct,,NUL|1
c08768,F,vubox,1,mapget,eqnull_else,isarm,0,inline,correct,,aa|1
c08769,F,vubox,1,mapget,eqnull_else,isarm,1,inline,correct,,NUL|1
c08770,F,vubox,1,mapget,is_t,isarm,0,inline,correct,,aa|1
c08771,F,vubox,1,mapget,is_t,isarm,1,inline,correct,,NUL|1
c08772,F,vubox,1,mapget,match_null,isarm,0,inline,correct,,aa|1
c08773,F,vubox,1,mapget,match_null,isarm,1,inline,correct,,NUL|1
c08774,F,structunion,1,field_place,nenull,isarm,0,inline,loud_emit_reject,emitProgram: field access receiver is not a struct,1|1
c08775,F,structunion,1,field_place,nenull,isarm,1,inline,loud_emit_reject,emitProgram: field access receiver is not a struct,NUL|1
c08776,F,structunion,1,field_place,eqnull_else,isarm,0,inline,loud_emit_reject,emitProgram: field access receiver is not a struct,1|1
c08777,F,structunion,1,field_place,eqnull_else,isarm,1,inline,loud_emit_reject,emitProgram: field access receiver is not a struct,NUL|1
c08778,F,structunion,1,field_place,is_t,isarm,0,inline,loud_check_reject,[ERROR]: no field 'd' on {c: i32},1|1
c08779,F,structunion,1,field_place,is_t,isarm,1,inline,loud_check_reject,[ERROR]: no field 'd' on {c: i32},NUL|1
c08780,F,structunion,1,field_place,match_null,isarm,0,inline,loud_emit_reject,emitProgram: narrowed receiver names no union variant,1|1
c08781,F,structunion,1,field_place,match_null,isarm,1,inline,loud_emit_reject,emitProgram: narrowed receiver names no union variant,NUL|1
c08782,F,structunion,1,elem_place,nenull,isarm,0,inline,loud_check_reject,[ERROR]: member access '.c' on non-object {c: i32} | {d: i32}?,1|1
c08783,F,structunion,1,elem_place,nenull,isarm,1,inline,loud_check_reject,[ERROR]: member access '.c' on non-object {c: i32} | {d: i32}?,NUL|1
c08784,F,structunion,1,elem_place,eqnull_else,isarm,0,inline,loud_check_reject,[ERROR]: member access '.c' on non-object {c: i32} | {d: i32}?,1|1
c08785,F,structunion,1,elem_place,eqnull_else,isarm,1,inline,loud_check_reject,[ERROR]: member access '.c' on non-object {c: i32} | {d: i32}?,NUL|1
c08786,F,structunion,1,elem_place,is_t,isarm,0,inline,loud_check_reject,[ERROR]: member access '.c' on non-object {c: i32} | {d: i32}?,1|1
c08787,F,structunion,1,elem_place,is_t,isarm,1,inline,loud_check_reject,[ERROR]: member access '.c' on non-object {c: i32} | {d: i32}?,NUL|1
c08788,F,structunion,1,elem_place,match_null,isarm,0,inline,loud_check_reject,[ERROR]: member access '.c' on non-object {c: i32} | {d: i32}?,1|1
c08789,F,structunion,1,elem_place,match_null,isarm,1,inline,loud_check_reject,[ERROR]: member access '.c' on non-object {c: i32} | {d: i32}?,NUL|1
c08790,F,structunion,1,mapval_place,nenull,isarm,0,inline,loud_check_reject,[ERROR]: member access '.c' on non-object {c: i32} | {d: i32}??,1|1
c08791,F,structunion,1,mapval_place,nenull,isarm,1,inline,loud_check_reject,[ERROR]: member access '.c' on non-object {c: i32} | {d: i32}??,NUL|1
c08792,F,structunion,1,mapval_place,eqnull_else,isarm,0,inline,loud_check_reject,[ERROR]: member access '.c' on non-object {c: i32} | {d: i32}??,1|1
c08793,F,structunion,1,mapval_place,eqnull_else,isarm,1,inline,loud_check_reject,[ERROR]: member access '.c' on non-object {c: i32} | {d: i32}??,NUL|1
c08794,F,structunion,1,mapval_place,is_t,isarm,0,inline,loud_check_reject,[ERROR]: member access '.c' on non-object {c: i32} | {d: i32}??,1|1
c08795,F,structunion,1,mapval_place,is_t,isarm,1,inline,loud_check_reject,[ERROR]: member access '.c' on non-object {c: i32} | {d: i32}??,NUL|1
c08796,F,structunion,1,mapval_place,match_null,isarm,0,inline,loud_check_reject,[ERROR]: member access '.c' on non-object {c: i32} | {d: i32}??,1|1
c08797,F,structunion,1,mapval_place,match_null,isarm,1,inline,loud_check_reject,[ERROR]: member access '.c' on non-object {c: i32} | {d: i32}??,NUL|1
c08798,F,structunion,1,mapget,nenull,isarm,0,inline,correct,,1|1
c08799,F,structunion,1,mapget,nenull,isarm,1,inline,correct,,NUL|1
c08800,F,structunion,1,mapget,eqnull_else,isarm,0,inline,correct,,1|1
c08801,F,structunion,1,mapget,eqnull_else,isarm,1,inline,correct,,NUL|1
c08802,F,structunion,1,mapget,is_t,isarm,0,inline,loud_check_reject,[ERROR]: no field 'd' on {c: i32},1|1
c08803,F,structunion,1,mapget,is_t,isarm,1,inline,loud_check_reject,[ERROR]: no field 'd' on {c: i32},NUL|1
c08804,F,structunion,1,mapget,match_null,isarm,0,inline,correct,,1|1
c08805,F,structunion,1,mapget,match_null,isarm,1,inline,correct,,NUL|1
c08806,F,struct,1,field_place,nenull,field,0,inline,correct,,5|1
c08807,F,struct,1,field_place,nenull,field,1,inline,correct,,NUL|1
c08808,F,struct,1,field_place,eqnull_else,field,0,inline,correct,,5|1
c08809,F,struct,1,field_place,eqnull_else,field,1,inline,correct,,NUL|1
c08810,F,struct,1,field_place,is_t,field,0,inline,correct,,5|1
c08811,F,struct,1,field_place,is_t,field,1,inline,correct,,NUL|1
c08812,F,struct,1,field_place,match_null,field,0,inline,correct,,5|1
c08813,F,struct,1,field_place,match_null,field,1,inline,correct,,NUL|1
c08814,F,struct,1,elem_place,nenull,field,0,inline,loud_check_reject,[ERROR]: member access '.w' on non-object {w: i32}?,5|1
c08815,F,struct,1,elem_place,nenull,field,1,inline,loud_check_reject,[ERROR]: member access '.w' on non-object {w: i32}?,NUL|1
c08816,F,struct,1,elem_place,eqnull_else,field,0,inline,loud_check_reject,[ERROR]: member access '.w' on non-object {w: i32}?,5|1
c08817,F,struct,1,elem_place,eqnull_else,field,1,inline,loud_check_reject,[ERROR]: member access '.w' on non-object {w: i32}?,NUL|1
c08818,F,struct,1,elem_place,is_t,field,0,inline,loud_check_reject,[ERROR]: member access '.w' on non-object {w: i32}?,5|1
c08819,F,struct,1,elem_place,is_t,field,1,inline,loud_check_reject,[ERROR]: member access '.w' on non-object {w: i32}?,NUL|1
c08820,F,struct,1,elem_place,match_null,field,0,inline,loud_check_reject,[ERROR]: member access '.w' on non-object {w: i32}?,5|1
c08821,F,struct,1,elem_place,match_null,field,1,inline,loud_check_reject,[ERROR]: member access '.w' on non-object {w: i32}?,NUL|1
c08822,F,struct,1,mapval_place,nenull,field,0,inline,loud_check_reject,[ERROR]: member access '.w' on non-object {w: i32}??,5|1
c08823,F,struct,1,mapval_place,nenull,field,1,inline,loud_check_reject,[ERROR]: member access '.w' on non-object {w: i32}??,NUL|1
c08824,F,struct,1,mapval_place,eqnull_else,field,0,inline,loud_check_reject,[ERROR]: member access '.w' on non-object {w: i32}??,5|1
c08825,F,struct,1,mapval_place,eqnull_else,field,1,inline,loud_check_reject,[ERROR]: member access '.w' on non-object {w: i32}??,NUL|1
c08826,F,struct,1,mapval_place,is_t,field,0,inline,loud_check_reject,[ERROR]: member access '.w' on non-object {w: i32}??,5|1
c08827,F,struct,1,mapval_place,is_t,field,1,inline,loud_check_reject,[ERROR]: member access '.w' on non-object {w: i32}??,NUL|1
c08828,F,struct,1,mapval_place,match_null,field,0,inline,loud_check_reject,[ERROR]: member access '.w' on non-object {w: i32}??,5|1
c08829,F,struct,1,mapval_place,match_null,field,1,inline,loud_check_reject,[ERROR]: member access '.w' on non-object {w: i32}??,NUL|1
c08830,F,struct,1,mapget,nenull,field,0,inline,correct,,5|1
c08831,F,struct,1,mapget,nenull,field,1,inline,correct,,NUL|1
c08832,F,struct,1,mapget,eqnull_else,field,0,inline,correct,,5|1
c08833,F,struct,1,mapget,eqnull_else,field,1,inline,correct,,NUL|1
c08834,F,struct,1,mapget,is_t,field,0,inline,correct,,5|1
c08835,F,struct,1,mapget,is_t,field,1,inline,correct,,NUL|1
c08836,F,struct,1,mapget,match_null,field,0,inline,correct,,5|1
c08837,F,struct,1,mapget,match_null,field,1,inline,correct,,NUL|1
c08838,F,list_i32,1,field_place,nenull,len,0,inline,correct,,2|1
c08839,F,list_i32,1,field_place,nenull,len,1,inline,correct,,NUL|1
c08840,F,list_i32,1,field_place,eqnull_else,len,0,inline,correct,,2|1
c08841,F,list_i32,1,field_place,eqnull_else,len,1,inline,correct,,NUL|1
c08842,F,list_i32,1,field_place,is_t,len,0,inline,correct,,2|1
c08843,F,list_i32,1,field_place,is_t,len,1,inline,correct,,NUL|1
c08844,F,list_i32,1,field_place,match_null,len,0,inline,correct,,2|1
c08845,F,list_i32,1,field_place,match_null,len,1,inline,correct,,NUL|1
c08846,F,list_i32,1,elem_place,nenull,len,0,inline,loud_check_reject,[ERROR]: member access '.length' on non-object i32[]?,2|1
c08847,F,list_i32,1,elem_place,nenull,len,1,inline,loud_check_reject,[ERROR]: member access '.length' on non-object i32[]?,NUL|1
c08848,F,list_i32,1,elem_place,eqnull_else,len,0,inline,loud_check_reject,[ERROR]: member access '.length' on non-object i32[]?,2|1
c08849,F,list_i32,1,elem_place,eqnull_else,len,1,inline,loud_check_reject,[ERROR]: member access '.length' on non-object i32[]?,NUL|1
c08850,F,list_i32,1,elem_place,is_t,len,0,inline,loud_check_reject,[ERROR]: member access '.length' on non-object i32[]?,2|1
c08851,F,list_i32,1,elem_place,is_t,len,1,inline,loud_check_reject,[ERROR]: member access '.length' on non-object i32[]?,NUL|1
c08852,F,list_i32,1,elem_place,match_null,len,0,inline,loud_check_reject,[ERROR]: member access '.length' on non-object i32[]?,2|1
c08853,F,list_i32,1,elem_place,match_null,len,1,inline,loud_check_reject,[ERROR]: member access '.length' on non-object i32[]?,NUL|1
c08854,F,list_i32,1,mapval_place,nenull,len,0,inline,loud_check_reject,[ERROR]: member access '.length' on non-object i32[]??,2|1
c08855,F,list_i32,1,mapval_place,nenull,len,1,inline,loud_check_reject,[ERROR]: member access '.length' on non-object i32[]??,NUL|1
c08856,F,list_i32,1,mapval_place,eqnull_else,len,0,inline,loud_check_reject,[ERROR]: member access '.length' on non-object i32[]??,2|1
c08857,F,list_i32,1,mapval_place,eqnull_else,len,1,inline,loud_check_reject,[ERROR]: member access '.length' on non-object i32[]??,NUL|1
c08858,F,list_i32,1,mapval_place,is_t,len,0,inline,loud_check_reject,[ERROR]: member access '.length' on non-object i32[]??,2|1
c08859,F,list_i32,1,mapval_place,is_t,len,1,inline,loud_check_reject,[ERROR]: member access '.length' on non-object i32[]??,NUL|1
c08860,F,list_i32,1,mapval_place,match_null,len,0,inline,loud_check_reject,[ERROR]: member access '.length' on non-object i32[]??,2|1
c08861,F,list_i32,1,mapval_place,match_null,len,1,inline,loud_check_reject,[ERROR]: member access '.length' on non-object i32[]??,NUL|1
c08862,F,list_i32,1,mapget,nenull,len,0,inline,correct,,2|1
c08863,F,list_i32,1,mapget,nenull,len,1,inline,correct,,NUL|1
c08864,F,list_i32,1,mapget,eqnull_else,len,0,inline,correct,,2|1
c08865,F,list_i32,1,mapget,eqnull_else,len,1,inline,correct,,NUL|1
c08866,F,list_i32,1,mapget,is_t,len,0,inline,correct,,2|1
c08867,F,list_i32,1,mapget,is_t,len,1,inline,correct,,NUL|1
c08868,F,list_i32,1,mapget,match_null,len,0,inline,correct,,2|1
c08869,F,list_i32,1,mapget,match_null,len,1,inline,correct,,NUL|1
c08870,F,list_str,1,field_place,nenull,len,0,inline,correct,,2|1
c08871,F,list_str,1,field_place,nenull,len,1,inline,correct,,NUL|1
c08872,F,list_str,1,field_place,eqnull_else,len,0,inline,correct,,2|1
c08873,F,list_str,1,field_place,eqnull_else,len,1,inline,correct,,NUL|1
c08874,F,list_str,1,field_place,is_t,len,0,inline,correct,,2|1
c08875,F,list_str,1,field_place,is_t,len,1,inline,correct,,NUL|1
c08876,F,list_str,1,field_place,match_null,len,0,inline,correct,,2|1
c08877,F,list_str,1,field_place,match_null,len,1,inline,correct,,NUL|1
c08878,F,list_str,1,elem_place,nenull,len,0,inline,loud_check_reject,[ERROR]: member access '.length' on non-object string[]?,2|1
c08879,F,list_str,1,elem_place,nenull,len,1,inline,loud_check_reject,[ERROR]: member access '.length' on non-object string[]?,NUL|1
c08880,F,list_str,1,elem_place,eqnull_else,len,0,inline,loud_check_reject,[ERROR]: member access '.length' on non-object string[]?,2|1
c08881,F,list_str,1,elem_place,eqnull_else,len,1,inline,loud_check_reject,[ERROR]: member access '.length' on non-object string[]?,NUL|1
c08882,F,list_str,1,elem_place,is_t,len,0,inline,loud_check_reject,[ERROR]: member access '.length' on non-object string[]?,2|1
c08883,F,list_str,1,elem_place,is_t,len,1,inline,loud_check_reject,[ERROR]: member access '.length' on non-object string[]?,NUL|1
c08884,F,list_str,1,elem_place,match_null,len,0,inline,loud_check_reject,[ERROR]: member access '.length' on non-object string[]?,2|1
c08885,F,list_str,1,elem_place,match_null,len,1,inline,loud_check_reject,[ERROR]: member access '.length' on non-object string[]?,NUL|1
c08886,F,list_str,1,mapval_place,nenull,len,0,inline,loud_check_reject,[ERROR]: member access '.length' on non-object string[]??,2|1
c08887,F,list_str,1,mapval_place,nenull,len,1,inline,loud_check_reject,[ERROR]: member access '.length' on non-object string[]??,NUL|1
c08888,F,list_str,1,mapval_place,eqnull_else,len,0,inline,loud_check_reject,[ERROR]: member access '.length' on non-object string[]??,2|1
c08889,F,list_str,1,mapval_place,eqnull_else,len,1,inline,loud_check_reject,[ERROR]: member access '.length' on non-object string[]??,NUL|1
c08890,F,list_str,1,mapval_place,is_t,len,0,inline,loud_check_reject,[ERROR]: member access '.length' on non-object string[]??,2|1
c08891,F,list_str,1,mapval_place,is_t,len,1,inline,loud_check_reject,[ERROR]: member access '.length' on non-object string[]??,NUL|1
c08892,F,list_str,1,mapval_place,match_null,len,0,inline,loud_check_reject,[ERROR]: member access '.length' on non-object string[]??,2|1
c08893,F,list_str,1,mapval_place,match_null,len,1,inline,loud_check_reject,[ERROR]: member access '.length' on non-object string[]??,NUL|1
c08894,F,list_str,1,mapget,nenull,len,0,inline,correct,,2|1
c08895,F,list_str,1,mapget,nenull,len,1,inline,correct,,NUL|1
c08896,F,list_str,1,mapget,eqnull_else,len,0,inline,correct,,2|1
c08897,F,list_str,1,mapget,eqnull_else,len,1,inline,correct,,NUL|1
c08898,F,list_str,1,mapget,is_t,len,0,inline,correct,,2|1
c08899,F,list_str,1,mapget,is_t,len,1,inline,correct,,NUL|1
c08900,F,list_str,1,mapget,match_null,len,0,inline,correct,,2|1
c08901,F,list_str,1,mapget,match_null,len,1,inline,correct,,NUL|1
c08902,F,list_f64,1,field_place,nenull,len,0,inline,correct,,2|1
c08903,F,list_f64,1,field_place,nenull,len,1,inline,correct,,NUL|1
c08904,F,list_f64,1,field_place,eqnull_else,len,0,inline,correct,,2|1
c08905,F,list_f64,1,field_place,eqnull_else,len,1,inline,correct,,NUL|1
c08906,F,list_f64,1,field_place,is_t,len,0,inline,correct,,2|1
c08907,F,list_f64,1,field_place,is_t,len,1,inline,correct,,NUL|1
c08908,F,list_f64,1,field_place,match_null,len,0,inline,correct,,2|1
c08909,F,list_f64,1,field_place,match_null,len,1,inline,correct,,NUL|1
c08910,F,list_f64,1,elem_place,nenull,len,0,inline,loud_check_reject,[ERROR]: member access '.length' on non-object f64[]?,2|1
c08911,F,list_f64,1,elem_place,nenull,len,1,inline,loud_check_reject,[ERROR]: member access '.length' on non-object f64[]?,NUL|1
c08912,F,list_f64,1,elem_place,eqnull_else,len,0,inline,loud_check_reject,[ERROR]: member access '.length' on non-object f64[]?,2|1
c08913,F,list_f64,1,elem_place,eqnull_else,len,1,inline,loud_check_reject,[ERROR]: member access '.length' on non-object f64[]?,NUL|1
c08914,F,list_f64,1,elem_place,is_t,len,0,inline,loud_check_reject,[ERROR]: member access '.length' on non-object f64[]?,2|1
c08915,F,list_f64,1,elem_place,is_t,len,1,inline,loud_check_reject,[ERROR]: member access '.length' on non-object f64[]?,NUL|1
c08916,F,list_f64,1,elem_place,match_null,len,0,inline,loud_check_reject,[ERROR]: member access '.length' on non-object f64[]?,2|1
c08917,F,list_f64,1,elem_place,match_null,len,1,inline,loud_check_reject,[ERROR]: member access '.length' on non-object f64[]?,NUL|1
c08918,F,list_f64,1,mapval_place,nenull,len,0,inline,loud_check_reject,[ERROR]: member access '.length' on non-object f64[]??,2|1
c08919,F,list_f64,1,mapval_place,nenull,len,1,inline,loud_check_reject,[ERROR]: member access '.length' on non-object f64[]??,NUL|1
c08920,F,list_f64,1,mapval_place,eqnull_else,len,0,inline,loud_check_reject,[ERROR]: member access '.length' on non-object f64[]??,2|1
c08921,F,list_f64,1,mapval_place,eqnull_else,len,1,inline,loud_check_reject,[ERROR]: member access '.length' on non-object f64[]??,NUL|1
c08922,F,list_f64,1,mapval_place,is_t,len,0,inline,loud_check_reject,[ERROR]: member access '.length' on non-object f64[]??,2|1
c08923,F,list_f64,1,mapval_place,is_t,len,1,inline,loud_check_reject,[ERROR]: member access '.length' on non-object f64[]??,NUL|1
c08924,F,list_f64,1,mapval_place,match_null,len,0,inline,loud_check_reject,[ERROR]: member access '.length' on non-object f64[]??,2|1
c08925,F,list_f64,1,mapval_place,match_null,len,1,inline,loud_check_reject,[ERROR]: member access '.length' on non-object f64[]??,NUL|1
c08926,F,list_f64,1,mapget,nenull,len,0,inline,correct,,2|1
c08927,F,list_f64,1,mapget,nenull,len,1,inline,correct,,NUL|1
c08928,F,list_f64,1,mapget,eqnull_else,len,0,inline,correct,,2|1
c08929,F,list_f64,1,mapget,eqnull_else,len,1,inline,correct,,NUL|1
c08930,F,list_f64,1,mapget,is_t,len,0,inline,correct,,2|1
c08931,F,list_f64,1,mapget,is_t,len,1,inline,correct,,NUL|1
c08932,F,list_f64,1,mapget,match_null,len,0,inline,correct,,2|1
c08933,F,list_f64,1,mapget,match_null,len,1,inline,correct,,NUL|1
c08934,F,list_i64,1,field_place,nenull,len,0,inline,correct,,2|1
c08935,F,list_i64,1,field_place,nenull,len,1,inline,correct,,NUL|1
c08936,F,list_i64,1,field_place,eqnull_else,len,0,inline,correct,,2|1
c08937,F,list_i64,1,field_place,eqnull_else,len,1,inline,correct,,NUL|1
c08938,F,list_i64,1,field_place,is_t,len,0,inline,correct,,2|1
c08939,F,list_i64,1,field_place,is_t,len,1,inline,correct,,NUL|1
c08940,F,list_i64,1,field_place,match_null,len,0,inline,correct,,2|1
c08941,F,list_i64,1,field_place,match_null,len,1,inline,correct,,NUL|1
c08942,F,list_i64,1,elem_place,nenull,len,0,inline,loud_check_reject,[ERROR]: member access '.length' on non-object i64[]?,2|1
c08943,F,list_i64,1,elem_place,nenull,len,1,inline,loud_check_reject,[ERROR]: member access '.length' on non-object i64[]?,NUL|1
c08944,F,list_i64,1,elem_place,eqnull_else,len,0,inline,loud_check_reject,[ERROR]: member access '.length' on non-object i64[]?,2|1
c08945,F,list_i64,1,elem_place,eqnull_else,len,1,inline,loud_check_reject,[ERROR]: member access '.length' on non-object i64[]?,NUL|1
c08946,F,list_i64,1,elem_place,is_t,len,0,inline,loud_check_reject,[ERROR]: member access '.length' on non-object i64[]?,2|1
c08947,F,list_i64,1,elem_place,is_t,len,1,inline,loud_check_reject,[ERROR]: member access '.length' on non-object i64[]?,NUL|1
c08948,F,list_i64,1,elem_place,match_null,len,0,inline,loud_check_reject,[ERROR]: member access '.length' on non-object i64[]?,2|1
c08949,F,list_i64,1,elem_place,match_null,len,1,inline,loud_check_reject,[ERROR]: member access '.length' on non-object i64[]?,NUL|1
c08950,F,list_i64,1,mapval_place,nenull,len,0,inline,loud_check_reject,[ERROR]: member access '.length' on non-object i64[]??,2|1
c08951,F,list_i64,1,mapval_place,nenull,len,1,inline,loud_check_reject,[ERROR]: member access '.length' on non-object i64[]??,NUL|1
c08952,F,list_i64,1,mapval_place,eqnull_else,len,0,inline,loud_check_reject,[ERROR]: member access '.length' on non-object i64[]??,2|1
c08953,F,list_i64,1,mapval_place,eqnull_else,len,1,inline,loud_check_reject,[ERROR]: member access '.length' on non-object i64[]??,NUL|1
c08954,F,list_i64,1,mapval_place,is_t,len,0,inline,loud_check_reject,[ERROR]: member access '.length' on non-object i64[]??,2|1
c08955,F,list_i64,1,mapval_place,is_t,len,1,inline,loud_check_reject,[ERROR]: member access '.length' on non-object i64[]??,NUL|1
c08956,F,list_i64,1,mapval_place,match_null,len,0,inline,loud_check_reject,[ERROR]: member access '.length' on non-object i64[]??,2|1
c08957,F,list_i64,1,mapval_place,match_null,len,1,inline,loud_check_reject,[ERROR]: member access '.length' on non-object i64[]??,NUL|1
c08958,F,list_i64,1,mapget,nenull,len,0,inline,correct,,2|1
c08959,F,list_i64,1,mapget,nenull,len,1,inline,correct,,NUL|1
c08960,F,list_i64,1,mapget,eqnull_else,len,0,inline,correct,,2|1
c08961,F,list_i64,1,mapget,eqnull_else,len,1,inline,correct,,NUL|1
c08962,F,list_i64,1,mapget,is_t,len,0,inline,correct,,2|1
c08963,F,list_i64,1,mapget,is_t,len,1,inline,correct,,NUL|1
c08964,F,list_i64,1,mapget,match_null,len,0,inline,correct,,2|1
c08965,F,list_i64,1,mapget,match_null,len,1,inline,correct,,NUL|1
c08966,F,list_f32,1,field_place,nenull,len,0,inline,loud_emit_reject,emitProgram: field access receiver is not a struct,2|1
c08967,F,list_f32,1,field_place,nenull,len,1,inline,loud_emit_reject,emitProgram: field access receiver is not a struct,NUL|1
c08968,F,list_f32,1,field_place,eqnull_else,len,0,inline,loud_emit_reject,emitProgram: field access receiver is not a struct,2|1
c08969,F,list_f32,1,field_place,eqnull_else,len,1,inline,loud_emit_reject,emitProgram: field access receiver is not a struct,NUL|1
c08970,F,list_f32,1,field_place,is_t,len,0,inline,loud_emit_reject,emitProgram: field access receiver is not a struct,2|1
c08971,F,list_f32,1,field_place,is_t,len,1,inline,loud_emit_reject,emitProgram: field access receiver is not a struct,NUL|1
c08972,F,list_f32,1,field_place,match_null,len,0,inline,loud_emit_reject,emitProgram: field access receiver is not a struct,2|1
c08973,F,list_f32,1,field_place,match_null,len,1,inline,loud_emit_reject,emitProgram: field access receiver is not a struct,NUL|1
c08974,F,list_f32,1,elem_place,nenull,len,0,inline,loud_check_reject,[ERROR]: member access '.length' on non-object f32[]?,2|1
c08975,F,list_f32,1,elem_place,nenull,len,1,inline,loud_check_reject,[ERROR]: member access '.length' on non-object f32[]?,NUL|1
c08976,F,list_f32,1,elem_place,eqnull_else,len,0,inline,loud_check_reject,[ERROR]: member access '.length' on non-object f32[]?,2|1
c08977,F,list_f32,1,elem_place,eqnull_else,len,1,inline,loud_check_reject,[ERROR]: member access '.length' on non-object f32[]?,NUL|1
c08978,F,list_f32,1,elem_place,is_t,len,0,inline,loud_check_reject,[ERROR]: member access '.length' on non-object f32[]?,2|1
c08979,F,list_f32,1,elem_place,is_t,len,1,inline,loud_check_reject,[ERROR]: member access '.length' on non-object f32[]?,NUL|1
c08980,F,list_f32,1,elem_place,match_null,len,0,inline,loud_check_reject,[ERROR]: member access '.length' on non-object f32[]?,2|1
c08981,F,list_f32,1,elem_place,match_null,len,1,inline,loud_check_reject,[ERROR]: member access '.length' on non-object f32[]?,NUL|1
c08982,F,list_f32,1,mapval_place,nenull,len,0,inline,loud_check_reject,[ERROR]: member access '.length' on non-object f32[]??,2|1
c08983,F,list_f32,1,mapval_place,nenull,len,1,inline,loud_check_reject,[ERROR]: member access '.length' on non-object f32[]??,NUL|1
c08984,F,list_f32,1,mapval_place,eqnull_else,len,0,inline,loud_check_reject,[ERROR]: member access '.length' on non-object f32[]??,2|1
c08985,F,list_f32,1,mapval_place,eqnull_else,len,1,inline,loud_check_reject,[ERROR]: member access '.length' on non-object f32[]??,NUL|1
c08986,F,list_f32,1,mapval_place,is_t,len,0,inline,loud_check_reject,[ERROR]: member access '.length' on non-object f32[]??,2|1
c08987,F,list_f32,1,mapval_place,is_t,len,1,inline,loud_check_reject,[ERROR]: member access '.length' on non-object f32[]??,NUL|1
c08988,F,list_f32,1,mapval_place,match_null,len,0,inline,loud_check_reject,[ERROR]: member access '.length' on non-object f32[]??,2|1
c08989,F,list_f32,1,mapval_place,match_null,len,1,inline,loud_check_reject,[ERROR]: member access '.length' on non-object f32[]??,NUL|1
c08990,F,list_f32,1,mapget,nenull,len,0,inline,loud_emit_reject,emitProgram: field access but no struct type declared,2|1
c08991,F,list_f32,1,mapget,nenull,len,1,inline,loud_emit_reject,emitProgram: field access but no struct type declared,NUL|1
c08992,F,list_f32,1,mapget,eqnull_else,len,0,inline,loud_emit_reject,emitProgram: field access but no struct type declared,2|1
c08993,F,list_f32,1,mapget,eqnull_else,len,1,inline,loud_emit_reject,emitProgram: field access but no struct type declared,NUL|1
c08994,F,list_f32,1,mapget,is_t,len,0,inline,loud_emit_reject,emitProgram: field access but no struct type declared,2|1
c08995,F,list_f32,1,mapget,is_t,len,1,inline,loud_emit_reject,emitProgram: field access but no struct type declared,NUL|1
c08996,F,list_f32,1,mapget,match_null,len,0,inline,loud_emit_reject,emitProgram: field access but no struct type declared,2|1
c08997,F,list_f32,1,mapget,match_null,len,1,inline,loud_emit_reject,emitProgram: field access but no struct type declared,NUL|1
c08998,F,list_ref,1,field_place,nenull,len,0,inline,loud_emit_reject,emitProgram: field access receiver is not a struct,2|1
c08999,F,list_ref,1,field_place,nenull,len,1,inline,loud_emit_reject,emitProgram: field access receiver is not a struct,NUL|1
c09000,F,list_ref,1,field_place,eqnull_else,len,0,inline,loud_emit_reject,emitProgram: field access receiver is not a struct,2|1
c09001,F,list_ref,1,field_place,eqnull_else,len,1,inline,loud_emit_reject,emitProgram: field access receiver is not a struct,NUL|1
c09002,F,list_ref,1,field_place,is_t,len,0,inline,loud_emit_reject,emitProgram: field access receiver is not a struct,2|1
c09003,F,list_ref,1,field_place,is_t,len,1,inline,loud_emit_reject,emitProgram: field access receiver is not a struct,NUL|1
c09004,F,list_ref,1,field_place,match_null,len,0,inline,loud_emit_reject,emitProgram: field access receiver is not a struct,2|1
c09005,F,list_ref,1,field_place,match_null,len,1,inline,loud_emit_reject,emitProgram: field access receiver is not a struct,NUL|1
c09006,F,list_ref,1,elem_place,nenull,len,0,inline,loud_check_reject,[ERROR]: member access '.length' on non-object {w: i32}[]?,2|1
c09007,F,list_ref,1,elem_place,nenull,len,1,inline,loud_check_reject,[ERROR]: member access '.length' on non-object {w: i32}[]?,NUL|1
c09008,F,list_ref,1,elem_place,eqnull_else,len,0,inline,loud_check_reject,[ERROR]: member access '.length' on non-object {w: i32}[]?,2|1
c09009,F,list_ref,1,elem_place,eqnull_else,len,1,inline,loud_check_reject,[ERROR]: member access '.length' on non-object {w: i32}[]?,NUL|1
c09010,F,list_ref,1,elem_place,is_t,len,0,inline,loud_check_reject,[ERROR]: member access '.length' on non-object {w: i32}[]?,2|1
c09011,F,list_ref,1,elem_place,is_t,len,1,inline,loud_check_reject,[ERROR]: member access '.length' on non-object {w: i32}[]?,NUL|1
c09012,F,list_ref,1,elem_place,match_null,len,0,inline,loud_check_reject,[ERROR]: member access '.length' on non-object {w: i32}[]?,2|1
c09013,F,list_ref,1,elem_place,match_null,len,1,inline,loud_check_reject,[ERROR]: member access '.length' on non-object {w: i32}[]?,NUL|1
c09014,F,list_ref,1,mapval_place,nenull,len,0,inline,loud_check_reject,[ERROR]: member access '.length' on non-object {w: i32}[]??,2|1
c09015,F,list_ref,1,mapval_place,nenull,len,1,inline,loud_check_reject,[ERROR]: member access '.length' on non-object {w: i32}[]??,NUL|1
c09016,F,list_ref,1,mapval_place,eqnull_else,len,0,inline,loud_check_reject,[ERROR]: member access '.length' on non-object {w: i32}[]??,2|1
c09017,F,list_ref,1,mapval_place,eqnull_else,len,1,inline,loud_check_reject,[ERROR]: member access '.length' on non-object {w: i32}[]??,NUL|1
c09018,F,list_ref,1,mapval_place,is_t,len,0,inline,loud_check_reject,[ERROR]: member access '.length' on non-object {w: i32}[]??,2|1
c09019,F,list_ref,1,mapval_place,is_t,len,1,inline,loud_check_reject,[ERROR]: member access '.length' on non-object {w: i32}[]??,NUL|1
c09020,F,list_ref,1,mapval_place,match_null,len,0,inline,loud_check_reject,[ERROR]: member access '.length' on non-object {w: i32}[]??,2|1
c09021,F,list_ref,1,mapval_place,match_null,len,1,inline,loud_check_reject,[ERROR]: member access '.length' on non-object {w: i32}[]??,NUL|1
c09022,F,list_ref,1,mapget,nenull,len,0,inline,correct,,2|1
c09023,F,list_ref,1,mapget,nenull,len,1,inline,correct,,NUL|1
c09024,F,list_ref,1,mapget,eqnull_else,len,0,inline,correct,,2|1
c09025,F,list_ref,1,mapget,eqnull_else,len,1,inline,correct,,NUL|1
c09026,F,list_ref,1,mapget,is_t,len,0,inline,correct,,2|1
c09027,F,list_ref,1,mapget,is_t,len,1,inline,correct,,NUL|1
c09028,F,list_ref,1,mapget,match_null,len,0,inline,correct,,2|1
c09029,F,list_ref,1,mapget,match_null,len,1,inline,correct,,NUL|1
c09030,F,closure,1,field_place,nenull,call,0,inline,loud_check_reject,[ERROR]: cannot compare (i32) -> i32? with null,4|1
c09031,F,closure,1,field_place,nenull,call,1,inline,loud_check_reject,"[ERROR]: return type mismatch: expected (i32) -> i32?, got null",NUL|1
c09032,F,closure,1,field_place,eqnull_else,call,0,inline,loud_check_reject,[ERROR]: cannot compare (i32) -> i32? with null,4|1
c09033,F,closure,1,field_place,eqnull_else,call,1,inline,loud_check_reject,"[ERROR]: return type mismatch: expected (i32) -> i32?, got null",NUL|1
c09034,F,closure,1,field_place,is_t,call,0,inline,loud_emit_reject,emitProgram: `is` names a type that is not a union variant,4|1
c09035,F,closure,1,field_place,is_t,call,1,inline,loud_check_reject,"[ERROR]: return type mismatch: expected (i32) -> i32?, got null",NUL|1
c09036,F,closure,1,field_place,match_null,call,0,inline,loud_check_reject,"[ERROR]: match scrutinee must be a union, got (i32) -> i32?",4|1
c09037,F,closure,1,field_place,match_null,call,1,inline,loud_check_reject,"[ERROR]: return type mismatch: expected (i32) -> i32?, got null",NUL|1
c09038,F,closure,1,elem_place,nenull,call,0,inline,loud_check_reject,[ERROR]: cannot compare (i32) -> i32? with null,4|1
c09039,F,closure,1,elem_place,nenull,call,1,inline,loud_check_reject,"[ERROR]: return type mismatch: expected (i32) -> i32?, got null",NUL|1
c09040,F,closure,1,elem_place,eqnull_else,call,0,inline,loud_check_reject,[ERROR]: cannot compare (i32) -> i32? with null,4|1
c09041,F,closure,1,elem_place,eqnull_else,call,1,inline,loud_check_reject,"[ERROR]: return type mismatch: expected (i32) -> i32?, got null",NUL|1
c09042,F,closure,1,elem_place,is_t,call,0,inline,loud_check_reject,"[ERROR]: print of a union value (i32?) is type-valid but not yet supported by codegen — narrow it first, e.g. `if v is i32 { print(v) }`",4|1
c09043,F,closure,1,elem_place,is_t,call,1,inline,loud_check_reject,"[ERROR]: return type mismatch: expected (i32) -> i32?, got null",NUL|1
c09044,F,closure,1,elem_place,match_null,call,0,inline,loud_check_reject,"[ERROR]: match scrutinee must be a union, got (i32) -> i32?",4|1
c09045,F,closure,1,elem_place,match_null,call,1,inline,loud_check_reject,"[ERROR]: return type mismatch: expected (i32) -> i32?, got null",NUL|1
c09046,F,closure,1,mapval_place,nenull,call,0,inline,loud_check_reject,[ERROR]: called value is not a function ((i32) -> i32??),4|1
c09047,F,closure,1,mapval_place,nenull,call,1,inline,loud_check_reject,"[ERROR]: return type mismatch: expected (i32) -> i32?, got null",NUL|1
c09048,F,closure,1,mapval_place,eqnull_else,call,0,inline,loud_check_reject,[ERROR]: called value is not a function ((i32) -> i32??),4|1
c09049,F,closure,1,mapval_place,eqnull_else,call,1,inline,loud_check_reject,"[ERROR]: return type mismatch: expected (i32) -> i32?, got null",NUL|1
c09050,F,closure,1,mapval_place,is_t,call,0,inline,loud_check_reject,[ERROR]: called value is not a function ((i32) -> i32??),4|1
c09051,F,closure,1,mapval_place,is_t,call,1,inline,loud_check_reject,"[ERROR]: return type mismatch: expected (i32) -> i32?, got null",NUL|1
c09052,F,closure,1,mapval_place,match_null,call,0,inline,loud_check_reject,[ERROR]: called value is not a function ((i32) -> i32??),4|1
c09053,F,closure,1,mapval_place,match_null,call,1,inline,loud_check_reject,"[ERROR]: return type mismatch: expected (i32) -> i32?, got null",NUL|1
c09054,F,closure,1,mapget,nenull,call,0,inline,correct,,4|1
c09055,F,closure,1,mapget,nenull,call,1,inline,correct,,NUL|1
c09056,F,closure,1,mapget,eqnull_else,call,0,inline,correct,,4|1
c09057,F,closure,1,mapget,eqnull_else,call,1,inline,correct,,NUL|1
c09058,F,closure,1,mapget,is_t,call,0,inline,correct,,4|1
c09059,F,closure,1,mapget,is_t,call,1,inline,correct,,NUL|1
c09060,F,closure,1,mapget,match_null,call,0,inline,correct,,4|1
c09061,F,closure,1,mapget,match_null,call,1,inline,correct,,NUL|1
c09062,F,map_str,1,field_place,nenull,size,0,inline,loud_emit_reject,emitProgram: field access receiver is not a struct,2|1
c09063,F,map_str,1,field_place,nenull,size,1,inline,loud_emit_reject,emitProgram: field access receiver is not a struct,NUL|1
c09064,F,map_str,1,field_place,eqnull_else,size,0,inline,loud_emit_reject,emitProgram: field access receiver is not a struct,2|1
c09065,F,map_str,1,field_place,eqnull_else,size,1,inline,loud_emit_reject,emitProgram: field access receiver is not a struct,NUL|1
c09066,F,map_str,1,field_place,is_t,size,0,inline,loud_emit_reject,emitProgram: field access receiver is not a struct,2|1
c09067,F,map_str,1,field_place,is_t,size,1,inline,loud_emit_reject,emitProgram: field access receiver is not a struct,NUL|1
c09068,F,map_str,1,field_place,match_null,size,0,inline,loud_emit_reject,emitProgram: field access receiver is not a struct,2|1
c09069,F,map_str,1,field_place,match_null,size,1,inline,loud_emit_reject,emitProgram: field access receiver is not a struct,NUL|1
c09070,F,map_str,1,elem_place,nenull,size,0,inline,loud_check_reject,[ERROR]: member access '.size' on non-object {[string]: i32}?,2|1
c09071,F,map_str,1,elem_place,nenull,size,1,inline,loud_check_reject,[ERROR]: member access '.size' on non-object {[string]: i32}?,NUL|1
c09072,F,map_str,1,elem_place,eqnull_else,size,0,inline,loud_check_reject,[ERROR]: member access '.size' on non-object {[string]: i32}?,2|1
c09073,F,map_str,1,elem_place,eqnull_else,size,1,inline,loud_check_reject,[ERROR]: member access '.size' on non-object {[string]: i32}?,NUL|1
c09074,F,map_str,1,elem_place,is_t,size,0,inline,loud_check_reject,[ERROR]: member access '.size' on non-object {[string]: i32}?,2|1
c09075,F,map_str,1,elem_place,is_t,size,1,inline,loud_check_reject,[ERROR]: member access '.size' on non-object {[string]: i32}?,NUL|1
c09076,F,map_str,1,elem_place,match_null,size,0,inline,loud_check_reject,[ERROR]: member access '.size' on non-object {[string]: i32}?,2|1
c09077,F,map_str,1,elem_place,match_null,size,1,inline,loud_check_reject,[ERROR]: member access '.size' on non-object {[string]: i32}?,NUL|1
c09078,F,map_str,1,mapval_place,nenull,size,0,inline,loud_check_reject,[ERROR]: member access '.size' on non-object {[string]: i32}??,2|1
c09079,F,map_str,1,mapval_place,nenull,size,1,inline,loud_check_reject,[ERROR]: member access '.size' on non-object {[string]: i32}??,NUL|1
c09080,F,map_str,1,mapval_place,eqnull_else,size,0,inline,loud_check_reject,[ERROR]: member access '.size' on non-object {[string]: i32}??,2|1
c09081,F,map_str,1,mapval_place,eqnull_else,size,1,inline,loud_check_reject,[ERROR]: member access '.size' on non-object {[string]: i32}??,NUL|1
c09082,F,map_str,1,mapval_place,is_t,size,0,inline,loud_check_reject,[ERROR]: member access '.size' on non-object {[string]: i32}??,2|1
c09083,F,map_str,1,mapval_place,is_t,size,1,inline,loud_check_reject,[ERROR]: member access '.size' on non-object {[string]: i32}??,NUL|1
c09084,F,map_str,1,mapval_place,match_null,size,0,inline,loud_check_reject,[ERROR]: member access '.size' on non-object {[string]: i32}??,2|1
c09085,F,map_str,1,mapval_place,match_null,size,1,inline,loud_check_reject,[ERROR]: member access '.size' on non-object {[string]: i32}??,NUL|1
c09086,F,map_str,1,mapget,nenull,size,0,inline,correct,,2|1
c09087,F,map_str,1,mapget,nenull,size,1,inline,correct,,NUL|1
c09088,F,map_str,1,mapget,eqnull_else,size,0,inline,correct,,2|1
c09089,F,map_str,1,mapget,eqnull_else,size,1,inline,correct,,NUL|1
c09090,F,map_str,1,mapget,is_t,size,0,inline,correct,,2|1
c09091,F,map_str,1,mapget,is_t,size,1,inline,correct,,NUL|1
c09092,F,map_str,1,mapget,match_null,size,0,inline,correct,,2|1
c09093,F,map_str,1,mapget,match_null,size,1,inline,correct,,NUL|1
c09094,F,map_i32,1,field_place,nenull,size,0,inline,loud_emit_reject,emitProgram: field access receiver is not a struct,2|1
c09095,F,map_i32,1,field_place,nenull,size,1,inline,loud_emit_reject,emitProgram: field access receiver is not a struct,NUL|1
c09096,F,map_i32,1,field_place,eqnull_else,size,0,inline,loud_emit_reject,emitProgram: field access receiver is not a struct,2|1
c09097,F,map_i32,1,field_place,eqnull_else,size,1,inline,loud_emit_reject,emitProgram: field access receiver is not a struct,NUL|1
c09098,F,map_i32,1,field_place,is_t,size,0,inline,loud_emit_reject,emitProgram: field access receiver is not a struct,2|1
c09099,F,map_i32,1,field_place,is_t,size,1,inline,loud_emit_reject,emitProgram: field access receiver is not a struct,NUL|1
c09100,F,map_i32,1,field_place,match_null,size,0,inline,loud_emit_reject,emitProgram: field access receiver is not a struct,2|1
c09101,F,map_i32,1,field_place,match_null,size,1,inline,loud_emit_reject,emitProgram: field access receiver is not a struct,NUL|1
c09102,F,map_i32,1,elem_place,nenull,size,0,inline,loud_check_reject,[ERROR]: member access '.size' on non-object {[i32]: string}?,2|1
c09103,F,map_i32,1,elem_place,nenull,size,1,inline,loud_check_reject,[ERROR]: member access '.size' on non-object {[i32]: string}?,NUL|1
c09104,F,map_i32,1,elem_place,eqnull_else,size,0,inline,loud_check_reject,[ERROR]: member access '.size' on non-object {[i32]: string}?,2|1
c09105,F,map_i32,1,elem_place,eqnull_else,size,1,inline,loud_check_reject,[ERROR]: member access '.size' on non-object {[i32]: string}?,NUL|1
c09106,F,map_i32,1,elem_place,is_t,size,0,inline,loud_check_reject,[ERROR]: member access '.size' on non-object {[i32]: string}?,2|1
c09107,F,map_i32,1,elem_place,is_t,size,1,inline,loud_check_reject,[ERROR]: member access '.size' on non-object {[i32]: string}?,NUL|1
c09108,F,map_i32,1,elem_place,match_null,size,0,inline,loud_check_reject,[ERROR]: member access '.size' on non-object {[i32]: string}?,2|1
c09109,F,map_i32,1,elem_place,match_null,size,1,inline,loud_check_reject,[ERROR]: member access '.size' on non-object {[i32]: string}?,NUL|1
c09110,F,map_i32,1,mapval_place,nenull,size,0,inline,loud_check_reject,[ERROR]: member access '.size' on non-object {[i32]: string}??,2|1
c09111,F,map_i32,1,mapval_place,nenull,size,1,inline,loud_check_reject,[ERROR]: member access '.size' on non-object {[i32]: string}??,NUL|1
c09112,F,map_i32,1,mapval_place,eqnull_else,size,0,inline,loud_check_reject,[ERROR]: member access '.size' on non-object {[i32]: string}??,2|1
c09113,F,map_i32,1,mapval_place,eqnull_else,size,1,inline,loud_check_reject,[ERROR]: member access '.size' on non-object {[i32]: string}??,NUL|1
c09114,F,map_i32,1,mapval_place,is_t,size,0,inline,loud_check_reject,[ERROR]: member access '.size' on non-object {[i32]: string}??,2|1
c09115,F,map_i32,1,mapval_place,is_t,size,1,inline,loud_check_reject,[ERROR]: member access '.size' on non-object {[i32]: string}??,NUL|1
c09116,F,map_i32,1,mapval_place,match_null,size,0,inline,loud_check_reject,[ERROR]: member access '.size' on non-object {[i32]: string}??,2|1
c09117,F,map_i32,1,mapval_place,match_null,size,1,inline,loud_check_reject,[ERROR]: member access '.size' on non-object {[i32]: string}??,NUL|1
c09118,F,map_i32,1,mapget,nenull,size,0,inline,loud_emit_reject,emitProgram: an i32-keyed Map/Set is supported as a binding / parameter / return / `| null` / an ARRAY ELEMENT / a closure result / a map value — not inside '{[string]:{[i32]:string}}',2|1
c09119,F,map_i32,1,mapget,nenull,size,1,inline,loud_emit_reject,emitProgram: an i32-keyed Map/Set is supported as a binding / parameter / return / `| null` / an ARRAY ELEMENT / a closure result / a map value — not inside '{[string]:{[i32]:string}}',NUL|1
c09120,F,map_i32,1,mapget,eqnull_else,size,0,inline,loud_emit_reject,emitProgram: an i32-keyed Map/Set is supported as a binding / parameter / return / `| null` / an ARRAY ELEMENT / a closure result / a map value — not inside '{[string]:{[i32]:string}}',2|1
c09121,F,map_i32,1,mapget,eqnull_else,size,1,inline,loud_emit_reject,emitProgram: an i32-keyed Map/Set is supported as a binding / parameter / return / `| null` / an ARRAY ELEMENT / a closure result / a map value — not inside '{[string]:{[i32]:string}}',NUL|1
c09122,F,map_i32,1,mapget,is_t,size,0,inline,loud_emit_reject,emitProgram: an i32-keyed Map/Set is supported as a binding / parameter / return / `| null` / an ARRAY ELEMENT / a closure result / a map value — not inside '{[string]:{[i32]:string}}',2|1
c09123,F,map_i32,1,mapget,is_t,size,1,inline,loud_emit_reject,emitProgram: an i32-keyed Map/Set is supported as a binding / parameter / return / `| null` / an ARRAY ELEMENT / a closure result / a map value — not inside '{[string]:{[i32]:string}}',NUL|1
c09124,F,map_i32,1,mapget,match_null,size,0,inline,loud_emit_reject,emitProgram: an i32-keyed Map/Set is supported as a binding / parameter / return / `| null` / an ARRAY ELEMENT / a closure result / a map value — not inside '{[string]:{[i32]:string}}',2|1
c09125,F,map_i32,1,mapget,match_null,size,1,inline,loud_emit_reject,emitProgram: an i32-keyed Map/Set is supported as a binding / parameter / return / `| null` / an ARRAY ELEMENT / a closure result / a map value — not inside '{[string]:{[i32]:string}}',NUL|1
